ST_CASE,PERSON_RECORD_COUNT
10001,1
10002,1
10003,1
10004,3
10005,4
10006,1
10007,2
10008,2
10009,3
10010,4
10011,1
10012,1
10013,4
10014,2
10015,2
10016,4
10017,2
10018,2
10019,2
10020,5
10021,2
10022,1
10023,2
10024,2
10025,1
10026,2
10027,1
10028,1
10029,6
10030,2
10031,2
10032,2
10033,1
10034,2
10035,3
10037,2
10038,3
10039,2
10040,5
10041,3
10042,3
10043,1
10044,1
10045,6
10046,2
10047,2
10048,2
10049,1
10050,4
10051,2
10052,3
10053,1
10054,2
10055,4
10056,1
10057,2
10058,1
10059,2
10060,3
10061,2
10062,2
10063,2
10064,2
10065,2
10066,2
10067,2
10068,1
10069,2
10070,2
10071,2
10072,1
10073,6
10074,5
10075,2
10076,3
10077,1
10078,1
10079,1
10080,3
10081,2
10082,2
10083,2
10084,2
10085,2
10086,3
10087,3
10088,2
10089,2
10090,3
10091,2
10092,1
10093,1
10094,5
10095,1
10096,2
10097,2
10098,2
10099,2
10100,5
10101,1
10102,2
10103,1
10104,1
10105,1
10106,3
10107,2
10108,2
10109,2
10110,1
10111,5
10112,1
10113,1
10114,2
10115,4
10116,1
10117,2
10118,2
10119,1
10120,4
10121,1
10122,2
10123,2
10124,6
10125,4
10126,2
10127,1
10128,2
10129,2
10130,3
10131,2
10132,3
10133,3
10134,2
10136,1
10137,1
10138,2
10139,3
10140,2
10141,2
10142,1
10143,2
10144,3
10145,1
10146,3
10147,3
10148,2
10149,2
10150,2
10151,2
10152,2
10153,2
10154,3
10155,4
10156,3
10157,2
10158,1
10159,2
10160,5
10161,1
10162,1
10163,2
10164,6
10165,2
10166,1
10167,3
10168,3
10169,2
10170,2
10171,6
10172,2
10173,1
10174,3
10175,1
10176,4
10177,3
10178,7
10179,2
10180,3
10181,7
10182,1
10183,1
10184,2
10185,2
10186,1
10187,1
10188,1
10189,1
10190,1
10191,5
10192,2
10193,1
10194,2
10195,3
10196,2
10197,2
10198,4
10199,7
10200,2
10201,2
10202,1
10203,2
10204,9
10205,2
10206,2
10207,4
10208,2
10209,2
10210,1
10211,2
10212,2
10213,2
10214,3
10215,1
10217,2
10218,4
10219,5
10220,1
10221,2
10222,2
10223,2
10224,1
10225,1
10226,3
10227,1
10228,1
10229,1
10230,1
10231,7
10232,2
10233,2
10234,4
10235,6
10236,2
10237,2
10238,3
10239,2
10240,1
10241,5
10242,1
10243,3
10244,2
10245,2
10246,2
10247,1
10248,2
10249,2
10250,3
10251,1
10252,1
10253,1
10254,2
10255,1
10256,3
10257,2
10258,2
10259,3
10260,1
10261,5
10262,1
10263,2
10264,2
10265,2
10266,1
10267,1
10268,1
10269,1
10270,3
10271,4
10272,5
10273,2
10274,2
10275,2
10276,1
10277,2
10278,1
10279,3
10280,2
10281,3
10282,2
10283,1
10284,4
10285,10
10286,4
10287,3
10288,2
10289,2
10290,2
10291,1
10292,1
10293,1
10294,1
10295,2
10296,4
10297,2
10298,4
10299,7
10300,1
10301,1
10302,2
10303,3
10304,7
10305,1
10306,1
10307,1
10308,3
10309,6
10310,1
10311,2
10312,1
10313,2
10314,1
10315,1
10316,4
10317,2
10318,2
10319,2
10320,2
10322,4
10323,2
10324,4
10325,6
10326,3
10327,2
10328,6
10329,1
10330,1
10331,2
10332,5
10333,1
10334,3
10335,2
10336,2
10337,3
10338,3
10339,1
10340,2
10341,2
10342,1
10343,1
10344,3
10345,2
10346,2
10347,10
10348,3
10349,1
10350,3
10351,2
10352,3
10353,1
10354,1
10355,2
10356,3
10357,1
10358,1
10359,3
10360,4
10361,2
10362,3
10363,1
10364,4
10365,1
10366,1
10367,2
10368,2
10369,1
10370,5
10371,2
10372,2
10373,4
10374,1
10375,2
10376,1
10377,1
10378,6
10379,1
10380,2
10381,4
10382,1
10383,2
10384,2
10385,2
10386,4
10387,2
10388,2
10389,3
10390,2
10391,2
10392,3
10393,2
10394,2
10395,1
10396,2
10397,1
10398,4
10399,2
10400,2
10401,2
10402,1
10403,2
10404,1
10405,6
10406,3
10407,4
10408,2
10409,1
10410,4
10411,1
10412,3
10413,2
10414,3
10415,2
10416,2
10417,4
10418,2
10419,5
10420,2
10421,1
10422,1
10423,5
10424,6
10425,2
10426,1
10427,1
10428,5
10429,9
10430,1
10431,2
10432,3
10433,1
10434,2
10435,2
10436,1
10437,3
10438,1
10439,1
10440,1
10441,2
10442,4
10443,1
10445,1
10446,3
10447,2
10448,4
10449,2
10450,2
10451,2
10452,1
10453,4
10454,3
10455,1
10456,1
10457,1
10458,2
10459,1
10460,3
10461,1
10462,3
10463,3
10464,7
10465,2
10466,2
10467,2
10468,3
10469,4
10470,1
10471,1
10472,4
10473,5
10474,1
10475,6
10476,1
10477,1
10478,1
10479,2
10480,3
10481,2
10482,4
10483,2
10484,1
10485,1
10486,1
10487,1
10488,2
10489,1
10490,2
10491,1
10492,2
10493,2
10494,3
10495,3
10496,2
10497,4
10498,2
10499,3
10500,2
10501,2
10502,3
10503,3
10504,1
10505,1
10506,1
10507,3
10508,2
10509,3
10510,4
10511,1
10512,1
10513,2
10514,3
10515,4
10516,1
10517,1
10518,1
10519,3
10520,4
10521,1
10522,1
10523,1
10524,1
10525,1
10527,1
10528,1
10529,2
10530,4
10531,1
10532,2
10533,3
10534,3
10535,1
10536,1
10537,3
10538,2
10539,1
10540,6
10541,3
10542,1
10543,1
10544,1
10545,4
10546,3
10547,2
10548,2
10549,2
10550,3
10551,1
10552,5
10553,1
10554,6
10555,2
10556,1
10557,2
10558,3
10559,4
10560,1
10561,4
10562,3
10563,2
10564,1
10565,1
10566,1
10567,2
10568,1
10569,1
10570,1
10571,2
10572,2
10573,2
10574,1
10575,1
10576,1
10577,3
10578,1
10579,1
10580,2
10581,4
10582,4
10583,5
10584,2
10585,2
10586,2
10587,2
10589,4
10590,3
10591,2
10592,1
10593,2
10594,2
10595,3
10596,4
10597,5
10598,2
10599,2
10600,1
10601,3
10602,3
10603,2
10604,2
10605,1
10606,2
10607,1
10608,1
10609,1
10610,2
10611,1
10612,2
10614,3
10615,1
10616,1
10617,1
10618,3
10619,2
10620,4
10621,3
10622,1
10623,1
10624,2
10625,1
10626,5
10627,2
10628,1
10629,3
10630,1
10631,2
10632,1
10633,2
10634,2
10635,1
10636,2
10637,2
10638,4
10639,2
10640,2
10641,2
10642,2
10643,3
10644,3
10645,1
10646,1
10647,2
10648,2
10649,1
10650,3
10651,5
10652,4
10653,2
10654,6
10655,3
10656,3
10657,2
10658,2
10659,2
10660,4
10661,2
10662,2
10663,2
10664,2
10665,2
10666,2
10667,4
10668,2
10669,1
10670,2
10671,2
10672,2
10673,1
10674,4
10675,1
10676,2
10677,2
10678,3
10679,1
10680,2
10681,2
10682,5
10683,2
10684,2
10685,3
10686,2
10687,1
10688,1
10689,3
10690,1
10691,4
10692,1
10693,2
10694,2
10695,1
10696,4
10697,4
10698,3
10699,1
10700,2
10701,2
10702,4
10703,2
10704,2
10705,2
10706,2
10708,2
10709,3
10710,4
10711,6
10712,3
10713,1
10714,6
10715,4
10716,2
10717,1
10718,2
10719,3
10720,1
10721,1
10722,2
10723,1
10724,1
10725,2
10726,2
10727,2
10728,2
10729,2
10730,3
10731,2
10732,2
10733,1
10734,2
10735,2
10736,3
10738,3
10739,4
10740,3
10741,2
10742,1
10743,2
10744,2
10745,3
10746,1
10747,2
10748,5
10749,1
10750,1
10751,1
10752,1
10753,1
10754,1
10755,1
10756,1
10757,1
10758,1
10759,3
10761,5
10762,3
10763,2
10764,3
10765,3
10766,11
10767,2
10768,4
10769,2
10770,4
10771,4
10772,1
10773,3
10774,1
10775,2
10776,3
10777,4
10778,1
10779,2
10780,1
10781,4
10782,1
10783,1
10784,1
10785,3
10786,3
10787,2
10788,1
10789,1
10790,3
10792,1
10793,2
10794,2
10795,6
10796,6
10797,1
10798,8
10799,1
10800,3
10801,2
10802,2
10803,1
10804,1
10805,2
10806,1
10807,1
10808,1
10809,2
10810,5
10811,1
10812,1
10813,2
10814,2
10815,2
10816,2
10817,2
10818,5
10819,1
10820,2
10821,1
10822,5
10823,2
10824,1
10826,4
10827,4
10828,2
10829,1
10830,5
10831,3
10832,1
10833,2
10834,4
10835,5
10836,5
10837,3
10838,4
10839,5
10840,2
10842,1
10843,1
10844,3
10845,1
10846,2
10847,1
10848,2
10849,2
10850,2
10851,8
10852,6
10853,4
10854,4
10855,1
10856,1
10857,4
10858,1
10859,3
10860,3
10861,5
10862,5
10863,2
10864,2
10865,1
10866,4
10867,1
10868,5
10869,2
10870,1
10871,2
10872,2
10873,1
10874,3
10875,2
10876,3
10877,3
10878,4
10879,4
10880,3
10881,3
10883,3
10884,2
10885,2
10886,1
10887,1
10888,5
10889,2
10890,2
10891,3
10892,1
10893,2
10894,4
10895,3
10896,3
10897,4
10898,3
10899,1
10900,4
10901,1
10902,3
10903,1
10904,2
10905,2
10906,3
10907,2
10908,6
20001,3
20002,2
20004,2
20005,2
20006,2
20007,3
20008,2
20009,3
20010,5
20011,4
20013,2
20014,1
20015,3
20016,2
20017,2
20018,1
20019,5
20020,4
20021,1
20022,3
20023,3
20024,1
20025,2
20027,4
20028,2
20029,2
20030,1
20031,2
20032,3
20033,2
20034,2
20035,3
20036,1
20037,2
20038,1
20039,1
20040,2
20041,7
20042,3
20043,5
20044,3
20045,1
20046,1
20047,2
20048,2
20049,3
20050,2
20051,3
20052,2
20053,3
20054,2
20055,2
20056,5
20060,2
20061,1
20062,2
20063,2
40001,12
40002,4
40003,1
40004,2
40005,2
40006,5
40007,2
40008,2
40009,3
40010,3
40011,2
40012,2
40013,2
40014,2
40015,7
40016,3
40018,3
40019,2
40020,2
40021,6
40022,1
40023,1
40024,10
40025,3
40026,4
40027,4
40028,3
40029,3
40030,2
40032,2
40033,4
40034,11
40035,6
40036,2
40037,4
40038,3
40039,2
40040,3
40042,2
40043,3
40044,3
40045,5
40046,1
40047,1
40048,2
40049,4
40050,3
40051,1
40052,3
40053,1
40054,2
40055,3
40056,3
40057,2
40058,5
40059,3
40060,2
40061,1
40062,2
40063,2
40064,2
40065,2
40066,5
40068,5
40069,3
40070,4
40071,7
40073,2
40074,1
40075,1
40076,3
40077,2
40078,2
40079,3
40080,1
40081,2
40082,2
40083,2
40084,2
40085,1
40086,7
40087,9
40088,4
40089,3
40090,1
40091,6
40092,3
40093,2
40094,2
40095,3
40096,2
40097,4
40098,2
40099,5
40100,1
40101,2
40102,2
40103,1
40104,4
40105,5
40106,4
40107,2
40108,3
40109,1
40110,2
40111,5
40112,2
40113,1
40114,1
40115,2
40116,5
40117,1
40118,2
40119,5
40120,2
40121,2
40122,5
40123,3
40124,5
40125,4
40126,2
40127,2
40128,5
40129,2
40130,1
40131,3
40132,2
40133,2
40134,4
40135,3
40136,4
40137,3
40138,2
40139,1
40140,4
40141,2
40142,2
40143,2
40144,3
40145,2
40146,1
40147,2
40148,1
40149,6
40150,3
40152,2
40153,1
40154,2
40155,4
40156,1
40157,6
40158,2
40159,3
40160,11
40161,2
40162,3
40163,2
40164,3
40165,3
40167,2
40168,2
40169,6
40171,1
40172,4
40174,2
40175,2
40176,2
40177,6
40178,2
40179,1
40181,6
40182,2
40183,2
40184,2
40185,2
40186,2
40187,2
40188,1
40189,1
40190,2
40191,2
40192,2
40193,3
40194,3
40195,2
40196,5
40197,3
40198,3
40199,5
40200,1
40201,3
40202,1
40203,6
40204,2
40205,1
40206,2
40207,1
40208,2
40209,4
40210,1
40211,2
40212,6
40213,2
40214,2
40215,2
40216,1
40217,3
40218,2
40219,2
40220,3
40221,1
40223,2
40224,2
40225,2
40226,3
40227,3
40228,2
40229,6
40230,2
40231,2
40232,2
40233,2
40234,2
40235,4
40236,2
40237,2
40238,2
40239,5
40240,1
40241,1
40242,2
40243,2
40244,1
40246,2
40247,1
40248,2
40249,3
40250,3
40251,1
40252,2
40253,1
40254,6
40255,7
40256,1
40257,1
40258,1
40259,7
40260,11
40261,2
40262,1
40263,4
40264,1
40265,2
40266,2
40267,2
40268,2
40269,2
40270,3
40271,2
40272,3
40273,4
40274,2
40276,3
40277,3
40278,2
40279,2
40280,4
40281,7
40282,2
40283,9
40284,1
40285,1
40286,2
40287,2
40288,2
40290,19
40291,2
40292,7
40293,2
40295,2
40296,1
40297,2
40298,1
40299,2
40300,2
40301,2
40302,2
40303,1
40304,3
40305,2
40306,1
40307,2
40308,1
40309,6
40310,3
40313,1
40314,3
40315,1
40316,2
40317,2
40318,2
40319,2
40320,1
40321,2
40322,4
40323,5
40324,2
40325,2
40326,5
40327,2
40328,3
40329,1
40330,2
40331,2
40332,1
40333,2
40334,1
40335,2
40336,2
40337,4
40338,2
40339,1
40340,5
40341,2
40342,3
40343,4
40344,3
40345,2
40346,3
40347,2
40348,6
40349,2
40350,3
40351,8
40352,2
40353,3
40354,3
40355,1
40356,1
40357,2
40358,2
40359,3
40360,2
40361,2
40362,3
40363,4
40364,2
40365,2
40366,2
40367,4
40368,8
40369,2
40370,2
40371,1
40372,5
40373,2
40374,2
40375,1
40376,2
40377,1
40378,2
40379,6
40380,4
40381,3
40382,1
40383,5
40384,4
40385,1
40386,1
40387,2
40388,2
40389,2
40390,3
40391,2
40392,1
40393,2
40394,2
40395,5
40396,3
40397,2
40398,2
40399,2
40400,2
40401,2
40402,4
40403,2
40404,2
40405,2
40406,3
40407,6
40408,2
40409,2
40410,3
40411,2
40412,1
40413,1
40414,4
40415,2
40416,5
40417,2
40418,2
40419,2
40420,2
40421,3
40422,2
40423,5
40424,3
40425,3
40426,2
40427,1
40428,4
40429,2
40430,5
40431,2
40432,2
40433,4
40434,2
40435,2
40436,3
40437,2
40438,2
40439,1
40440,7
40441,3
40442,2
40443,4
40444,5
40445,2
40446,2
40447,1
40448,2
40449,2
40450,1
40451,1
40452,4
40453,2
40454,2
40455,5
40456,3
40457,1
40458,3
40459,2
40460,2
40461,2
40462,1
40463,2
40464,5
40465,4
40466,1
40467,3
40468,2
40469,2
40470,3
40472,2
40473,2
40474,2
40475,3
40476,3
40477,5
40478,3
40479,2
40480,5
40481,6
40482,1
40483,4
40484,3
40485,1
40486,5
40487,3
40488,2
40489,2
40490,1
40491,1
40492,2
40493,2
40494,4
40495,5
40496,3
40497,1
40498,1
40499,2
40500,3
40501,3
40502,6
40503,2
40504,5
40505,1
40506,1
40507,1
40508,3
40509,2
40510,2
40511,2
40512,12
40513,2
40514,2
40516,4
40517,1
40518,5
40519,1
40520,2
40521,2
40522,2
40523,2
40524,2
40525,5
40526,3
40527,2
40528,3
40529,2
40530,2
40531,3
40532,1
40533,7
40534,1
40535,4
40536,2
40537,3
40538,4
40539,1
40540,4
40541,1
40542,1
40543,1
40544,4
40545,3
40546,5
40547,1
40548,3
40549,3
40550,3
40551,4
40552,3
40553,2
40554,1
40555,4
40556,2
40557,1
40558,2
40559,2
40560,3
40561,3
40562,2
40563,2
40564,4
40565,5
40566,7
40567,3
40568,2
40569,2
40570,1
40572,2
40573,3
40574,3
40575,1
40576,2
40577,1
40578,2
40579,2
40580,4
40581,3
40582,3
40584,2
40585,2
40586,2
40587,1
40588,1
40589,1
40590,2
40591,2
40592,1
40593,4
40594,5
40595,1
40596,4
40597,2
40598,3
40599,6
40600,3
40601,8
40602,1
40603,2
40604,4
40606,2
40607,3
40608,2
40609,2
40610,4
40611,3
40612,4
40613,3
40614,2
40615,4
40616,2
40617,1
40618,2
40619,2
40620,4
40621,3
40623,2
40624,7
40625,2
40626,5
40627,4
40628,3
40629,2
40630,3
40631,2
40632,1
40633,7
40634,2
40635,2
40636,4
40637,5
40638,2
40639,6
40640,2
40641,3
40642,4
40643,3
40644,1
40645,2
40646,1
40647,2
40648,4
40649,3
40650,3
40651,3
40652,2
40653,2
40654,6
40655,2
40656,2
40657,2
40658,2
40659,3
40660,2
40661,5
40662,2
40664,2
40665,7
40666,5
40668,4
40669,3
40670,4
40671,3
40672,1
40673,6
40674,2
40675,2
40676,1
40677,2
40678,2
40679,1
40680,2
40681,2
40682,3
40683,2
40684,2
40685,3
40686,2
40687,1
40688,2
40689,3
40690,2
40692,4
40693,2
40694,5
40695,2
40696,3
40697,3
40698,3
40699,2
40700,2
40702,4
40703,2
40704,2
40705,3
40706,3
40707,2
40708,5
40709,2
40710,3
40711,4
40712,3
40713,4
40714,2
40715,2
40717,2
40718,4
40719,3
40720,6
40722,1
40723,1
40724,2
40725,3
40726,3
40727,3
40728,1
40729,5
40731,1
40732,3
40733,2
40734,6
40735,1
40736,1
40737,2
40738,5
40739,1
40740,3
40741,2
40742,7
40743,2
40744,9
40746,3
40747,2
40748,9
40749,3
40750,1
40751,3
40752,2
40753,2
40754,2
40755,3
40756,1
40757,4
40758,2
40759,1
40761,5
40762,4
40763,2
40764,3
40765,2
40766,1
40767,2
40768,2
40769,3
40770,2
40771,5
40772,1
40773,1
40774,1
40775,2
40776,4
40777,3
40778,2
40779,2
40780,1
40781,1
40782,2
40783,2
40784,1
40785,3
40786,2
40788,2
40789,1
40790,2
40791,3
40792,1
40793,2
40794,7
40795,2
40796,5
40797,3
40798,1
40799,6
40800,4
40801,2
40802,3
40803,2
40804,6
40805,5
40806,1
40807,2
40808,2
40809,3
40810,2
40811,8
40812,2
40813,3
40814,2
40815,1
40816,4
40817,5
40818,2
40819,1
40820,3
40821,3
40822,5
40823,2
40824,2
40825,2
40826,1
40827,2
40828,9
40829,3
40830,2
40832,2
40833,5
40834,2
40835,2
40836,3
40837,3
40838,3
40840,1
40841,6
40842,4
40843,2
40844,4
40845,5
40846,2
40847,3
40848,3
40849,2
40850,4
40851,2
40852,1
40853,1
40854,3
40856,4
40857,2
40858,4
40859,1
40860,2
40861,1
40862,4
40864,3
40865,3
40866,1
40867,4
40868,1
40869,2
40870,2
40871,5
40872,3
40873,2
40874,3
40875,2
40876,3
40877,1
40878,2
40879,2
40880,6
40881,2
40882,4
40883,2
40884,2
40885,1
40886,5
40887,2
40888,1
40889,3
40890,3
40891,2
40892,3
40893,2
40894,2
40895,2
40896,2
40897,4
40898,2
40899,2
40900,3
40901,1
40902,2
40903,3
40904,2
40905,2
40906,2
40907,3
40908,2
40909,2
40910,4
40911,1
40912,7
40913,2
40914,2
40915,2
40916,1
40917,2
40918,2
40919,3
40920,2
40921,5
40922,1
40923,3
40924,2
40925,4
40926,2
40927,1
40928,2
40929,1
40931,2
40932,1
40933,2
40934,3
40935,2
40937,2
40938,2
40939,2
40940,2
40941,2
40942,2
40943,2
40944,3
40945,2
40946,2
40947,5
40948,1
40949,2
40950,4
40951,1
40952,2
40953,2
40954,4
40955,1
40956,2
40957,1
40958,1
40959,3
40960,1
40961,8
40962,3
40963,1
40964,2
40965,5
40968,7
40969,1
40970,2
40971,1
40973,5
40974,2
40975,2
40977,1
40978,2
40979,5
40980,2
40981,2
40982,1
40983,1
40984,2
40985,1
40986,2
40987,1
40988,4
40989,2
40990,2
40991,5
40992,1
40993,1
40994,3
40995,2
40996,3
40997,12
40998,2
40999,3
41000,4
41001,3
41002,1
41003,2
41004,1
41005,1
41006,2
41007,2
41008,2
41009,2
41010,2
41011,5
41012,4
41013,1
41014,4
41015,3
41017,4
41018,2
41019,3
41020,1
41021,2
41022,2
41023,1
41024,2
41025,2
41026,2
41027,2
41028,2
41029,3
41030,3
41031,1
41032,2
41033,2
41034,5
41035,2
41036,9
41037,7
41039,2
41040,5
41042,3
41043,4
41044,3
41045,2
41046,2
41047,4
41048,2
41049,4
41050,3
41051,4
41052,2
41053,2
41054,2
41056,2
41057,1
41058,3
41059,1
41060,4
41061,3
41062,7
41063,2
41064,1
41065,2
41066,3
41067,2
41068,2
41069,3
41070,5
41071,3
41072,1
41073,4
41074,3
41075,2
41076,4
41077,2
41078,3
41079,2
41080,2
41081,4
41082,2
41083,2
41084,2
41085,1
41086,2
41087,3
41088,2
41090,2
41091,2
41092,1
41093,2
41094,2
41095,2
41096,6
41097,2
41098,5
41099,3
41100,2
41101,2
41102,2
41103,2
41104,2
41105,2
41106,2
41107,3
41108,2
41109,2
41110,3
41111,1
41112,2
41113,1
41114,3
41115,2
41117,2
41118,1
41119,2
41120,2
41121,2
41122,3
41123,2
41124,2
41125,2
41126,2
41127,2
41128,5
41129,2
41130,2
41131,2
41132,2
41133,2
41134,2
41135,2
41136,1
41137,2
41138,1
41139,2
41140,2
41141,3
41142,1
41143,2
41144,2
41145,2
41146,2
41147,1
41148,2
41149,2
41150,1
41151,2
41152,2
41153,1
41154,2
41155,2
41156,8
41157,2
41158,2
41159,2
41160,2
41161,1
41162,1
41163,1
41164,2
41165,4
41166,3
41167,3
41168,2
41169,1
41170,2
41171,5
41172,2
41173,2
41174,3
41175,1
41176,2
41177,3
41178,2
41179,1
41180,1
41181,2
41182,2
41183,3
41184,3
41185,1
41186,2
41187,2
41188,5
41189,2
41190,3
41191,3
41192,2
41193,1
41194,1
41195,2
41196,1
41197,2
41198,1
41199,4
41200,2
41201,2
41202,5
41203,2
41204,4
41205,2
41206,3
41207,7
41208,4
41209,5
41210,7
41211,2
41212,3
41213,3
41214,2
41215,1
41216,2
41217,2
41218,2
41219,2
41220,1
41221,5
41222,1
41224,2
41225,2
41226,4
41227,1
41228,2
41229,2
41230,1
41231,2
41232,1
41233,3
41234,3
41235,2
41236,3
41237,2
41238,3
41241,2
41243,4
41244,1
41245,2
41246,2
41247,4
41248,3
41249,4
41250,2
41251,6
50001,3
50002,1
50003,3
50004,3
50005,3
50006,4
50007,2
50008,3
50009,2
50010,1
50011,2
50012,2
50013,1
50014,5
50015,1
50016,2
50017,3
50018,5
50019,1
50020,1
50021,5
50022,2
50023,1
50024,1
50025,2
50026,1
50027,1
50028,1
50029,2
50030,2
50031,3
50032,1
50033,1
50034,2
50035,4
50036,1
50037,1
50038,2
50039,1
50040,1
50041,7
50042,1
50043,2
50044,2
50045,3
50047,1
50048,1
50049,5
50050,2
50051,2
50052,1
50053,1
50054,1
50055,2
50056,2
50058,4
50059,2
50060,1
50061,2
50062,1
50063,4
50064,1
50065,3
50066,2
50067,1
50068,3
50070,2
50071,3
50072,1
50073,3
50074,1
50075,3
50076,1
50077,2
50078,3
50079,4
50080,1
50081,1
50082,4
50083,2
50084,2
50085,5
50086,3
50087,2
50088,1
50089,2
50090,1
50091,7
50092,3
50093,1
50094,2
50095,4
50096,2
50097,1
50098,1
50099,4
50100,2
50101,2
50102,2
50103,1
50104,3
50105,4
50106,6
50108,3
50109,2
50110,2
50111,2
50112,2
50113,2
50114,4
50115,2
50116,4
50117,2
50118,2
50119,3
50120,2
50121,1
50122,1
50123,3
50124,1
50125,5
50126,1
50127,1
50128,1
50129,2
50130,2
50131,2
50133,3
50134,1
50135,2
50136,1
50137,1
50138,2
50139,3
50140,3
50141,2
50142,1
50143,2
50144,1
50145,1
50146,2
50147,3
50148,1
50149,3
50150,1
50151,1
50152,3
50153,2
50154,2
50155,6
50156,2
50157,2
50158,1
50159,3
50161,2
50162,6
50163,2
50164,3
50165,2
50166,1
50167,2
50168,1
50169,3
50170,1
50171,2
50172,1
50173,4
50174,5
50175,2
50176,3
50177,2
50178,4
50179,2
50180,2
50181,1
50182,1
50183,3
50184,1
50185,2
50186,2
50187,2
50188,1
50189,1
50190,1
50191,6
50192,1
50193,2
50194,3
50195,1
50196,1
50197,2
50198,2
50199,2
50200,2
50201,2
50202,3
50203,1
50204,1
50205,1
50206,3
50207,6
50208,1
50209,5
50210,3
50211,2
50212,2
50213,3
50214,2
50215,4
50217,5
50218,2
50219,2
50220,6
50221,3
50222,2
50223,1
50224,2
50225,2
50226,2
50227,2
50228,4
50229,4
50230,2
50231,1
50232,3
50233,2
50234,6
50235,1
50236,2
50237,1
50238,3
50239,2
50240,2
50241,2
50242,2
50243,3
50244,3
50245,3
50246,7
50247,1
50248,4
50249,3
50250,4
50251,3
50252,2
50253,2
50254,5
50255,1
50256,1
50257,3
50258,1
50259,1
50260,2
50261,1
50262,4
50263,2
50264,1
50265,2
50266,3
50267,1
50268,1
50269,4
50270,2
50271,6
50272,2
50273,1
50274,2
50275,2
50276,1
50277,3
50278,4
50279,3
50280,3
50281,3
50282,3
50283,1
50284,3
50285,3
50286,1
50287,1
50288,1
50289,1
50290,2
50291,2
50292,3
50293,1
50294,1
50295,2
50296,3
50297,2
50298,3
50299,1
50300,2
50301,2
50302,1
50303,1
50304,2
50305,1
50306,5
50307,1
50308,3
50309,3
50310,2
50311,3
50312,2
50313,2
50314,2
50315,1
50316,3
50317,3
50318,2
50319,4
50320,2
50321,3
50322,1
50323,3
50324,2
50325,1
50326,3
50327,1
50328,2
50329,2
50330,3
50331,1
50332,3
50333,1
50334,1
50335,3
50336,2
50337,1
50338,3
50339,5
50340,3
50341,3
50342,2
50344,2
50345,2
50346,1
50347,1
50348,6
50349,2
50350,1
50352,2
50353,3
50354,1
50355,1
50356,4
50357,2
50358,2
50359,6
50360,2
50361,3
50362,11
50363,2
50364,4
50365,3
50366,1
50367,1
50368,2
50369,1
50370,1
50371,6
50372,2
50373,1
50374,1
50375,1
50376,2
50377,4
50378,3
50379,3
50380,5
50381,1
50382,2
50383,1
50384,1
50385,5
50386,1
50387,3
50388,2
50389,2
50390,1
50391,1
50392,1
50393,5
50394,1
50395,2
50396,4
50397,2
50398,2
50399,5
50400,2
50401,1
50402,3
50403,3
50404,1
50405,3
50406,1
50407,3
50408,2
50409,3
50410,1
50412,1
50413,2
50414,3
50415,2
50416,6
50417,4
50418,1
50419,2
50420,1
50421,3
50422,1
50423,2
50424,3
50425,1
50426,6
50427,2
50428,2
50429,1
50430,1
50431,2
50432,2
50433,5
50434,2
50435,1
50436,5
50437,3
50438,2
50439,1
50440,2
50441,1
50442,2
50443,1
50444,1
50445,1
50446,1
50447,3
50448,3
50449,1
50450,1
50451,2
50452,2
50453,2
50454,2
50455,1
50456,2
50457,1
50458,4
50459,2
50460,1
50461,2
50462,2
50463,1
50464,3
50465,1
50466,3
50467,2
50468,2
50469,21
50470,2
50471,2
50472,1
50473,2
50474,3
50475,2
50476,2
50477,1
50478,3
50479,2
50480,5
50481,5
50482,3
50483,3
50484,1
50485,2
50486,1
50489,3
50490,4
50491,1
50492,3
50493,1
50494,1
50495,3
50496,1
50497,6
50498,4
50499,3
50500,3
50501,1
50502,3
50503,1
50505,2
50506,2
50507,1
50508,3
50509,3
50510,2
50511,3
50512,4
50513,3
50514,1
50515,4
50516,3
50517,3
50518,1
50519,2
50520,2
50521,2
50522,1
50523,3
50524,2
50526,1
50527,1
50528,2
50529,2
50530,1
50531,2
50532,4
50533,3
50534,6
50535,3
50536,2
50537,1
50538,4
50539,3
50540,1
50541,8
50542,3
50543,5
50544,2
50545,4
50546,2
50547,1
50548,3
50549,2
50550,5
50551,3
50553,2
50554,3
50555,2
50556,4
50557,2
60001,2
60002,1
60003,1
60004,2
60005,2
60006,2
60007,2
60008,2
60009,1
60010,2
60011,1
60012,2
60013,3
60014,3
60015,3
60016,2
60017,3
60018,1
60019,4
60020,1
60021,3
60022,1
60023,2
60024,1
60025,2
60026,2
60027,4
60028,1
60029,3
60030,4
60031,1
60032,3
60033,1
60034,2
60035,2
60036,2
60037,3
60038,4
60039,4
60040,2
60041,2
60042,2
60043,6
60044,1
60045,1
60046,2
60047,2
60048,2
60049,2
60050,2
60051,2
60052,1
60053,1
60054,3
60055,2
60057,1
60058,2
60059,1
60060,2
60061,2
60062,5
60063,3
60064,2
60065,2
60066,2
60067,2
60068,4
60069,1
60070,2
60071,2
60072,2
60073,2
60074,2
60075,2
60076,1
60077,2
60078,3
60079,1
60080,2
60081,4
60082,2
60083,2
60084,4
60085,3
60086,1
60087,2
60088,1
60089,4
60090,2
60091,2
60092,4
60093,2
60094,6
60095,3
60096,3
60097,2
60098,1
60099,2
60100,2
60101,1
60102,1
60103,3
60104,1
60105,2
60106,2
60107,4
60108,2
60109,5
60110,2
60111,3
60112,3
60113,2
60114,2
60115,2
60116,3
60117,2
60118,3
60119,3
60120,4
60121,5
60122,2
60123,4
60125,2
60126,2
60127,3
60128,2
60129,10
60130,1
60131,2
60132,2
60133,1
60134,2
60135,4
60136,2
60137,4
60138,1
60139,7
60140,2
60141,4
60142,5
60143,3
60144,4
60145,2
60146,1
60147,2
60148,2
60149,2
60150,2
60151,2
60152,2
60153,1
60154,2
60155,2
60156,1
60157,3
60158,2
60159,1
60160,5
60161,1
60162,2
60163,2
60164,2
60165,1
60166,1
60167,12
60168,1
60169,1
60170,1
60171,2
60172,1
60173,1
60174,2
60175,1
60176,2
60177,3
60178,1
60179,3
60180,1
60181,3
60182,2
60183,2
60184,4
60185,2
60186,4
60187,2
60188,2
60189,2
60191,3
60193,2
60194,2
60195,3
60196,1
60197,7
60198,1
60199,7
60200,2
60201,2
60202,2
60203,2
60204,4
60205,2
60206,2
60207,2
60208,6
60209,2
60210,3
60211,1
60212,3
60213,4
60214,2
60215,1
60216,4
60217,2
60218,3
60219,1
60220,7
60221,4
60222,4
60224,3
60225,2
60226,3
60227,2
60228,1
60229,2
60230,9
60231,4
60232,2
60233,3
60234,2
60235,8
60236,2
60237,2
60238,1
60239,2
60240,4
60241,1
60242,2
60243,2
60244,2
60245,1
60246,2
60247,2
60248,1
60249,2
60250,1
60251,6
60252,1
60253,2
60254,3
60255,3
60256,1
60257,1
60258,2
60259,1
60260,2
60261,7
60262,2
60263,4
60264,2
60265,4
60266,1
60267,7
60268,1
60269,3
60270,1
60271,3
60272,6
60273,2
60274,4
60275,2
60276,2
60277,4
60278,1
60279,1
60280,4
60281,2
60282,1
60283,1
60284,6
60285,1
60286,1
60287,1
60288,1
60289,6
60290,1
60291,2
60292,2
60293,4
60294,2
60295,3
60296,2
60297,2
60298,2
60299,1
60300,1
60301,2
60302,2
60303,1
60304,1
60305,1
60306,1
60307,2
60308,2
60309,1
60310,4
60311,1
60312,4
60313,2
60314,2
60315,2
60316,2
60317,3
60318,2
60319,1
60320,2
60321,11
60322,1
60323,2
60324,1
60325,3
60326,2
60327,1
60328,1
60329,5
60330,2
60331,1
60332,2
60333,2
60334,2
60335,1
60336,2
60337,2
60338,1
60339,1
60340,2
60341,4
60342,1
60343,3
60344,2
60345,2
60346,7
60347,2
60348,2
60349,1
60350,1
60351,2
60352,1
60353,2
60354,1
60355,1
60356,2
60357,5
60358,2
60359,3
60360,3
60361,2
60362,2
60363,1
60364,4
60365,1
60366,1
60367,3
60368,2
60369,1
60370,3
60371,2
60372,2
60373,3
60374,2
60375,1
60376,2
60377,2
60378,3
60380,4
60381,1
60382,3
60383,3
60384,9
60385,1
60386,1
60387,1
60388,5
60389,2
60390,2
60391,2
60392,3
60393,2
60394,2
60395,2
60396,5
60397,1
60398,2
60399,2
60400,4
60401,2
60402,4
60403,3
60404,4
60405,2
60406,3
60407,3
60408,2
60410,3
60411,4
60412,3
60413,3
60414,2
60415,2
60416,1
60417,4
60418,2
60419,2
60420,2
60421,1
60423,2
60424,1
60425,3
60426,1
60427,1
60428,1
60429,3
60430,6
60431,1
60432,2
60433,2
60434,1
60435,2
60436,2
60437,2
60438,2
60439,1
60440,1
60441,1
60442,2
60443,3
60444,7
60445,7
60446,2
60447,2
60448,3
60449,2
60450,4
60451,3
60452,2
60453,1
60454,2
60455,2
60456,2
60457,1
60458,5
60459,3
60460,1
60461,6
60462,2
60463,4
60464,2
60465,1
60466,2
60467,2
60468,1
60469,3
60470,2
60471,4
60472,3
60473,4
60474,2
60475,2
60476,1
60477,2
60478,2
60479,2
60480,2
60481,1
60482,3
60483,2
60484,3
60485,3
60486,1
60487,1
60488,1
60489,1
60490,3
60491,3
60492,1
60493,3
60494,4
60495,3
60496,3
60497,4
60498,4
60499,3
60500,2
60501,1
60502,1
60503,5
60504,2
60505,4
60506,4
60507,2
60508,3
60509,1
60510,1
60511,2
60512,1
60513,1
60514,2
60515,2
60516,2
60517,5
60518,2
60519,6
60520,1
60521,5
60522,3
60523,6
60524,3
60525,1
60527,3
60528,1
60529,2
60530,2
60531,6
60532,4
60533,2
60534,2
60535,2
60536,4
60537,5
60538,1
60539,1
60540,3
60541,2
60542,2
60543,1
60544,2
60545,2
60546,2
60547,1
60548,2
60549,1
60550,4
60551,3
60552,2
60553,3
60554,1
60555,2
60556,4
60557,5
60558,11
60559,1
60560,1
60561,2
60562,2
60563,2
60564,1
60565,4
60566,2
60567,1
60568,3
60569,4
60570,5
60571,5
60572,3
60573,2
60574,1
60575,2
60577,3
60578,2
60579,2
60580,2
60581,1
60582,2
60583,1
60584,3
60585,2
60586,1
60587,1
60588,4
60589,9
60590,4
60591,4
60592,2
60593,1
60594,2
60595,6
60596,4
60597,1
60598,3
60599,1
60600,1
60601,4
60602,2
60603,1
60604,1
60605,2
60606,2
60607,6
60608,3
60609,2
60610,2
60611,3
60612,1
60613,15
60614,2
60615,1
60616,2
60617,2
60618,3
60619,1
60620,4
60621,3
60623,2
60624,1
60625,2
60626,3
60627,4
60628,1
60629,2
60630,5
60631,4
60632,1
60633,2
60634,2
60635,3
60636,3
60637,1
60638,1
60639,3
60640,3
60641,6
60642,2
60643,2
60644,2
60645,4
60646,2
60647,2
60648,2
60649,2
60650,5
60651,1
60652,2
60653,2
60654,1
60655,1
60656,2
60657,2
60658,1
60659,2
60660,2
60661,1
60663,2
60664,2
60665,2
60666,1
60667,1
60668,2
60669,6
60670,1
60671,1
60672,1
60673,3
60674,5
60675,3
60676,1
60677,1
60678,1
60679,2
60680,4
60681,3
60682,2
60683,2
60684,2
60685,3
60686,4
60687,1
60688,5
60689,2
60690,1
60691,1
60692,2
60693,1
60694,2
60695,2
60697,10
60698,1
60699,2
60700,1
60701,2
60702,3
60703,1
60704,1
60705,3
60706,1
60707,2
60708,4
60709,4
60710,1
60711,1
60712,3
60713,5
60714,2
60715,1
60716,2
60717,2
60718,3
60720,1
60721,1
60722,2
60723,2
60725,2
60726,2
60727,1
60728,1
60729,1
60730,2
60731,2
60732,2
60733,1
60734,4
60735,4
60736,1
60737,4
60738,1
60739,4
60740,7
60741,1
60742,2
60743,2
60744,4
60745,2
60747,1
60748,1
60749,2
60750,7
60751,2
60752,2
60753,2
60754,2
60755,2
60756,1
60757,1
60758,1
60759,1
60760,1
60761,1
60762,3
60763,2
60764,1
60765,3
60766,2
60767,2
60768,2
60770,1
60771,2
60772,3
60773,1
60774,1
60775,2
60776,1
60777,4
60778,3
60779,2
60780,1
60781,5
60782,2
60783,1
60784,4
60785,2
60786,2
60787,1
60788,2
60789,2
60790,2
60791,6
60792,5
60793,2
60794,2
60795,2
60796,4
60797,2
60798,5
60799,3
60800,2
60801,3
60802,1
60803,4
60804,3
60805,2
60806,1
60807,2
60809,3
60810,2
60811,3
60812,4
60813,2
60814,1
60815,2
60816,2
60817,3
60818,2
60819,2
60820,1
60821,1
60822,2
60823,1
60824,1
60825,1
60826,1
60827,2
60828,3
60829,3
60830,2
60831,2
60832,3
60833,1
60834,2
60835,2
60836,3
60837,2
60838,2
60839,3
60840,3
60841,1
60842,2
60843,2
60844,1
60845,2
60846,2
60847,2
60848,2
60849,2
60850,3
60851,3
60852,3
60853,3
60854,2
60855,1
60856,1
60858,1
60859,1
60860,13
60861,4
60862,2
60863,2
60864,2
60865,2
60866,2
60867,2
60868,3
60869,1
60870,2
60871,3
60872,4
60873,2
60874,1
60875,1
60876,3
60877,2
60878,3
60879,2
60880,1
60881,4
60882,2
60883,4
60884,1
60885,4
60886,5
60887,1
60888,3
60889,2
60890,2
60891,2
60892,3
60893,2
60894,2
60895,2
60896,2
60897,4
60898,2
60899,1
60900,2
60901,1
60902,6
60903,3
60904,5
60905,2
60906,2
60907,3
60908,2
60909,2
60910,2
60911,2
60912,4
60913,7
60914,2
60915,3
60916,1
60917,2
60918,2
60919,5
60920,2
60921,2
60922,2
60923,6
60924,6
60925,3
60927,3
60928,1
60929,3
60930,2
60931,3
60932,3
60933,2
60934,7
60935,2
60936,1
60937,2
60938,1
60939,2
60940,2
60942,1
60943,4
60944,3
60945,2
60946,2
60947,2
60948,2
60949,2
60950,3
60951,2
60952,3
60953,2
60954,1
60955,3
60956,1
60957,3
60958,1
60959,1
60960,8
60961,2
60962,2
60963,4
60964,2
60965,3
60967,5
60968,1
60969,3
60970,2
60971,2
60972,2
60973,2
60974,2
60975,2
60977,2
60978,2
60979,2
60980,6
60981,5
60982,2
60983,2
60984,3
60985,1
60986,2
60987,5
60988,2
60989,2
60990,2
60991,7
60992,3
60993,4
60994,2
60995,2
60996,1
60997,2
60998,2
60999,2
61000,2
61001,2
61003,2
61004,4
61005,2
61006,2
61007,2
61008,2
61009,2
61010,2
61011,1
61012,2
61013,3
61014,2
61016,2
61017,2
61018,3
61019,7
61020,2
61021,3
61022,2
61023,1
61024,2
61025,1
61026,5
61027,1
61028,1
61029,1
61030,2
61031,1
61032,2
61033,2
61034,1
61035,7
61036,3
61037,5
61038,8
61039,3
61040,1
61041,3
61042,2
61043,6
61044,2
61045,2
61046,2
61047,8
61048,3
61050,2
61051,3
61052,2
61053,2
61054,2
61055,2
61056,1
61057,3
61058,1
61059,2
61060,3
61061,2
61062,2
61063,2
61064,2
61065,4
61066,3
61067,6
61068,2
61069,5
61070,5
61071,1
61072,2
61073,2
61074,2
61075,2
61076,3
61077,2
61078,3
61079,2
61080,3
61081,2
61082,2
61083,2
61084,1
61085,2
61086,5
61087,1
61089,2
61090,3
61091,2
61092,1
61093,2
61094,2
61095,1
61096,3
61097,2
61098,2
61099,2
61100,5
61101,5
61102,2
61103,4
61104,2
61105,4
61106,2
61107,1
61108,2
61109,3
61110,9
61111,2
61112,1
61113,2
61114,2
61115,3
61116,4
61117,1
61118,3
61119,3
61120,9
61121,3
61122,4
61123,2
61124,1
61125,2
61126,2
61127,2
61128,4
61130,2
61131,1
61132,1
61133,2
61134,2
61135,3
61136,2
61137,4
61138,1
61139,2
61140,2
61141,2
61142,1
61143,2
61144,1
61145,2
61146,1
61147,2
61148,4
61149,14
61150,1
61151,1
61152,3
61153,3
61154,1
61155,1
61156,6
61157,3
61158,1
61159,2
61160,1
61161,2
61162,3
61163,2
61164,2
61165,1
61166,2
61167,1
61168,4
61169,2
61170,1
61171,4
61172,1
61173,1
61174,2
61175,1
61176,2
61177,2
61178,1
61179,2
61180,4
61181,2
61182,3
61183,3
61184,2
61185,2
61186,3
61187,2
61188,2
61189,2
61190,2
61191,3
61192,2
61193,2
61194,2
61195,2
61196,3
61197,3
61198,3
61199,2
61200,1
61201,3
61202,2
61203,2
61204,2
61205,2
61206,2
61207,2
61208,2
61209,5
61210,1
61211,2
61212,3
61213,2
61214,1
61215,2
61216,2
61217,3
61218,2
61219,1
61220,3
61221,3
61222,1
61223,2
61224,2
61225,2
61226,2
61227,2
61228,2
61229,1
61230,4
61231,2
61232,6
61233,2
61234,4
61235,3
61237,2
61238,2
61239,3
61240,2
61241,3
61242,2
61243,4
61244,3
61245,4
61246,5
61247,2
61248,3
61249,4
61250,2
61251,5
61252,2
61253,2
61254,3
61255,1
61256,2
61257,3
61258,1
61259,1
61260,4
61261,2
61262,2
61263,3
61264,1
61265,3
61266,2
61267,4
61268,5
61269,2
61270,3
61271,2
61272,3
61273,2
61274,2
61275,3
61276,1
61277,4
61278,3
61279,2
61280,1
61281,2
61282,1
61283,2
61284,2
61285,1
61286,1
61287,2
61288,1
61289,2
61290,6
61291,2
61292,2
61293,3
61294,2
61295,2
61296,2
61297,2
61298,5
61299,3
61300,2
61301,5
61302,1
61303,5
61304,3
61305,1
61306,3
61307,2
61308,2
61309,3
61310,3
61311,2
61312,3
61313,2
61314,2
61315,2
61316,3
61317,2
61318,1
61319,2
61320,4
61321,2
61322,2
61323,2
61324,2
61325,2
61326,14
61327,2
61328,1
61329,2
61330,2
61331,2
61332,1
61333,2
61334,4
61335,2
61336,2
61337,2
61338,3
61339,3
61340,3
61341,2
61342,2
61343,2
61344,3
61345,9
61346,2
61347,2
61348,3
61349,2
61350,2
61351,2
61352,3
61353,2
61354,2
61355,5
61356,2
61357,2
61358,1
61359,2
61360,1
61361,3
61362,1
61363,2
61364,1
61365,5
61366,2
61367,1
61368,4
61369,1
61370,2
61371,4
61372,2
61373,2
61374,5
61375,1
61376,4
61377,2
61378,1
61379,4
61380,4
61381,2
61382,1
61383,1
61384,2
61385,8
61386,3
61387,2
61388,3
61389,11
61390,1
61391,2
61392,1
61393,4
61394,3
61395,2
61396,2
61397,2
61398,3
61399,2
61400,3
61401,1
61402,2
61403,2
61404,6
61405,1
61406,3
61407,3
61408,2
61409,5
61410,2
61411,5
61412,2
61413,2
61414,4
61415,5
61416,2
61417,5
61418,3
61419,2
61420,1
61421,2
61422,2
61423,2
61424,4
61425,3
61426,1
61427,4
61428,2
61429,1
61430,4
61431,1
61432,5
61433,1
61434,2
61435,2
61436,3
61437,3
61438,3
61439,2
61440,3
61441,3
61442,2
61443,5
61444,2
61445,2
61446,3
61447,3
61448,2
61449,2
61450,3
61451,2
61452,2
61453,11
61454,2
61455,4
61456,2
61457,2
61458,2
61459,2
61460,1
61461,2
61462,1
61464,2
61465,3
61466,5
61467,1
61468,1
61469,2
61470,2
61471,5
61472,7
61473,6
61474,2
61475,1
61476,3
61477,1
61478,6
61479,3
61480,2
61482,4
61483,1
61484,2
61485,2
61486,2
61487,2
61488,2
61489,2
61490,2
61491,2
61492,1
61493,4
61494,3
61495,3
61496,2
61497,1
61498,2
61499,1
61500,1
61501,4
61502,2
61503,2
61504,3
61505,2
61506,2
61507,6
61508,2
61510,1
61511,2
61512,1
61513,2
61514,2
61515,2
61516,2
61517,2
61518,3
61519,3
61520,6
61521,1
61522,2
61523,3
61524,1
61525,2
61526,1
61527,3
61528,5
61529,2
61530,4
61531,6
61532,2
61533,2
61534,1
61535,2
61536,2
61537,1
61538,2
61539,1
61540,4
61541,1
61542,2
61543,1
61544,1
61545,2
61546,2
61547,3
61548,1
61549,3
61550,2
61551,2
61552,2
61553,2
61554,3
61555,2
61556,2
61558,4
61559,2
61560,7
61561,4
61562,1
61563,3
61564,1
61565,4
61566,2
61567,2
61568,3
61569,5
61570,3
61571,2
61572,2
61573,3
61574,1
61575,3
61576,2
61577,2
61578,2
61579,2
61580,2
61581,2
61582,5
61583,5
61584,4
61585,2
61586,5
61587,3
61588,5
61589,1
61590,3
61591,2
61592,2
61593,6
61594,5
61595,1
61596,2
61597,2
61598,5
61599,3
61600,2
61601,3
61602,3
61603,9
61604,3
61605,5
61606,3
61607,2
61608,3
61609,2
61610,1
61611,4
61612,2
61613,1
61614,1
61615,2
61616,7
61617,1
61618,2
61619,2
61620,1
61621,2
61622,6
61623,4
61624,3
61625,3
61626,2
61627,2
61628,2
61629,1
61630,2
61631,2
61632,3
61633,3
61634,5
61635,1
61636,3
61637,1
61638,9
61639,2
61640,2
61641,1
61642,2
61643,2
61644,2
61645,2
61646,2
61647,2
61648,4
61649,2
61650,3
61651,4
61652,2
61653,10
61655,1
61656,1
61657,3
61658,6
61659,2
61660,1
61661,3
61662,2
61663,2
61664,3
61665,1
61666,1
61667,2
61668,3
61669,2
61670,3
61671,1
61672,2
61673,4
61674,2
61675,6
61676,2
61677,1
61678,1
61679,3
61680,2
61681,2
61682,3
61683,4
61684,2
61685,7
61686,1
61687,5
61688,2
61689,4
61690,3
61691,2
61692,2
61693,2
61694,5
61695,7
61696,5
61697,2
61698,2
61699,8
61700,1
61701,1
61702,1
61703,1
61704,1
61705,4
61706,3
61707,2
61708,2
61709,3
61710,3
61711,2
61712,3
61713,3
61714,4
61715,2
61716,2
61717,1
61718,2
61719,2
61720,2
61721,3
61722,2
61723,2
61724,2
61725,5
61726,2
61727,1
61728,2
61729,1
61730,5
61731,2
61732,2
61733,4
61734,7
61735,3
61736,3
61737,2
61738,4
61739,2
61740,5
61741,2
61742,3
61743,2
61744,4
61745,2
61746,3
61747,5
61748,2
61749,2
61750,2
61751,2
61752,4
61753,2
61754,3
61755,5
61756,2
61757,2
61758,1
61759,2
61760,1
61761,1
61762,2
61763,2
61764,3
61765,3
61766,4
61767,3
61768,6
61769,8
61770,2
61771,2
61772,5
61773,4
61774,1
61775,2
61776,2
61777,3
61778,3
61779,2
61780,2
61781,2
61782,2
61783,2
61784,2
61785,2
61786,2
61787,3
61788,2
61789,3
61790,2
61791,2
61792,4
61793,1
61794,2
61795,2
61796,2
61797,2
61798,2
61799,1
61800,2
61801,5
61802,1
61803,3
61804,2
61805,3
61806,2
61807,3
61808,2
61809,1
61810,4
61811,2
61812,1
61813,2
61814,3
61815,3
61816,3
61817,1
61818,4
61819,1
61820,1
61821,3
61823,2
61824,1
61825,3
61826,3
61827,4
61828,2
61829,1
61830,2
61831,1
61832,2
61833,1
61834,1
61835,4
61836,2
61837,2
61838,1
61839,3
61840,2
61841,4
61842,2
61843,3
61844,2
61845,1
61846,5
61847,2
61848,2
61849,1
61850,2
61851,1
61852,2
61853,2
61854,2
61856,4
61857,3
61858,3
61859,6
61860,3
61861,1
61862,2
61863,3
61864,5
61865,1
61866,2
61867,3
61868,2
61869,3
61870,2
61871,2
61872,7
61873,2
61874,1
61875,2
61876,3
61877,2
61878,2
61879,5
61880,5
61881,6
61882,1
61883,3
61884,7
61885,2
61886,2
61887,2
61888,2
61889,2
61890,2
61891,2
61892,3
61893,2
61894,1
61895,3
61896,2
61897,1
61898,1
61899,2
61900,2
61901,2
61902,1
61903,3
61904,8
61905,7
61906,2
61907,4
61908,1
61909,1
61910,2
61911,3
61912,3
61913,2
61915,2
61916,5
61917,2
61918,1
61919,2
61920,1
61921,5
61923,1
61924,3
61925,5
61926,2
61927,1
61928,5
61929,2
61930,1
61931,6
61932,2
61933,1
61934,1
61935,4
61936,2
61937,3
61938,2
61939,2
61940,3
61941,2
61942,2
61943,3
61944,2
61945,1
61946,2
61947,2
61948,2
61949,3
61950,2
61951,5
61952,1
61953,4
61954,4
61955,2
61957,2
61958,2
61959,2
61960,2
61961,2
61962,1
61963,2
61964,2
61965,2
61966,1
61967,3
61968,6
61969,6
61970,5
61971,2
61972,2
61973,3
61974,1
61975,3
61976,1
61977,2
61978,1
61979,3
61980,2
61981,2
61982,1
61983,1
61984,3
61985,3
61986,4
61987,4
61988,2
61989,2
61990,3
61991,2
61992,2
61993,3
61994,5
61995,4
61996,1
61997,2
61998,1
61999,1
62000,2
62001,2
62002,3
62003,6
62004,2
62005,1
62006,7
62007,2
62009,2
62010,2
62011,2
62012,1
62013,1
62014,1
62015,2
62016,2
62017,2
62018,2
62019,2
62020,2
62021,3
62022,6
62023,4
62024,2
62025,3
62026,1
62027,2
62028,1
62029,1
62030,1
62031,1
62032,3
62033,2
62034,2
62035,1
62036,2
62037,3
62038,2
62039,2
62040,1
62041,2
62042,2
62043,2
62044,4
62045,1
62046,6
62047,3
62048,2
62049,7
62050,3
62051,2
62052,2
62053,4
62054,4
62055,2
62056,1
62057,2
62058,2
62059,3
62060,2
62061,3
62062,2
62063,2
62064,2
62065,3
62066,2
62067,1
62068,4
62069,2
62070,2
62071,2
62072,2
62073,2
62074,2
62075,3
62076,2
62077,2
62078,1
62079,2
62080,2
62081,2
62082,1
62083,2
62084,2
62085,2
62086,2
62087,1
62088,2
62089,2
62090,1
62091,2
62092,5
62093,6
62094,2
62095,2
62096,1
62097,4
62098,1
62099,4
62100,2
62101,3
62102,4
62103,2
62105,3
62106,2
62107,2
62108,2
62109,1
62110,1
62111,4
62112,2
62113,2
62114,3
62115,3
62116,2
62117,2
62118,5
62119,2
62120,1
62121,2
62122,2
62123,3
62124,2
62125,3
62126,2
62127,5
62128,2
62129,2
62130,3
62131,3
62132,1
62133,8
62134,2
62135,3
62136,2
62137,1
62138,2
62139,2
62140,2
62141,5
62142,2
62143,5
62144,2
62145,3
62146,2
62148,2
62149,3
62150,4
62151,2
62152,2
62153,1
62154,3
62155,5
62156,1
62157,2
62158,1
62159,2
62160,2
62161,1
62162,2
62163,9
62164,2
62165,2
62166,6
62167,3
62168,2
62169,2
62170,3
62171,3
62172,3
62173,2
62174,1
62175,5
62176,6
62177,3
62178,3
62179,2
62180,3
62181,1
62182,1
62183,1
62184,3
62185,1
62186,2
62187,4
62188,3
62189,3
62190,2
62191,1
62192,3
62193,6
62194,2
62195,2
62196,1
62197,1
62198,1
62199,2
62200,1
62201,8
62202,1
62203,2
62204,2
62205,2
62206,1
62207,2
62208,2
62209,4
62210,2
62211,2
62212,7
62213,2
62214,7
62215,3
62216,3
62217,6
62218,1
62219,2
62220,1
62221,1
62222,3
62223,4
62224,1
62225,2
62226,1
62227,5
62228,2
62229,2
62230,2
62231,2
62232,2
62233,3
62234,2
62235,1
62236,2
62237,2
62239,1
62240,1
62241,2
62242,1
62243,2
62244,4
62245,2
62246,8
62247,5
62248,2
62249,1
62250,3
62251,2
62252,2
62253,2
62254,2
62255,2
62256,2
62257,3
62258,2
62259,2
62260,2
62261,1
62262,6
62263,2
62264,4
62265,3
62266,2
62267,3
62268,8
62269,4
62270,3
62271,1
62272,2
62273,1
62274,1
62275,1
62276,2
62277,4
62278,5
62279,5
62280,2
62281,3
62282,5
62283,5
62284,1
62285,2
62286,1
62287,3
62288,2
62289,2
62290,1
62291,3
62292,2
62293,2
62294,2
62295,3
62296,2
62297,2
62298,5
62299,2
62300,2
62301,1
62302,1
62303,1
62304,2
62305,1
62306,6
62307,1
62308,3
62309,1
62310,2
62311,2
62312,2
62313,4
62314,2
62315,2
62316,7
62317,5
62318,2
62319,1
62320,1
62321,3
62322,3
62323,3
62324,3
62325,3
62326,2
62327,1
62328,1
62329,2
62330,3
62331,1
62332,5
62333,4
62334,1
62335,4
62336,4
62337,1
62338,2
62339,4
62340,4
62341,3
62342,2
62343,2
62344,2
62345,2
62346,1
62347,1
62348,2
62349,4
62350,2
62351,6
62352,1
62353,3
62354,3
62355,2
62356,6
62357,6
62358,1
62359,6
62360,2
62361,2
62362,1
62363,1
62364,2
62365,3
62366,2
62367,1
62368,2
62369,3
62370,4
62371,3
62372,5
62373,2
62374,3
62375,2
62376,1
62378,3
62379,2
62380,2
62381,2
62382,3
62383,2
62384,5
62385,2
62386,2
62387,2
62388,1
62389,1
62390,2
62391,2
62392,3
62393,1
62394,2
62395,2
62396,3
62397,2
62399,2
62400,2
62401,2
62402,2
62403,2
62404,3
62405,1
62406,2
62407,2
62409,3
62410,3
62411,1
62412,2
62413,2
62414,2
62415,3
62416,1
62417,2
62418,1
62419,3
62420,5
62421,4
62422,2
62423,2
62424,3
62425,3
62426,2
62427,2
62428,2
62429,2
62430,2
62431,2
62432,2
62433,2
62434,1
62435,2
62436,1
62437,2
62438,2
62439,2
62440,2
62441,2
62442,2
62443,4
62444,3
62445,1
62446,3
62447,3
62448,2
62449,2
62450,3
62451,2
62452,2
62453,3
62454,1
62455,2
62456,1
62457,2
62458,3
62459,1
62460,2
62461,4
62462,2
62463,3
62464,2
62465,4
62466,2
62467,4
62468,1
62469,1
62470,2
62471,2
62472,3
62473,1
62474,1
62475,4
62476,2
62477,1
62478,1
62479,4
62480,1
62481,2
62482,4
62483,2
62484,2
62485,2
62486,6
62487,2
62488,2
62489,1
62490,9
62491,3
62492,5
62493,4
62494,1
62495,11
62496,1
62497,2
62498,2
62499,6
62500,3
62501,2
62502,2
62503,3
62504,2
62505,2
62506,1
62507,1
62508,3
62509,3
62510,2
62511,2
62512,2
62513,3
62514,2
62515,2
62516,2
62517,1
62518,2
62519,1
62520,3
62521,1
62522,2
62523,2
62524,2
62525,4
62526,4
62527,1
62528,2
62529,3
62530,1
62531,2
62532,4
62533,7
62534,6
62535,3
62536,3
62537,2
62538,4
62539,2
62540,2
62541,3
62542,2
62543,4
62544,3
62545,3
62546,4
62547,3
62548,3
62549,1
62550,1
62551,2
62552,1
62553,1
62554,2
62555,2
62556,2
62557,1
62558,1
62559,1
62560,2
62561,5
62562,3
62563,4
62564,3
62565,2
62566,2
62567,3
62568,2
62569,4
62570,2
62571,2
62572,2
62573,3
62574,2
62575,5
62576,2
62577,2
62578,1
62579,2
62580,2
62581,2
62582,4
62583,2
62584,2
62585,5
62586,2
62587,2
62588,3
62589,3
62590,1
62591,3
62592,2
62593,2
62594,4
62595,2
62596,4
62597,4
62598,7
62599,4
62600,5
62601,2
62602,7
62603,2
62604,2
62605,2
62606,2
62607,4
62608,7
62609,1
62610,5
62611,1
62612,3
62613,4
62614,6
62615,3
62616,2
62617,2
62618,1
62619,2
62620,2
62621,4
62622,2
62623,2
62624,2
62625,2
62626,2
62627,2
62628,4
62629,3
62630,4
62631,2
62632,1
62633,2
62634,2
62635,2
62636,3
62637,3
62638,2
62639,2
62640,3
62641,2
62642,3
62643,4
62644,5
62645,4
62646,2
62647,2
62648,2
62649,2
62650,3
62651,2
62652,1
62653,2
62654,2
62655,1
62657,3
62658,2
62659,1
62660,5
62661,2
62662,2
62663,2
62664,1
62665,2
62666,2
62667,3
62668,9
62669,2
62670,3
62672,2
62673,2
62674,3
62675,3
62676,3
62677,3
62678,2
62679,5
62680,2
62681,2
62682,3
62683,2
62684,1
62685,1
62686,2
62687,1
62688,2
62689,3
62690,2
62691,3
62692,2
62693,2
62694,2
62695,1
62696,2
62697,2
62698,2
62699,4
62700,3
62701,2
62702,5
62703,2
62704,4
62705,2
62706,2
62707,3
62708,5
62709,1
62710,1
62711,2
62712,4
62713,2
62714,3
62715,2
62716,2
62717,1
62718,2
62719,1
62720,1
62721,2
62722,5
62723,1
62724,2
62725,2
62726,5
62727,2
62728,1
62729,4
62730,5
62731,1
62732,2
62733,7
62734,3
62735,3
62736,2
62737,3
62738,2
62739,1
62740,1
62741,2
62742,2
62743,2
62744,3
62745,2
62746,2
62747,3
62748,2
62749,1
62750,1
62751,2
62752,1
62753,1
62754,1
62755,4
62756,2
62757,2
62758,3
62759,4
62760,3
62761,2
62762,1
62763,2
62764,1
62765,1
62766,6
62767,2
62768,1
62769,4
62770,1
62771,3
62772,2
62773,3
62774,2
62775,3
62776,2
62777,2
62778,2
62779,3
62780,3
62781,6
62782,2
62783,7
62784,2
62785,5
62786,3
62787,2
62788,3
62789,2
62790,1
62791,2
62792,2
62793,2
62794,2
62795,2
62796,1
62797,2
62798,2
62799,2
62800,2
62801,2
62802,3
62803,3
62804,1
62805,1
62806,1
62807,5
62808,2
62809,4
62810,3
62811,3
62812,3
62813,2
62814,2
62815,2
62816,2
62817,2
62818,1
62819,2
62820,1
62821,6
62822,1
62823,1
62825,2
62826,2
62827,2
62828,2
62829,4
62830,3
62831,4
62832,3
62833,2
62834,2
62835,2
62836,2
62837,3
62838,4
62839,2
62840,4
62841,2
62842,1
62843,1
62844,1
62845,4
62846,2
62847,1
62848,3
62849,1
62850,2
62851,2
62852,4
62853,1
62854,1
62855,1
62856,2
62857,2
62858,2
62859,3
62860,4
62861,6
62862,3
62863,3
62864,2
62865,3
62866,2
62867,4
62868,2
62869,2
62870,3
62871,1
62872,2
62873,2
62874,3
62875,3
62876,3
62877,4
62878,2
62879,2
62880,3
62881,5
62882,2
62883,2
62884,2
62885,3
62886,2
62887,2
62888,4
62889,1
62890,3
62891,7
62892,1
62893,2
62894,2
62895,2
62897,2
62898,2
62899,2
62900,2
62901,2
62902,1
62903,3
62904,2
62905,1
62906,5
62907,3
62908,2
62909,2
62910,1
62911,2
62912,1
62913,3
62914,4
62915,8
62916,3
62917,3
62918,2
62919,2
62920,2
62921,10
62922,2
62923,2
62924,1
62925,1
62926,2
62927,2
62928,1
62929,2
62930,2
62931,2
62932,3
62933,1
62934,2
62935,5
62936,2
62937,2
62938,7
62939,2
62940,5
62941,2
62942,5
62943,2
62944,2
62945,5
62946,1
62947,4
62948,1
62949,2
62950,3
62951,2
62952,1
62953,2
62954,3
62955,2
62956,3
62957,7
62958,4
62959,2
62960,1
62961,4
62962,2
62963,7
62964,2
62966,2
62967,2
62968,1
62969,2
62970,2
62971,3
62972,2
62973,1
62974,1
62975,2
62976,1
62977,2
62978,3
62979,1
62980,2
62981,3
62982,8
62983,2
62984,3
62985,1
62986,2
62987,1
62988,3
62989,3
62990,5
62991,1
62992,1
62993,2
62994,6
62995,4
62996,2
62997,1
62998,1
62999,2
63000,2
63001,3
63002,2
63003,2
63004,5
63005,1
63006,2
63007,2
63008,2
63009,7
63010,1
63011,2
63012,2
63013,2
63014,2
63015,1
63016,2
63017,2
63018,2
63019,1
63020,4
63021,5
63022,5
63023,2
63024,2
63025,20
63026,1
63027,2
63028,1
63029,1
63030,1
63031,2
63032,2
63033,3
63034,2
63035,4
63036,5
63037,1
63038,2
63039,1
63040,3
63041,2
63042,4
63043,2
63044,3
63045,2
63046,3
63047,4
63048,1
63049,1
63050,2
63051,2
63052,3
63053,1
63054,3
63055,2
63056,1
63057,2
63058,1
63059,4
63060,2
63061,1
63062,2
63063,2
63064,1
63065,1
63066,1
63067,4
63068,2
63069,9
63070,2
63071,2
63072,2
63073,4
63074,1
63075,7
63076,1
63077,3
63078,2
63079,2
63080,2
63081,2
63082,2
63083,2
63084,3
63085,2
63086,2
63087,2
63088,2
63089,2
63090,3
63091,3
63092,2
63093,3
63094,3
63095,3
63096,1
63097,2
63098,3
63099,2
63100,2
63101,2
63102,1
63103,3
63104,8
63105,2
63106,2
63107,2
63108,2
63109,3
63110,2
63111,4
63112,3
63113,5
63114,1
63115,2
63116,2
63117,2
63118,1
63119,2
63120,2
63121,5
63122,4
63123,2
63124,3
63125,4
63126,6
63127,2
63128,5
63129,8
63130,5
63131,3
63133,2
63134,5
63135,2
63136,3
63137,2
63138,2
63139,5
63140,1
63141,2
63142,1
63143,2
63144,4
63145,2
63146,4
63147,4
63148,3
63149,1
63150,2
63151,2
63152,4
63153,1
63154,3
63155,2
63156,3
63157,6
63158,2
63159,2
63160,2
63161,6
63162,2
63163,3
63164,2
63165,3
63166,2
63167,3
63168,3
63169,3
63170,4
63171,3
63172,2
63173,2
63174,2
63175,3
63176,3
63177,3
63178,2
63179,3
63180,2
63181,2
63182,2
63183,7
63184,4
63185,1
63186,1
63187,2
63188,2
63189,5
63190,6
63192,2
63193,1
63194,4
63195,3
63196,3
63197,3
63198,2
63199,2
63200,1
63201,2
63202,2
63203,2
63204,2
63205,2
63206,1
63207,2
63208,2
63209,1
63210,1
63211,3
63212,2
63213,1
63214,5
63215,2
63216,3
63217,3
63218,2
63219,2
63220,7
63221,3
63222,3
63223,3
63224,4
63225,1
63226,2
63227,2
63228,2
63229,2
63230,5
63231,2
63232,3
63233,2
63234,4
63235,4
63236,1
63237,3
63238,3
63239,1
63240,1
63241,4
63242,1
63243,1
63244,2
63245,2
63246,1
63247,3
63248,2
63249,2
63250,3
63251,2
63252,7
63253,3
63254,1
63255,3
63256,2
63257,2
63258,2
63259,2
63260,2
63261,2
63262,2
63263,2
63264,2
63265,1
63266,2
63267,6
63268,1
63269,3
63270,1
63271,1
63272,2
63273,1
63274,2
63275,2
63276,3
63277,2
63278,4
63279,2
63280,3
63281,3
63282,2
63283,1
63284,4
63285,2
63286,2
63287,3
63288,2
63290,1
63291,3
63292,4
63293,3
63294,2
63295,2
63296,1
63297,3
63298,6
63299,4
63300,4
63301,2
63302,2
63303,9
63304,2
63305,3
63306,5
63307,6
63308,3
63309,3
63310,2
63311,6
63312,3
63313,5
63314,2
63315,1
63316,4
63317,5
63318,3
63319,2
63320,2
63321,2
63322,2
63323,1
63324,1
63325,2
63326,3
63327,5
63328,4
63329,2
63330,2
63331,1
63332,7
63333,3
63334,1
63335,7
63336,2
63337,8
63338,2
63339,3
63340,4
63341,2
63342,4
63343,6
63344,3
63345,2
63346,2
63347,4
63348,2
63349,3
63350,2
63351,8
63352,1
63353,6
63354,2
63355,6
63356,2
63357,6
63358,9
63359,2
63360,5
63361,2
63362,2
63363,2
63364,9
63365,2
63366,1
63367,2
63368,3
63369,3
63370,6
63371,2
63372,1
63373,2
63374,2
63375,1
63376,2
63377,2
63378,2
63379,1
63380,4
63381,2
63382,2
63383,4
63384,6
63385,4
63386,1
63387,1
63388,1
63389,2
63390,2
63391,2
63392,2
63393,1
63394,10
63395,4
63396,2
63397,2
63398,4
63399,8
63400,2
63401,3
63402,2
63403,2
63404,3
63405,1
63406,2
63407,4
63408,3
63409,2
63410,3
63411,2
63412,5
63413,3
63414,2
63415,2
63416,2
63417,2
63418,8
63419,7
63420,2
63421,4
63422,2
63423,2
63424,2
63425,6
63426,2
63427,2
63428,2
63429,2
63430,8
63431,2
63432,4
63433,8
63434,2
63435,3
63436,4
63437,2
63438,9
63439,3
63440,2
63441,5
63442,1
63443,2
63444,3
63445,5
63446,2
63447,7
63448,4
63449,2
63450,3
63451,1
63452,2
63453,1
63454,1
63455,4
63456,7
63457,4
63458,2
63459,1
63461,1
63462,1
63463,2
63464,3
63465,2
63466,2
63467,2
63468,4
63469,2
63470,1
63471,1
63472,2
63473,2
63474,4
63475,4
63476,2
63477,2
63478,2
63479,2
63480,2
63481,2
63482,2
63483,1
63484,2
63486,2
63487,5
63488,4
63490,2
63491,1
63492,1
63493,5
63494,4
63495,2
63496,2
63497,3
63498,3
63499,1
63500,2
63501,1
63502,1
63503,2
63504,3
63505,3
63506,2
63507,1
63508,2
63509,6
63510,3
63511,2
63512,3
63513,1
63514,2
63515,2
63516,2
63517,1
63518,3
63519,3
63520,5
63521,2
63522,4
63523,1
63525,5
63526,2
63527,3
63528,2
63529,2
63530,3
63531,3
63532,2
63533,2
63534,3
63535,2
63536,3
63537,2
63538,2
63539,2
63540,3
63541,8
63542,2
63543,3
63544,2
63545,8
63546,1
63547,5
63548,2
63549,2
63550,2
63551,5
63552,3
63553,3
63554,2
63555,4
63556,2
63557,2
63558,2
63559,2
63560,2
63561,2
63562,5
63563,2
63564,4
63565,2
63566,2
63567,2
63568,3
63569,2
63570,3
63571,1
63572,3
63573,3
63574,2
63575,2
63576,4
63577,2
63578,2
63579,5
63580,3
63581,2
63582,1
63583,2
63584,2
63585,3
63586,8
63587,1
63588,1
63589,2
63590,3
63591,2
63592,2
63593,1
63594,3
63595,2
63596,2
63597,2
63598,10
63599,3
63600,8
63601,3
63602,3
63603,3
63605,2
63606,3
63607,2
63608,2
63609,3
63610,2
63611,2
63612,1
63613,3
63614,2
63615,2
63616,1
63617,3
63618,2
63619,2
63620,6
63621,2
63622,2
63623,3
63624,2
63625,2
63626,1
63627,6
63628,2
63629,3
63630,4
63631,2
63632,2
63633,3
63634,3
63635,4
63636,3
63637,2
63638,3
63639,2
63640,2
63641,3
63642,4
63643,2
63644,1
63645,2
63646,2
63647,2
63648,2
63649,2
63650,2
63651,2
63652,2
63653,2
63654,2
63655,2
63656,3
63657,2
63658,1
63659,1
63660,3
63661,2
63662,3
63663,3
63664,2
63665,2
63666,1
63667,2
63668,2
63669,2
63670,2
63671,2
63672,1
63673,2
63674,2
63675,2
63676,1
63677,3
63678,2
63679,2
63680,3
63681,2
63682,3
63683,2
63684,3
63685,2
63686,2
63687,1
63688,4
63689,2
63690,6
63691,1
63692,2
63693,2
63694,2
63695,1
63696,1
63697,14
63698,2
63699,2
63700,1
63701,1
63702,2
63703,2
63704,2
63705,2
63706,1
63707,2
63708,1
63709,4
63710,2
63711,4
63712,5
63713,3
63714,4
63715,4
63716,2
63717,2
63718,3
63719,4
63720,2
63721,4
63722,4
63723,1
63724,6
63725,4
63726,1
63727,3
63728,3
63729,3
63730,3
63731,1
63732,2
63733,6
63734,1
63735,2
63736,3
63737,1
63738,4
63739,5
63740,2
63741,1
63742,2
63743,2
63744,1
63745,4
63746,2
63747,2
63749,2
63750,3
63751,3
63752,2
63753,1
63754,2
63755,3
63756,9
63757,2
63758,2
63759,2
63760,2
63761,4
63762,1
63763,3
63764,2
63765,2
63766,2
63767,2
63768,4
63769,1
63770,2
63772,1
63773,2
63774,2
63775,3
63776,2
63777,1
63778,2
63779,4
63780,2
63781,2
63782,2
63783,2
63784,2
63785,2
63786,3
63787,1
63789,3
63790,5
63791,1
63792,4
63793,2
63794,2
63795,2
63796,1
63797,2
63798,2
63799,1
63800,1
63801,2
63802,6
63803,3
63804,3
63805,3
63806,2
63807,5
63808,3
63809,2
63810,1
63812,4
63813,2
63814,3
63815,3
63816,5
63817,3
63818,2
63819,2
63820,2
63821,4
63822,9
63823,2
63824,7
63825,2
63826,7
63828,2
63829,2
63830,3
63831,2
63832,3
63833,2
63834,3
63835,2
63836,1
63837,2
63838,2
63839,2
63840,5
63841,1
63842,4
63843,5
63844,2
63845,4
63846,2
63847,2
63848,9
63849,2
63850,3
63851,2
63852,2
63853,2
63854,4
63855,2
63856,2
63857,2
63858,2
63859,2
63860,2
63861,4
63862,4
63863,2
63864,2
63865,1
63866,1
63867,2
63868,2
63869,4
63870,7
63871,2
63872,1
63873,2
63874,2
63875,2
63876,3
63877,2
63878,2
63879,4
63880,2
63881,1
63882,4
63883,2
63884,3
63885,2
63886,1
63887,3
63888,3
63889,3
63890,1
80001,2
80002,4
80003,1
80004,4
80005,5
80006,2
80007,3
80008,2
80009,3
80010,2
80011,5
80012,2
80013,3
80014,2
80015,7
80016,3
80017,4
80018,2
80019,1
80020,2
80021,8
80022,4
80023,4
80024,2
80025,5
80026,2
80027,2
80028,1
80029,2
80030,1
80031,7
80032,2
80033,4
80034,3
80035,3
80036,3
80037,2
80038,3
80039,3
80040,3
80041,1
80042,2
80043,4
80044,2
80045,1
80046,1
80047,5
80048,2
80049,3
80050,1
80051,9
80052,3
80053,1
80054,3
80055,1
80056,2
80057,4
80058,1
80059,5
80060,3
80061,2
80062,2
80063,1
80064,4
80065,2
80066,6
80067,4
80068,5
80069,5
80070,1
80071,1
80072,3
80073,2
80074,2
80075,3
80076,3
80077,2
80078,1
80079,4
80080,10
80081,5
80082,2
80083,2
80084,1
80085,1
80086,2
80087,2
80088,2
80089,6
80090,6
80091,2
80092,2
80093,6
80094,1
80095,2
80096,2
80097,3
80098,1
80099,3
80100,2
80101,2
80102,2
80103,2
80104,1
80105,1
80106,2
80107,4
80108,2
80109,2
80110,2
80112,1
80113,1
80114,2
80115,2
80116,2
80117,2
80118,2
80119,1
80120,1
80121,2
80122,1
80123,3
80124,3
80125,4
80126,3
80127,2
80128,1
80129,1
80130,2
80131,6
80132,1
80133,5
80134,3
80135,1
80136,3
80137,2
80138,2
80139,2
80140,3
80141,2
80142,3
80143,2
80144,4
80145,1
80146,2
80147,1
80148,2
80149,1
80150,2
80151,3
80152,3
80153,7
80154,6
80155,2
80156,2
80157,2
80158,1
80159,2
80160,1
80161,2
80162,3
80163,2
80164,1
80165,1
80166,2
80167,3
80168,2
80169,2
80170,3
80171,3
80172,2
80173,3
80174,4
80175,1
80176,1
80177,2
80178,6
80179,2
80180,2
80181,2
80182,2
80183,2
80184,4
80185,4
80186,1
80187,2
80188,2
80189,2
80190,1
80191,4
80192,2
80193,2
80194,5
80195,3
80196,5
80197,2
80198,2
80199,2
80200,5
80201,4
80202,5
80203,1
80204,2
80205,2
80206,2
80207,4
80208,3
80209,1
80210,2
80211,2
80212,5
80213,1
80214,1
80215,1
80216,4
80217,1
80218,2
80219,2
80220,5
80221,1
80222,1
80223,2
80224,2
80225,3
80226,2
80227,2
80228,1
80229,2
80230,1
80231,3
80232,2
80233,2
80234,4
80235,2
80236,2
80237,1
80238,2
80239,1
80240,3
80241,3
80242,2
80243,2
80244,1
80245,1
80246,1
80247,3
80248,1
80249,5
80250,2
80251,5
80252,3
80253,1
80254,2
80255,1
80256,2
80257,2
80258,3
80259,5
80260,5
80261,1
80262,2
80263,2
80264,6
80265,2
80266,4
80267,2
80268,1
80269,1
80270,2
80271,1
80272,2
80273,3
80274,2
80275,1
80276,2
80277,2
80278,2
80279,1
80280,1
80281,6
80282,1
80283,2
80284,1
80285,4
80286,1
80287,3
80288,1
80289,3
80290,2
80291,4
80292,1
80293,2
80294,2
80295,2
80296,2
80297,5
80298,2
80299,4
80300,2
80301,1
80302,5
80303,9
80304,1
80305,2
80306,4
80307,2
80308,4
80309,2
80310,3
80311,1
80312,1
80313,2
80314,1
80315,1
80316,2
80317,6
80318,5
80319,1
80320,3
80321,2
80322,3
80323,2
80324,1
80325,1
80326,3
80327,2
80328,4
80329,4
80330,2
80331,2
80332,1
80333,2
80334,3
80335,3
80336,3
80337,2
80338,3
80339,2
80340,1
80341,2
80342,1
80343,1
80344,1
80345,1
80346,3
80347,1
80348,1
80349,3
80350,2
80351,2
80352,2
80353,3
80354,3
80355,1
80356,1
80357,2
80358,3
80359,4
80360,1
80361,2
80362,2
80363,1
80364,4
80365,2
80366,1
80367,2
80368,1
80369,2
80370,2
80371,2
80372,5
80373,1
80374,5
80375,3
80376,2
80377,1
80378,2
80379,2
80380,2
80381,2
80382,1
80383,2
80384,1
80385,2
80386,5
80387,2
80388,3
80389,5
80390,1
80391,2
80392,6
80393,1
80394,2
80395,2
80396,2
80397,4
80398,2
80399,2
80400,2
80401,1
80402,1
80403,1
80404,1
80405,1
80406,2
80407,1
80408,1
80409,1
80410,3
80411,2
80412,1
80413,2
80414,3
80415,1
80416,3
80417,1
80418,2
80419,1
80420,2
80421,2
80422,4
80423,4
80424,2
80425,2
80426,1
80427,2
80428,2
80429,2
80430,2
80431,2
80432,5
80433,2
80434,1
80435,2
80436,1
80437,1
80438,3
80439,5
80440,3
80441,1
80442,1
80443,2
80444,3
80445,7
80446,2
80447,2
80448,4
80449,1
80450,1
80451,2
80452,3
80453,2
80454,2
80455,3
80456,2
80457,1
80458,4
80459,4
80460,2
80461,3
80462,4
80463,3
80464,3
80465,2
80466,2
80467,4
80468,3
80469,8
80470,3
80471,3
80472,2
80473,2
80474,1
80475,11
80476,2
80477,1
80478,2
80479,3
80480,5
80481,2
80482,2
80483,3
80484,1
80485,4
80486,1
80487,1
80488,3
80489,2
80490,2
80491,2
80492,5
80493,1
80494,2
80495,4
80496,2
80497,4
80498,2
80499,2
80500,3
80501,2
80502,1
80503,4
80504,2
80505,2
80506,4
80507,3
80508,3
80509,1
80510,6
80511,3
80512,2
80513,3
80514,2
80515,2
80516,2
80517,5
80518,2
80519,1
80520,6
80521,1
80522,2
80523,1
80524,2
80525,2
80526,3
80527,2
80528,2
80529,3
80530,2
80531,1
80532,2
80533,3
80534,1
80535,2
80536,1
80537,3
80538,2
80539,2
80540,2
80541,2
80542,1
80543,2
80544,2
80545,1
80546,3
80547,3
80548,1
80549,2
80550,2
80551,2
80552,1
80553,1
80554,2
80555,4
80556,2
80557,3
80558,1
80559,1
80560,2
80561,2
80562,8
80563,1
80564,4
80565,1
80566,3
80567,1
80568,2
80569,2
80570,4
80571,6
80572,1
80573,3
80574,2
80575,2
80576,2
80577,4
80578,2
80579,1
80580,3
80581,2
80582,3
80583,6
80584,3
80585,3
80586,2
80587,2
80588,2
80589,3
80590,2
80591,3
80592,3
80593,1
80594,2
80595,4
80596,2
80597,3
80598,1
80599,2
80600,6
80601,3
80602,1
80603,5
80604,2
80605,6
80606,4
80607,2
80608,2
80609,1
80610,2
80611,4
80612,2
80613,2
80614,1
80615,2
80616,1
80617,2
80618,2
80619,4
80620,3
80621,3
80622,2
80623,2
80624,2
80625,3
80626,2
80627,3
80628,2
80629,2
80630,2
80631,2
80632,1
80633,1
80634,3
80635,2
80636,2
80637,2
80638,2
80639,2
80640,4
80641,1
80642,3
80643,3
80644,3
80645,3
80646,8
80647,1
80648,3
80649,2
80650,4
80651,2
80652,2
80653,2
80654,11
80655,2
80656,1
80657,1
80658,1
80659,1
80660,1
80661,1
80662,3
80663,2
80664,2
80665,2
80666,2
80667,2
90001,2
90002,1
90003,1
90004,2
90005,3
90006,2
90007,1
90008,5
90009,3
90010,1
90011,2
90012,2
90013,1
90014,2
90015,3
90016,2
90018,1
90019,4
90020,1
90021,3
90022,3
90023,2
90024,4
90025,2
90026,4
90027,2
90028,5
90029,2
90030,1
90031,3
90032,4
90034,1
90035,2
90036,3
90037,1
90038,1
90039,1
90040,2
90041,1
90042,3
90043,2
90044,5
90045,2
90046,3
90048,4
90049,3
90051,2
90052,2
90053,1
90054,3
90055,3
90056,5
90057,1
90058,1
90060,4
90061,2
90062,2
90063,2
90064,1
90065,2
90066,4
90067,1
90068,2
90069,1
90070,3
90071,2
90072,2
90073,2
90074,2
90075,4
90076,3
90077,5
90078,1
90079,1
90080,1
90081,1
90082,1
90083,5
90084,1
90085,3
90086,4
90087,6
90088,2
90089,4
90090,1
90091,5
90092,1
90093,2
90094,2
90095,1
90096,1
90097,3
90098,2
90099,2
90100,1
90101,1
90102,3
90103,1
90104,1
90105,1
90106,1
90107,1
90108,2
90109,2
90110,2
90111,2
90112,2
90113,2
90114,3
90115,4
90116,1
90117,1
90118,1
90119,1
90120,1
90121,3
90122,6
90124,4
90125,3
90126,2
90127,2
90128,3
90130,2
90131,2
90132,3
90133,2
90134,4
90136,1
90138,6
90139,2
90140,2
90141,3
90142,2
90143,1
90144,2
90145,4
90146,1
90147,1
90148,3
90149,6
90150,3
90151,2
90152,2
90153,1
90154,2
90155,1
90156,3
90157,1
90158,2
90159,2
90160,2
90161,1
90162,2
90163,2
90164,2
90165,2
90166,1
90167,6
90168,2
90170,2
90171,2
90172,1
90173,2
90174,2
90175,2
90176,1
90177,2
90178,2
90179,1
90180,5
90181,1
90182,2
90183,2
90184,2
90185,5
90186,1
90187,3
90188,2
90189,3
90190,1
90191,1
90192,1
90193,2
90194,1
90195,3
90196,1
90197,2
90198,1
90199,2
90200,1
90201,1
90202,1
90203,1
90204,1
90205,3
90206,3
90207,3
90208,2
90209,2
90210,2
90211,2
90212,2
90213,1
90214,5
90215,2
90216,1
90217,7
90218,1
90219,2
90220,3
90221,1
90222,1
90223,2
90224,2
90225,1
90226,2
90227,7
90228,1
90229,1
90230,2
90231,2
90232,6
90233,2
90234,3
90235,1
90236,4
90237,2
90238,2
90239,2
90240,1
90241,2
90242,2
90243,2
90244,1
90245,3
90246,2
90247,2
90248,3
90249,2
90250,2
90251,2
90252,1
90253,2
90254,2
90255,2
90256,1
90257,2
90258,1
90259,3
90261,3
90262,3
90263,2
90264,2
90265,3
90266,2
90267,2
90268,4
90269,4
90270,2
90271,1
90272,2
90273,1
90274,5
90275,2
90276,5
90277,5
90278,4
90279,4
90280,1
90281,3
90282,2
90283,5
90284,1
90285,2
90286,4
90287,2
90288,1
90289,1
90290,3
90291,2
90292,7
90293,1
90294,2
90295,4
90296,3
90297,2
90298,1
90299,2
90300,1
100001,4
100002,4
100003,2
100004,3
100005,4
100006,3
100007,1
100008,2
100009,14
100010,2
100011,2
100012,9
100013,1
100014,2
100015,3
100016,2
100017,2
100018,5
100019,3
100020,3
100021,1
100022,2
100023,4
100024,1
100025,2
100026,4
100027,1
100028,2
100029,1
100030,2
100031,1
100032,4
100033,2
100034,2
100035,3
100036,1
100037,2
100038,2
100039,3
100040,4
100041,4
100042,1
100043,1
100044,1
100045,3
100046,3
100047,1
100048,5
100049,6
100050,1
100051,3
100052,2
100053,4
100054,2
100055,1
100056,1
100057,1
100058,2
100059,4
100060,2
100061,1
100062,2
100063,1
100064,2
100065,1
100066,5
100067,3
100068,3
100069,1
100070,5
100071,7
100072,6
100073,1
100074,4
100075,1
100076,4
100077,2
100078,2
100079,1
100080,1
100081,5
100082,2
100083,2
100084,3
100085,3
100086,6
100087,3
100088,5
100089,1
100090,2
100091,2
100092,2
100093,2
100094,2
100095,1
100096,4
100097,2
100098,2
100099,2
100100,2
100101,3
100102,2
100103,2
100104,1
100105,2
100106,4
100107,1
100108,1
100109,3
100110,1
100111,2
100112,2
100113,7
100114,1
100115,2
100116,6
100117,2
100119,2
100120,2
100121,1
100123,3
100124,4
100125,2
100126,2
100127,1
100128,5
100129,2
100130,2
110001,10
110002,1
110003,2
110004,3
110005,2
110006,9
110007,5
110008,1
110010,3
110011,2
110012,2
110013,2
110014,2
110015,2
110016,4
110017,5
110018,2
110019,2
110020,1
110021,2
110022,4
110023,2
110024,2
110025,2
110026,1
110027,2
110028,2
110029,2
110030,1
110031,2
110032,2
110033,1
110034,3
110035,2
110036,2
110037,1
110038,1
110039,2
110040,5
120002,4
120003,2
120004,6
120005,2
120006,3
120007,2
120008,2
120009,4
120010,2
120011,2
120012,3
120013,2
120014,3
120016,3
120017,2
120018,6
120019,4
120020,2
120021,2
120022,1
120023,1
120025,2
120026,3
120027,2
120028,3
120029,2
120031,1
120032,2
120034,2
120035,2
120036,3
120037,1
120038,3
120039,2
120040,4
120041,2
120042,2
120043,2
120044,1
120045,2
120046,1
120047,8
120048,5
120049,3
120050,2
120051,2
120052,2
120053,2
120054,4
120055,2
120056,2
120057,2
120059,2
120060,2
120061,1
120062,2
120063,3
120064,2
120066,3
120067,2
120068,2
120070,1
120072,6
120073,3
120074,2
120076,2
120077,1
120078,2
120079,2
120080,2
120081,2
120082,3
120083,2
120084,1
120086,3
120087,1
120088,5
120089,2
120090,2
120091,6
120092,3
120093,4
120094,3
120095,1
120096,3
120097,2
120098,3
120100,4
120101,1
120102,4
120103,3
120104,47
120105,3
120106,3
120107,3
120108,2
120109,3
120110,2
120111,4
120113,2
120114,1
120115,2
120116,3
120117,2
120118,2
120119,7
120120,2
120121,5
120122,2
120123,2
120124,5
120125,2
120126,2
120127,4
120128,3
120129,3
120131,2
120132,2
120133,2
120134,3
120135,3
120136,2
120137,3
120138,2
120140,3
120141,2
120142,2
120143,2
120144,2
120145,2
120146,2
120147,4
120148,4
120150,3
120151,2
120152,2
120153,2
120154,2
120155,2
120156,3
120157,2
120158,5
120159,2
120160,1
120161,2
120162,3
120163,2
120165,2
120166,3
120167,2
120168,2
120169,2
120170,2
120171,3
120172,2
120173,4
120174,2
120175,8
120176,3
120177,3
120178,2
120179,2
120181,8
120182,7
120183,2
120184,3
120185,2
120186,3
120187,2
120189,3
120191,5
120192,1
120193,1
120194,2
120195,2
120196,3
120197,2
120198,3
120199,4
120200,1
120201,2
120202,2
120203,1
120204,1
120205,3
120206,2
120207,3
120208,2
120209,5
120210,4
120211,2
120212,2
120213,1
120214,7
120215,3
120216,5
120217,2
120218,5
120219,2
120220,3
120221,4
120222,1
120223,3
120224,1
120225,3
120226,2
120227,2
120228,2
120229,2
120230,2
120231,2
120232,2
120233,2
120234,1
120235,2
120236,2
120237,2
120238,8
120239,2
120240,3
120241,3
120242,4
120243,2
120244,4
120245,2
120246,1
120247,3
120248,3
120249,3
120250,3
120251,2
120252,2
120253,3
120254,4
120255,2
120256,4
120257,2
120258,2
120259,2
120260,4
120262,2
120263,2
120264,1
120265,1
120266,6
120267,1
120268,4
120269,2
120271,2
120272,3
120273,1
120275,1
120276,2
120277,5
120278,1
120279,1
120280,1
120281,1
120282,2
120283,2
120284,2
120285,1
120286,2
120287,2
120288,1
120289,2
120290,3
120291,3
120292,6
120293,4
120294,3
120295,2
120296,2
120298,2
120299,3
120300,2
120301,3
120302,2
120303,2
120304,3
120305,3
120306,2
120307,5
120308,3
120309,4
120311,2
120313,2
120314,3
120315,2
120316,3
120317,2
120318,3
120319,2
120320,2
120321,1
120323,3
120324,2
120325,1
120326,5
120327,1
120328,5
120330,3
120331,1
120332,3
120333,1
120334,2
120335,1
120336,4
120337,2
120338,3
120339,3
120340,3
120341,2
120342,4
120343,1
120344,3
120345,2
120346,5
120347,2
120348,2
120349,3
120350,4
120351,2
120352,3
120353,5
120354,2
120355,1
120356,7
120357,3
120358,1
120359,2
120360,1
120361,2
120362,1
120363,2
120364,1
120365,2
120366,2
120367,2
120368,4
120369,2
120370,3
120371,1
120372,4
120373,1
120374,1
120375,3
120376,1
120377,4
120379,2
120380,2
120381,2
120382,2
120383,2
120384,2
120385,3
120386,5
120387,2
120389,2
120390,2
120391,4
120392,2
120393,2
120394,3
120395,5
120396,4
120397,2
120398,5
120399,4
120401,2
120402,2
120403,2
120404,3
120405,2
120406,2
120407,2
120408,4
120409,4
120410,2
120411,1
120412,4
120413,3
120414,2
120415,1
120416,1
120417,4
120418,2
120419,3
120420,3
120421,3
120422,2
120423,1
120424,2
120425,3
120426,3
120427,5
120428,3
120429,2
120430,4
120431,1
120432,2
120433,1
120434,2
120435,2
120436,5
120437,1
120438,3
120439,2
120440,3
120441,4
120442,3
120443,2
120444,2
120445,2
120446,1
120448,2
120449,2
120450,2
120451,2
120452,3
120453,2
120454,4
120455,2
120456,2
120457,2
120458,1
120459,2
120460,2
120461,2
120462,1
120463,4
120464,6
120465,4
120466,3
120467,2
120468,2
120469,4
120470,2
120471,2
120472,4
120473,1
120474,2
120475,2
120476,3
120477,4
120478,2
120479,2
120480,2
120481,2
120482,2
120483,1
120484,3
120485,2
120486,2
120487,2
120488,3
120489,1
120490,3
120491,2
120492,2
120493,1
120494,2
120495,2
120496,2
120497,2
120498,2
120499,2
120500,2
120501,2
120502,2
120503,3
120504,3
120505,2
120506,2
120508,2
120509,2
120510,4
120511,2
120512,2
120513,1
120514,2
120515,4
120516,2
120517,2
120518,5
120519,2
120520,2
120521,2
120522,8
120523,1
120524,3
120525,1
120526,4
120527,2
120528,4
120529,2
120530,2
120531,2
120532,7
120533,1
120534,2
120535,2
120536,3
120537,4
120538,8
120539,6
120540,2
120541,3
120542,2
120543,1
120544,3
120545,2
120546,2
120547,3
120548,2
120549,2
120550,2
120551,3
120552,2
120553,1
120555,1
120556,2
120557,1
120558,3
120559,2
120560,3
120561,1
120562,4
120563,1
120564,1
120565,2
120566,5
120567,2
120568,2
120569,8
120570,2
120571,2
120572,1
120573,3
120574,3
120575,2
120576,2
120578,1
120579,1
120580,1
120581,3
120582,4
120583,4
120584,1
120585,4
120586,3
120587,1
120588,2
120589,3
120590,5
120591,2
120592,1
120593,3
120594,2
120595,2
120596,1
120597,3
120598,3
120599,2
120600,2
120601,2
120602,2
120603,1
120604,1
120605,5
120606,2
120607,1
120608,2
120609,3
120610,3
120611,2
120612,3
120613,2
120614,2
120615,2
120616,1
120617,4
120618,4
120619,2
120620,5
120621,2
120622,2
120623,2
120624,2
120625,2
120626,2
120627,2
120628,1
120629,1
120631,2
120632,3
120633,2
120634,3
120635,2
120636,2
120637,2
120638,3
120639,3
120640,1
120641,2
120642,6
120643,2
120644,2
120645,2
120646,2
120647,1
120648,3
120649,3
120650,1
120651,4
120652,3
120653,2
120654,2
120655,2
120656,1
120657,2
120658,2
120660,3
120661,2
120662,3
120663,3
120664,2
120665,2
120666,4
120667,2
120668,1
120669,1
120670,3
120671,1
120672,3
120673,3
120674,3
120675,3
120676,2
120677,2
120678,4
120679,1
120680,2
120681,2
120682,3
120683,14
120684,2
120686,2
120687,3
120688,1
120689,3
120690,2
120691,2
120692,4
120693,2
120695,2
120697,2
120698,3
120699,3
120700,2
120701,2
120702,4
120703,2
120704,2
120705,2
120706,2
120707,1
120708,3
120709,5
120710,2
120711,3
120712,2
120713,1
120714,4
120715,1
120716,2
120717,2
120718,1
120719,1
120720,2
120721,3
120722,5
120723,5
120724,4
120725,2
120726,1
120727,2
120728,2
120729,4
120730,2
120731,2
120732,3
120733,6
120734,14
120735,2
120736,1
120737,3
120738,1
120739,2
120740,2
120741,2
120742,3
120743,2
120744,3
120745,2
120746,2
120747,1
120748,6
120749,2
120750,3
120751,2
120752,1
120753,4
120754,4
120755,2
120756,3
120757,3
120758,2
120759,1
120760,2
120761,2
120762,1
120763,2
120764,2
120765,2
120766,2
120767,3
120768,2
120769,2
120770,2
120771,1
120772,3
120773,2
120774,2
120775,2
120776,2
120777,2
120778,3
120779,2
120780,2
120781,2
120782,2
120783,4
120784,2
120785,2
120786,2
120787,3
120788,1
120789,2
120790,5
120791,3
120792,1
120793,3
120794,2
120795,2
120796,3
120797,2
120798,5
120799,2
120800,3
120801,5
120802,4
120803,2
120804,1
120805,3
120806,2
120807,2
120808,1
120810,1
120811,1
120812,8
120813,2
120814,3
120815,2
120816,2
120817,3
120818,1
120819,2
120820,3
120821,3
120822,2
120823,2
120824,2
120825,6
120826,4
120827,1
120828,2
120829,3
120830,3
120831,4
120832,2
120833,2
120834,2
120835,3
120836,4
120837,2
120838,3
120839,2
120840,3
120841,12
120842,1
120843,3
120844,2
120845,2
120846,1
120847,3
120848,5
120849,2
120850,3
120851,1
120852,3
120853,1
120854,3
120855,5
120856,2
120857,1
120858,5
120859,2
120860,4
120861,3
120862,5
120863,2
120864,1
120865,1
120866,2
120867,2
120868,1
120869,4
120870,2
120871,7
120872,1
120873,2
120874,2
120875,3
120876,2
120877,2
120878,2
120879,2
120880,4
120881,3
120882,2
120883,3
120884,3
120885,2
120886,2
120888,2
120889,2
120890,3
120891,4
120892,5
120893,2
120894,2
120896,12
120897,2
120898,2
120899,2
120900,4
120901,2
120902,2
120903,3
120904,3
120905,5
120906,3
120907,3
120908,2
120909,1
120910,2
120911,3
120912,2
120913,1
120914,4
120915,2
120916,3
120917,2
120918,2
120919,2
120920,1
120921,2
120922,2
120923,4
120924,2
120925,2
120926,1
120927,3
120928,1
120929,2
120930,3
120932,3
120933,4
120934,7
120935,2
120936,1
120937,2
120938,8
120939,2
120940,3
120941,2
120942,1
120943,2
120944,2
120945,2
120946,2
120947,2
120948,1
120949,7
120950,1
120951,2
120952,2
120953,3
120954,2
120956,2
120957,3
120958,2
120959,2
120960,2
120961,1
120962,2
120963,2
120964,4
120965,4
120966,2
120967,3
120968,5
120969,2
120970,6
120971,2
120972,2
120973,1
120974,2
120975,20
120976,6
120977,1
120978,3
120979,7
120980,2
120982,2
120983,3
120984,2
120985,5
120986,4
120987,1
120988,4
120989,4
120991,2
120992,2
120993,3
120994,5
120995,1
120996,4
120997,1
120998,6
120999,3
121000,4
121001,2
121002,6
121003,2
121004,2
121005,1
121006,3
121007,2
121008,2
121009,3
121010,3
121011,2
121012,8
121013,2
121014,2
121015,1
121016,1
121017,2
121018,3
121019,4
121020,2
121021,1
121022,3
121023,2
121024,9
121025,1
121026,4
121027,2
121028,4
121029,3
121030,3
121032,3
121033,2
121034,5
121035,2
121036,8
121037,3
121038,2
121039,1
121040,1
121041,3
121042,3
121043,2
121044,4
121045,2
121047,1
121048,2
121049,3
121050,2
121051,1
121053,2
121054,2
121055,2
121056,1
121057,2
121058,2
121059,3
121060,3
121062,3
121063,3
121064,5
121065,2
121066,1
121067,3
121068,2
121069,1
121070,2
121071,2
121074,3
121075,2
121076,2
121077,3
121078,2
121079,2
121080,7
121081,2
121082,2
121083,4
121084,4
121085,4
121086,2
121087,2
121088,2
121089,2
121090,2
121091,1
121092,9
121094,3
121095,2
121096,2
121097,2
121098,12
121099,2
121100,2
121101,2
121102,2
121103,2
121104,3
121105,2
121106,2
121107,4
121108,4
121109,1
121110,2
121111,2
121112,2
121113,2
121114,4
121115,2
121116,12
121117,2
121118,2
121119,2
121120,3
121121,3
121123,2
121124,2
121125,2
121126,3
121127,1
121128,3
121129,3
121130,3
121131,3
121132,2
121133,4
121134,2
121135,1
121136,2
121137,2
121138,3
121139,2
121140,2
121141,3
121142,4
121143,4
121144,1
121145,2
121146,2
121147,2
121148,2
121149,3
121150,3
121151,2
121152,4
121153,2
121154,3
121155,2
121157,3
121158,5
121159,1
121160,2
121161,2
121162,2
121163,2
121164,1
121165,6
121166,2
121167,3
121168,4
121169,3
121170,2
121171,2
121172,2
121173,2
121174,2
121175,2
121176,2
121177,1
121178,3
121180,2
121181,2
121182,2
121183,2
121184,3
121185,2
121186,8
121187,2
121188,3
121189,2
121190,3
121191,1
121192,1
121193,2
121194,4
121195,2
121196,2
121197,2
121198,3
121199,3
121200,2
121201,2
121202,5
121203,3
121204,1
121205,2
121206,1
121207,2
121208,2
121209,1
121210,2
121211,3
121212,2
121214,4
121215,2
121216,2
121217,2
121218,2
121220,3
121221,1
121222,2
121223,5
121224,3
121225,3
121226,6
121227,5
121228,2
121229,2
121230,2
121231,3
121232,2
121233,2
121234,3
121235,2
121236,2
121237,5
121238,2
121240,2
121241,3
121242,2
121243,3
121244,4
121245,4
121246,3
121247,4
121248,2
121249,2
121250,3
121251,1
121252,2
121254,4
121255,1
121256,4
121258,1
121259,1
121260,2
121261,3
121262,3
121263,2
121264,3
121265,2
121266,2
121268,2
121269,2
121270,2
121271,3
121272,2
121273,2
121274,1
121275,3
121276,2
121277,2
121278,2
121279,2
121280,1
121281,2
121282,1
121283,2
121284,3
121285,7
121286,2
121287,3
121288,1
121289,2
121290,2
121291,7
121292,3
121293,4
121294,8
121295,2
121296,2
121297,1
121298,3
121299,6
121300,2
121302,3
121303,9
121304,2
121305,2
121306,4
121307,4
121308,2
121309,3
121310,3
121311,2
121312,1
121313,2
121314,9
121315,2
121316,3
121317,3
121318,4
121319,2
121320,2
121321,4
121322,5
121323,4
121324,2
121325,3
121326,2
121327,3
121328,7
121329,2
121330,2
121331,3
121332,2
121333,2
121334,1
121335,7
121336,3
121337,1
121338,1
121339,3
121340,3
121341,10
121342,1
121343,2
121344,2
121345,2
121346,3
121347,3
121348,2
121350,3
121351,4
121352,2
121353,3
121354,4
121355,2
121356,2
121357,1
121358,2
121359,2
121360,2
121361,1
121362,1
121364,3
121365,2
121366,2
121367,4
121368,3
121370,2
121371,2
121372,2
121373,1
121374,4
121375,1
121376,3
121377,2
121378,3
121379,3
121380,3
121381,2
121382,2
121383,1
121385,3
121387,3
121388,2
121389,2
121390,2
121392,3
121393,2
121394,2
121395,1
121396,2
121397,1
121398,6
121399,2
121400,3
121401,1
121402,2
121403,6
121404,1
121405,2
121406,1
121407,1
121408,1
121410,3
121411,2
121412,1
121413,3
121414,2
121415,3
121416,2
121417,5
121418,3
121419,1
121420,3
121421,2
121422,2
121423,2
121424,1
121425,2
121426,3
121427,2
121428,3
121429,4
121430,2
121431,1
121432,8
121433,1
121434,1
121435,3
121436,2
121437,2
121438,2
121439,2
121440,7
121441,3
121442,3
121443,2
121444,2
121446,2
121447,1
121448,3
121449,2
121450,2
121452,1
121453,1
121454,2
121455,3
121456,1
121457,2
121458,3
121459,3
121460,2
121461,1
121462,3
121463,1
121464,2
121465,2
121466,2
121467,2
121468,2
121469,4
121470,1
121471,3
121472,1
121473,2
121474,2
121475,5
121476,2
121478,2
121479,2
121480,3
121481,3
121482,1
121483,1
121484,3
121485,2
121486,6
121487,3
121488,1
121489,2
121490,4
121491,2
121492,4
121493,2
121494,1
121495,2
121496,2
121497,2
121498,3
121499,2
121500,2
121501,2
121502,3
121503,1
121504,2
121505,2
121506,2
121507,1
121508,1
121509,4
121510,2
121511,2
121512,1
121513,2
121514,3
121515,2
121516,2
121517,5
121518,1
121519,3
121521,3
121522,2
121523,3
121524,3
121525,1
121526,3
121527,5
121529,1
121530,3
121531,9
121532,4
121533,1
121535,1
121536,2
121537,2
121538,6
121539,3
121540,2
121541,3
121542,2
121543,4
121544,1
121545,1
121546,1
121547,2
121548,2
121549,1
121550,3
121551,3
121552,3
121553,3
121554,1
121556,1
121558,2
121559,6
121560,2
121561,2
121562,3
121563,4
121564,2
121565,3
121566,2
121567,2
121568,2
121569,1
121570,2
121571,2
121572,3
121573,3
121574,2
121577,2
121578,2
121579,3
121580,2
121581,2
121583,2
121584,3
121585,2
121586,4
121587,2
121588,2
121590,4
121591,2
121592,2
121593,2
121594,2
121595,2
121596,4
121597,2
121598,2
121599,1
121601,4
121602,2
121603,2
121605,1
121606,2
121608,3
121609,1
121610,2
121611,6
121612,2
121613,2
121614,3
121615,1
121617,2
121618,2
121619,5
121620,5
121621,2
121622,3
121623,2
121624,4
121625,3
121626,1
121627,3
121628,2
121629,2
121630,2
121631,2
121632,4
121634,4
121635,2
121636,2
121637,3
121638,2
121639,3
121640,11
121641,1
121642,4
121643,1
121644,1
121645,1
121646,2
121647,2
121648,3
121649,2
121650,1
121651,2
121652,4
121653,3
121654,2
121655,6
121656,1
121657,2
121658,2
121659,1
121661,3
121663,2
121664,2
121665,2
121666,2
121667,2
121668,2
121669,1
121670,6
121671,2
121672,1
121673,1
121674,6
121675,3
121676,4
121677,2
121678,2
121679,2
121680,3
121681,2
121682,10
121683,3
121684,2
121685,2
121686,2
121687,1
121688,1
121689,2
121690,1
121691,4
121692,4
121693,1
121694,2
121695,2
121696,1
121697,2
121698,3
121699,2
121701,1
121702,2
121703,2
121705,3
121706,2
121707,2
121708,3
121710,2
121711,1
121712,2
121714,2
121715,2
121716,3
121717,5
121718,2
121719,1
121720,1
121721,2
121722,2
121723,3
121724,2
121725,2
121726,1
121727,3
121728,2
121729,2
121730,1
121731,4
121732,3
121733,2
121734,2
121735,1
121736,2
121737,4
121738,2
121739,1
121740,3
121741,1
121742,2
121743,2
121744,2
121745,3
121746,4
121747,2
121748,5
121749,1
121750,1
121751,1
121752,4
121753,1
121754,4
121755,1
121756,1
121757,5
121758,1
121759,2
121760,1
121761,2
121762,3
121763,2
121764,2
121765,3
121766,1
121768,2
121769,2
121770,1
121771,4
121772,1
121773,1
121775,2
121776,10
121777,2
121778,3
121779,2
121780,2
121781,1
121782,2
121785,2
121786,4
121787,7
121789,1
121790,2
121791,3
121793,2
121794,5
121795,2
121796,1
121797,2
121799,3
121800,2
121801,2
121802,5
121803,6
121804,3
121805,5
121806,6
121807,2
121808,2
121809,2
121810,2
121811,2
121812,4
121813,3
121814,8
121815,1
121816,4
121817,3
121818,3
121819,1
121820,5
121821,1
121822,9
121823,3
121824,3
121825,1
121826,2
121827,2
121829,3
121830,2
121831,6
121832,2
121833,2
121834,7
121835,2
121836,3
121837,1
121838,5
121839,2
121841,1
121842,5
121843,2
121844,6
121845,2
121846,1
121847,1
121848,1
121849,2
121850,2
121851,2
121852,2
121853,2
121854,2
121855,3
121856,1
121857,2
121858,1
121859,4
121860,8
121861,2
121862,3
121863,2
121864,3
121865,2
121866,3
121867,2
121868,3
121869,2
121871,3
121872,4
121874,3
121875,2
121876,2
121877,3
121878,2
121879,2
121880,3
121881,2
121882,3
121883,2
121884,2
121885,2
121886,2
121887,4
121888,1
121889,2
121890,1
121891,3
121892,1
121893,3
121894,5
121895,2
121896,2
121897,1
121898,2
121899,3
121900,2
121901,2
121902,4
121903,1
121904,4
121905,4
121906,2
121907,4
121908,2
121909,4
121910,3
121911,1
121912,2
121913,1
121914,1
121915,2
121916,2
121917,4
121918,2
121919,2
121921,1
121922,3
121923,2
121924,2
121925,3
121926,1
121927,2
121928,4
121929,3
121931,5
121932,1
121933,2
121935,4
121936,2
121937,3
121938,2
121939,2
121940,2
121941,3
121942,2
121943,2
121944,2
121945,3
121946,2
121947,2
121948,3
121950,2
121951,4
121952,3
121953,2
121954,4
121955,3
121956,1
121957,1
121958,4
121959,2
121960,2
121961,2
121962,3
121963,4
121964,3
121965,8
121967,6
121969,7
121970,2
121971,2
121972,2
121973,1
121974,2
121975,1
121976,1
121977,2
121979,2
121980,4
121981,7
121982,2
121983,1
121985,2
121986,2
121987,2
121990,2
121991,4
121992,2
121993,1
121994,2
121995,3
121996,2
121997,2
121998,2
121999,3
122000,1
122001,3
122002,2
122003,2
122004,1
122005,2
122006,1
122007,1
122008,1
122009,2
122010,1
122011,2
122012,1
122013,1
122014,3
122015,10
122016,2
122017,1
122019,2
122020,5
122021,4
122023,6
122024,2
122025,2
122026,2
122027,2
122028,2
122029,3
122030,5
122031,1
122032,3
122033,2
122034,6
122035,2
122036,1
122037,2
122038,2
122039,4
122040,1
122041,2
122042,2
122043,2
122044,4
122045,2
122046,1
122047,3
122048,1
122049,2
122050,1
122051,2
122052,2
122053,1
122054,5
122055,3
122056,2
122057,2
122058,4
122059,2
122060,3
122061,2
122062,2
122063,5
122064,1
122065,3
122066,3
122067,2
122068,9
122069,2
122071,2
122072,2
122073,2
122074,2
122075,2
122076,1
122077,1
122078,2
122079,1
122080,2
122081,1
122082,2
122083,3
122084,3
122085,8
122086,2
122087,1
122088,2
122089,2
122090,1
122091,5
122092,2
122093,2
122094,3
122095,2
122096,2
122097,3
122098,2
122099,2
122100,1
122101,2
122103,3
122104,3
122106,2
122107,2
122108,3
122109,4
122110,2
122111,2
122112,2
122113,1
122114,3
122115,2
122116,2
122117,2
122118,1
122119,3
122120,7
122121,2
122122,1
122123,2
122124,2
122125,1
122126,5
122127,1
122128,1
122130,2
122131,6
122132,1
122133,2
122134,2
122135,2
122136,2
122137,2
122138,3
122139,2
122140,1
122141,3
122142,2
122143,2
122144,2
122145,1
122146,1
122147,2
122148,2
122149,1
122150,1
122151,2
122152,1
122154,1
122155,2
122156,3
122157,3
122158,2
122159,2
122160,2
122161,2
122162,1
122163,6
122164,2
122165,2
122166,2
122167,2
122168,6
122169,2
122170,2
122171,3
122172,2
122173,7
122174,2
122175,3
122176,3
122177,2
122178,5
122179,2
122180,2
122181,2
122182,1
122183,1
122184,5
122185,2
122186,2
122187,3
122188,3
122189,3
122190,2
122191,6
122192,4
122193,2
122194,2
122195,3
122196,1
122197,2
122198,2
122199,3
122200,2
122201,4
122202,2
122203,2
122204,3
122205,5
122206,2
122207,2
122208,2
122209,1
122210,2
122211,2
122212,2
122213,3
122214,2
122215,2
122216,2
122217,8
122218,2
122219,2
122220,2
122221,5
122222,3
122223,2
122224,2
122225,2
122226,3
122228,3
122229,2
122231,1
122232,5
122233,3
122234,2
122235,2
122236,5
122237,3
122238,3
122239,3
122241,2
122242,4
122243,1
122244,1
122245,2
122246,1
122247,2
122249,1
122250,1
122251,1
122253,3
122254,2
122255,2
122256,2
122257,2
122258,3
122259,6
122260,3
122261,5
122262,3
122263,4
122264,3
122265,3
122266,2
122267,2
122268,2
122269,4
122270,2
122271,4
122272,2
122273,7
122274,2
122275,3
122276,2
122277,3
122278,3
122279,2
122280,1
122282,2
122283,1
122284,3
122285,2
122286,3
122287,2
122288,3
122289,3
122290,2
122291,1
122292,2
122295,1
122296,2
122297,4
122298,6
122299,2
122301,2
122303,1
122304,2
122305,1
122306,2
122307,2
122308,3
122310,3
122311,3
122312,3
122313,2
122314,2
122315,2
122316,2
122317,1
122318,1
122319,2
122320,5
122321,2
122323,5
122324,1
122325,2
122326,1
122327,4
122328,3
122329,1
122330,2
122331,2
122332,3
122333,3
122334,4
122335,5
122336,3
122337,2
122338,2
122339,2
122340,2
122341,2
122342,1
122343,2
122344,3
122345,2
122346,2
122347,4
122348,4
122349,2
122350,2
122351,2
122352,3
122353,2
122354,3
122356,1
122357,3
122358,4
122359,2
122360,1
122361,2
122362,1
122364,3
122365,2
122366,2
122367,3
122368,3
122369,3
122370,3
122371,6
122372,3
122373,2
122374,5
122375,2
122376,6
122377,1
122379,2
122380,3
122381,2
122382,2
122383,1
122384,2
122386,2
122387,9
122388,1
122389,1
122390,3
122391,14
122392,2
122393,3
122394,2
122395,2
122396,2
122397,2
122398,1
122399,2
122401,2
122402,1
122403,1
122405,3
122406,2
122407,2
122408,2
122409,3
122410,1
122411,2
122412,2
122413,2
122414,3
122415,2
122416,1
122417,6
122418,4
122419,2
122421,2
122422,2
122423,1
122424,1
122425,2
122426,4
122427,2
122428,2
122429,5
122430,2
122431,1
122432,2
122433,2
122434,3
122435,2
122436,2
122437,6
122438,2
122439,2
122440,5
122441,4
122442,3
122443,3
122444,5
122445,6
122446,3
122447,4
122448,2
122449,2
122450,3
122451,2
122452,1
122453,2
122454,2
122455,2
122456,3
122457,1
122458,5
122459,1
122460,3
122461,1
122462,5
122463,1
122464,2
122465,3
122466,3
122467,2
122468,3
122469,1
122470,2
122471,2
122472,3
122473,3
122474,2
122475,2
122476,3
122477,11
122478,3
122479,4
122480,3
122482,2
122483,2
122484,3
122485,2
122486,2
122487,1
122488,2
122489,2
122490,2
122491,1
122492,2
122493,1
122494,2
122495,2
122496,3
122497,2
122498,3
122499,2
122500,2
122501,2
122502,2
122503,1
122504,2
122505,4
122506,1
122507,10
122508,1
122509,2
122510,6
122511,1
122512,2
122513,7
122514,5
122515,3
122516,2
122518,2
122519,6
122520,2
122521,1
122522,2
122523,2
122524,4
122525,1
122526,2
122527,2
122528,2
122530,2
122531,2
122532,2
122534,2
122536,4
122537,1
122538,2
122539,1
122540,2
122543,5
122544,2
122545,2
122546,3
122548,3
122549,2
122550,5
122551,3
122552,1
122553,4
122554,2
122555,1
122556,2
122557,2
122558,2
122559,2
122560,5
122561,1
122562,2
122563,1
122564,2
122565,3
122566,2
122567,1
122568,4
122570,4
122571,6
122572,6
122573,2
122574,4
122575,2
122576,1
122578,1
122579,1
122580,2
122581,2
122582,2
122583,2
122584,4
122585,1
122586,2
122587,2
122588,1
122589,3
122590,2
122591,2
122592,3
122593,3
122594,3
122595,1
122596,1
122597,4
122598,2
122599,3
122600,1
122601,2
122602,5
122603,2
122604,2
122605,4
122606,3
122608,2
122609,2
122610,4
122611,2
122612,2
122613,1
122614,1
122616,1
122617,4
122618,3
122619,2
122620,2
122621,9
122622,2
122623,3
122624,3
122625,6
122626,2
122627,1
122628,1
122629,2
122630,2
122632,2
122633,2
122634,4
122635,4
122636,2
122637,1
122638,2
122639,4
122640,1
122641,2
122642,2
122643,2
122644,1
122645,3
122646,2
122647,4
122648,1
122649,2
122650,3
122651,2
122652,3
122653,1
122654,5
122655,4
122656,4
122657,1
122658,3
122659,2
122660,3
122661,2
122662,2
122663,2
122664,2
122665,1
122666,1
122667,1
122669,2
122670,1
122671,2
122672,3
122673,1
122674,3
122675,3
122676,1
122677,2
122678,2
122679,5
122680,4
122681,3
122682,1
122683,2
122684,4
122685,3
122687,3
122688,3
122689,1
122690,2
122691,3
122692,2
122693,5
122694,3
122695,3
122696,3
122697,2
122698,3
122699,7
122700,2
122701,2
122702,5
122703,1
122704,3
122705,2
122706,3
122707,2
122708,2
122709,4
122710,2
122711,1
122712,3
122713,2
122714,3
122715,2
122716,2
122717,1
122718,2
122719,2
122720,3
122721,2
122722,2
122723,2
122724,2
122725,2
122726,1
122727,2
122728,4
122729,2
122730,3
122731,8
122732,2
122733,4
122735,2
122736,4
122737,2
122738,2
122739,2
122740,2
122741,2
122742,4
122743,3
122744,8
122745,2
122746,5
122747,2
122748,4
122749,2
122750,2
122751,6
122752,8
122753,1
122754,2
122755,2
122756,4
122757,1
122758,3
122759,2
122760,1
122761,3
122762,1
122763,5
122764,2
122765,1
122766,2
122767,1
122768,6
122769,2
122770,2
122771,4
122773,1
122774,2
122775,3
122776,2
122777,2
122778,2
122779,5
122780,4
122781,2
122782,2
122783,1
122784,2
122785,6
122786,2
122787,2
122788,2
122789,2
122790,2
122791,2
122792,2
122793,1
122794,5
122795,1
122796,2
122797,3
122798,2
122799,2
122800,1
122801,3
122802,2
122803,9
122804,2
122805,2
122806,1
122807,2
122808,2
122809,9
122810,1
122811,2
122812,2
122813,4
122814,3
122815,2
122816,2
122817,2
122818,3
122819,1
122820,3
122821,6
122822,3
122824,3
122825,2
122826,2
122827,2
122828,3
122829,1
122830,2
122831,2
122832,3
122833,10
122834,4
122835,2
122837,2
122838,1
122839,9
122840,2
122841,2
122842,2
122843,4
122844,2
122845,2
122846,4
122847,5
122848,2
122849,1
122850,6
122851,1
122852,1
122853,2
122854,2
122855,4
122856,2
122857,2
122858,3
122859,1
122860,2
122861,4
122862,2
122863,2
122864,2
122865,2
122866,2
122867,2
122868,2
122869,3
122870,2
122871,3
122872,1
122873,1
122875,8
122876,2
122877,2
122878,4
122879,3
122880,2
122881,2
122882,5
122883,1
122884,2
122885,5
122886,3
122887,2
122888,3
122889,4
122890,6
122891,2
122892,1
122893,7
122894,2
122895,1
122896,1
122897,3
122898,4
122899,5
122900,3
122901,4
122902,3
122903,2
122905,3
122906,6
122907,2
122908,4
122909,2
122910,4
122911,2
122912,2
122913,1
122915,3
122916,5
122917,3
122918,2
122919,1
122920,2
122921,2
122922,2
122923,3
122924,1
122925,1
122926,3
122927,1
122928,2
122929,1
122930,1
122931,4
122932,2
122933,2
122934,3
122935,5
122936,2
122937,3
122938,1
122939,2
122940,1
122941,3
122944,2
122945,3
122946,4
122947,2
122948,2
122949,2
122950,1
122951,2
122952,4
122953,4
122954,1
122955,1
122956,3
122957,2
122958,2
122960,2
122961,2
122962,2
122963,4
122964,2
122965,1
122966,3
122967,4
122968,1
122969,1
122970,2
122971,4
122972,4
122973,2
122974,5
122975,1
122976,2
122977,4
122979,4
122981,3
122982,3
122983,2
122984,3
122985,1
122986,1
122987,1
122988,4
122989,2
122990,2
122991,2
122992,4
122993,1
122994,2
122995,5
122997,4
122998,2
122999,2
123000,2
123002,5
123003,2
123004,1
123005,2
123006,1
123007,2
123008,4
123009,2
123010,3
123011,3
123012,2
123013,4
123014,3
123015,2
123016,4
123017,2
123018,3
123019,3
123020,3
123021,4
123022,3
123023,3
123024,1
123025,3
123026,1
123027,9
123028,3
123029,2
123030,2
123031,2
123032,3
123033,1
123034,3
123035,1
123036,1
123037,2
123038,7
123039,2
123040,2
123042,2
123043,2
123044,1
123045,3
123046,2
123047,3
123048,1
123049,2
123050,2
123051,2
123052,4
123053,3
123054,2
123055,3
123056,3
123057,1
123058,5
123059,2
123060,2
123061,2
123062,4
123063,3
123064,3
123065,2
123066,3
123067,3
123068,3
123069,2
123071,2
123072,2
123073,3
123074,2
123075,4
123076,2
123077,1
123078,2
123079,2
123080,1
123081,1
123082,2
123083,1
123084,4
123085,9
123086,4
123087,1
123088,2
123089,1
123090,3
123091,2
123094,2
123095,4
123096,4
123097,2
123098,4
123099,5
123100,3
123101,1
123102,1
123103,3
123104,1
123105,2
123106,3
123107,2
123108,1
123109,1
123110,2
123111,4
123112,3
123113,3
123114,3
123115,7
123116,3
123117,2
123118,3
123119,2
123120,1
123121,2
123122,2
123123,2
123124,3
123125,8
123126,2
123127,2
123128,2
123129,5
123132,6
123133,3
123134,2
123135,4
123136,6
123137,2
123138,3
123139,2
123140,2
123141,1
123142,5
123143,3
123144,5
123145,5
123146,6
123147,2
123148,9
123149,2
123150,3
123151,6
123152,4
123153,3
123154,1
123155,1
123157,1
123158,2
123159,2
123160,2
123161,1
123162,5
123163,3
123164,6
123166,4
123167,3
123168,2
123169,3
123170,4
123171,4
123172,5
123173,3
123174,2
123175,1
123176,3
123177,1
123178,4
123179,4
123180,2
123181,4
123182,3
123183,2
123184,2
123185,2
123186,2
123187,2
123188,3
123189,2
123190,1
123191,5
123192,3
123193,1
123194,2
123195,2
123196,3
123197,1
123198,2
123199,7
123200,2
123201,3
123202,1
123203,1
123204,1
123205,2
123206,3
123207,3
123208,1
123209,5
123210,1
123211,2
123212,2
123213,2
123214,2
123215,2
123216,5
123217,2
123219,4
123220,9
123221,4
123222,1
123223,3
123224,2
123225,3
123226,2
123227,3
123228,2
123229,3
123230,3
123231,2
123232,3
123234,3
123235,5
123236,3
123237,2
123238,2
123239,5
123240,18
123241,2
123242,2
123243,2
123244,5
123245,2
123246,1
123247,2
123251,2
123252,2
123253,2
123254,4
123255,5
123256,2
123257,3
123259,6
123260,3
123261,3
123262,3
123263,2
123265,3
123266,2
123267,2
123268,2
123269,3
123270,5
123271,1
123272,2
123273,6
123274,2
123275,2
123276,2
123277,3
123278,3
123280,2
123281,1
123282,1
123283,2
123284,2
123285,1
123286,2
123287,1
123289,4
123291,2
123292,2
123293,3
123295,2
123296,2
123297,1
123299,3
123300,2
123301,2
123303,2
123304,2
123305,2
123306,2
123307,2
123308,3
123310,2
123311,1
123312,4
123313,1
123314,5
123316,4
123317,2
123318,3
123319,1
123321,1
123322,2
123323,1
123324,2
123325,2
123326,3
123327,4
123328,2
123329,4
123330,4
123331,2
123332,2
123333,2
123334,4
123335,3
123336,2
123337,2
123338,1
123339,2
123340,2
123341,2
123342,3
123343,2
123344,2
123345,2
123346,1
123347,2
123349,2
123350,2
123352,2
123353,5
123354,1
123355,1
123356,2
123357,7
123358,3
123359,2
130001,2
130002,6
130003,2
130004,2
130005,3
130006,1
130007,1
130008,2
130009,3
130010,2
130011,2
130012,3
130013,2
130014,1
130015,2
130016,1
130017,2
130018,1
130019,2
130020,1
130021,1
130022,4
130023,2
130024,4
130025,3
130026,4
130027,3
130028,1
130029,1
130030,3
130031,4
130032,4
130033,4
130034,2
130035,4
130036,2
130037,4
130038,2
130039,5
130040,1
130041,1
130042,2
130043,1
130044,4
130045,3
130046,2
130047,1
130048,3
130049,1
130050,2
130051,2
130052,2
130053,1
130054,2
130055,4
130056,2
130058,1
130059,2
130061,3
130062,2
130063,3
130064,2
130065,6
130066,2
130067,2
130068,2
130069,3
130070,1
130071,3
130072,1
130073,1
130074,2
130075,2
130076,6
130077,4
130078,1
130079,2
130080,2
130081,1
130082,1
130083,2
130084,4
130085,2
130086,2
130087,2
130088,2
130089,3
130091,1
130092,4
130093,2
130094,2
130095,4
130096,4
130097,2
130098,5
130099,1
130100,2
130101,2
130102,1
130103,2
130104,1
130105,2
130106,4
130107,4
130108,8
130109,2
130110,4
130111,2
130113,3
130114,1
130115,2
130116,3
130117,2
130118,2
130119,2
130120,2
130121,2
130122,2
130123,2
130124,14
130125,2
130126,3
130127,2
130128,1
130129,2
130130,7
130131,3
130132,1
130133,1
130134,1
130135,1
130136,2
130137,3
130138,1
130139,1
130140,3
130141,3
130142,3
130143,2
130144,7
130145,3
130146,3
130147,4
130148,1
130149,3
130150,2
130151,2
130152,2
130153,2
130154,2
130155,1
130156,1
130158,1
130159,4
130160,1
130161,2
130162,3
130163,3
130164,2
130165,4
130166,3
130167,2
130168,3
130169,6
130171,1
130172,1
130173,2
130174,2
130175,1
130176,1
130177,1
130178,2
130179,2
130180,2
130181,1
130182,2
130183,2
130184,2
130185,5
130186,3
130187,2
130188,3
130189,2
130190,2
130191,2
130192,1
130193,2
130194,2
130195,1
130196,3
130197,2
130198,2
130199,2
130200,2
130201,1
130202,2
130203,1
130204,1
130205,6
130206,2
130207,3
130208,7
130209,1
130210,2
130211,2
130212,2
130213,2
130214,2
130215,1
130216,2
130217,3
130218,1
130219,1
130220,3
130221,4
130222,1
130223,2
130224,2
130225,1
130226,2
130227,2
130228,2
130229,2
130230,2
130231,1
130232,2
130233,2
130234,2
130235,3
130236,2
130238,3
130239,7
130240,3
130241,3
130242,2
130243,1
130244,7
130245,2
130246,2
130247,1
130248,2
130249,1
130250,2
130252,1
130253,1
130254,3
130255,2
130256,1
130257,3
130258,2
130259,2
130260,2
130261,4
130262,2
130263,2
130264,2
130265,3
130266,1
130267,2
130269,1
130270,2
130271,1
130272,3
130273,1
130274,2
130275,4
130276,3
130277,2
130278,3
130279,2
130280,5
130281,8
130282,2
130283,3
130284,2
130285,1
130287,3
130288,3
130289,1
130290,1
130291,2
130292,3
130293,1
130294,2
130295,1
130296,2
130297,1
130298,4
130299,1
130300,2
130301,1
130302,2
130303,1
130304,3
130305,2
130306,2
130307,1
130308,2
130309,2
130310,1
130311,1
130312,2
130313,1
130314,2
130315,2
130316,2
130317,2
130318,3
130319,7
130320,2
130321,2
130322,1
130323,3
130324,4
130325,1
130326,4
130327,2
130328,4
130329,2
130330,2
130331,1
130332,1
130333,2
130334,1
130335,4
130336,2
130337,2
130338,1
130339,1
130340,3
130341,2
130342,2
130343,1
130344,2
130345,2
130346,1
130347,2
130348,2
130349,4
130350,3
130351,3
130352,3
130353,2
130354,1
130355,2
130356,2
130357,2
130358,2
130359,1
130360,3
130361,1
130362,1
130363,1
130364,2
130365,5
130366,2
130367,2
130368,9
130369,2
130370,1
130371,1
130372,3
130373,1
130374,5
130375,1
130376,2
130377,3
130378,4
130379,7
130381,1
130382,1
130383,4
130384,3
130385,6
130386,3
130388,1
130389,1
130390,1
130391,2
130392,2
130393,1
130394,3
130395,2
130396,2
130397,4
130398,2
130399,2
130400,2
130401,1
130402,4
130403,2
130404,2
130405,6
130406,2
130407,1
130408,2
130409,1
130410,2
130411,1
130412,3
130413,1
130414,1
130415,1
130416,2
130417,2
130419,1
130420,5
130421,2
130422,1
130423,1
130424,2
130425,2
130426,3
130427,2
130428,3
130429,5
130430,1
130431,3
130432,2
130433,1
130434,2
130435,3
130436,1
130437,6
130438,2
130439,1
130440,1
130441,3
130442,2
130443,2
130444,3
130445,1
130446,1
130447,1
130448,2
130449,2
130451,2
130452,1
130453,1
130454,3
130455,2
130456,1
130457,1
130459,2
130460,2
130461,2
130462,1
130463,3
130464,2
130465,3
130466,3
130467,9
130468,2
130469,2
130470,1
130471,2
130472,3
130473,2
130474,2
130475,2
130476,1
130477,2
130478,2
130479,5
130480,8
130481,2
130482,1
130483,1
130484,4
130485,5
130486,2
130487,2
130488,2
130489,5
130490,1
130491,2
130492,2
130493,2
130494,5
130495,2
130496,3
130497,1
130498,2
130499,2
130500,1
130501,2
130502,1
130503,1
130504,5
130505,2
130506,2
130507,3
130508,2
130509,1
130510,3
130511,2
130512,2
130513,2
130514,2
130515,2
130516,1
130517,4
130518,3
130519,1
130520,2
130521,4
130522,2
130523,4
130524,1
130525,1
130526,1
130527,2
130528,2
130529,2
130530,3
130531,4
130532,4
130533,1
130534,3
130535,2
130536,1
130537,5
130538,5
130539,5
130540,5
130541,2
130542,4
130543,2
130544,10
130545,1
130546,1
130547,2
130548,2
130549,1
130550,4
130551,4
130552,1
130553,1
130554,1
130555,1
130556,2
130557,3
130558,1
130559,3
130560,2
130561,2
130562,3
130563,1
130564,2
130565,2
130566,1
130567,2
130568,1
130569,2
130570,2
130571,1
130572,2
130573,2
130574,1
130575,3
130576,1
130577,3
130578,1
130579,1
130580,1
130581,2
130582,1
130583,1
130584,3
130585,1
130586,2
130587,4
130588,1
130589,2
130590,1
130591,3
130592,1
130593,1
130594,2
130595,5
130596,1
130597,1
130598,2
130599,2
130600,1
130601,6
130602,3
130603,1
130604,1
130605,1
130606,3
130607,10
130608,1
130609,2
130610,2
130611,2
130612,2
130613,2
130614,2
130615,3
130616,2
130617,1
130618,2
130619,1
130620,1
130621,1
130622,7
130623,2
130624,2
130625,1
130626,1
130627,1
130628,4
130629,2
130630,2
130631,1
130632,2
130633,5
130634,1
130635,3
130636,1
130637,1
130638,3
130639,1
130640,4
130641,4
130642,3
130643,2
130644,1
130645,2
130646,1
130647,2
130648,2
130649,2
130650,2
130651,1
130652,4
130653,1
130654,2
130655,4
130656,1
130657,2
130658,2
130659,1
130660,2
130661,2
130662,1
130663,2
130664,3
130665,2
130666,2
130667,3
130668,1
130669,1
130670,2
130672,2
130673,4
130674,3
130675,2
130676,1
130677,3
130678,1
130679,3
130680,1
130681,3
130682,1
130683,4
130684,1
130685,2
130686,1
130687,1
130688,3
130689,3
130690,2
130691,2
130692,3
130693,1
130694,1
130695,1
130696,2
130697,2
130698,2
130699,3
130700,2
130701,1
130702,4
130703,1
130704,1
130705,4
130706,2
130707,2
130708,2
130709,2
130710,3
130711,1
130712,2
130713,6
130714,2
130715,1
130716,5
130717,3
130718,3
130720,3
130721,2
130722,2
130723,4
130724,3
130725,1
130726,1
130727,3
130728,1
130729,5
130730,3
130732,3
130733,1
130734,2
130735,4
130736,2
130737,2
130738,1
130739,2
130740,3
130741,4
130742,3
130743,2
130744,2
130746,3
130747,1
130748,2
130749,2
130750,5
130751,1
130752,3
130753,1
130754,2
130755,5
130756,2
130757,1
130758,1
130759,2
130760,2
130761,1
130762,1
130763,1
130764,3
130765,1
130766,3
130767,2
130768,2
130769,7
130770,2
130771,2
130772,1
130773,5
130774,1
130775,2
130776,2
130777,2
130779,1
130780,2
130781,5
130782,1
130783,3
130784,2
130785,2
130786,2
130787,2
130788,4
130789,2
130790,3
130792,1
130793,4
130794,1
130795,2
130796,5
130798,2
130799,3
130800,1
130801,2
130802,2
130803,1
130804,10
130805,2
130806,4
130807,2
130808,7
130809,3
130810,2
130811,2
130812,2
130813,1
130814,3
130815,4
130816,2
130818,2
130819,2
130820,2
130821,3
130822,2
130823,2
130824,2
130825,6
130826,2
130827,7
130828,2
130829,1
130830,1
130831,1
130832,2
130833,3
130834,1
130835,2
130836,2
130837,2
130838,1
130839,1
130840,3
130841,8
130842,2
130843,1
130844,1
130845,1
130846,2
130847,2
130848,5
130849,1
130850,2
130851,3
130852,1
130853,4
130854,2
130855,2
130856,4
130858,3
130859,2
130860,4
130861,1
130862,4
130863,1
130864,1
130865,4
130866,4
130867,2
130868,3
130870,2
130871,2
130872,3
130873,1
130874,1
130875,4
130876,5
130877,1
130878,4
130879,3
130880,1
130881,3
130882,2
130883,1
130884,3
130885,2
130886,3
130887,4
130888,2
130889,2
130890,1
130891,2
130893,2
130894,2
130895,3
130896,1
130897,3
130898,4
130899,1
130900,3
130901,1
130902,2
130903,1
130904,1
130905,1
130906,3
130907,2
130908,2
130909,2
130910,3
130911,2
130912,1
130913,3
130914,1
130915,2
130916,2
130917,8
130918,2
130919,2
130920,1
130921,2
130922,1
130923,4
130924,3
130925,2
130926,2
130927,1
130928,3
130929,1
130930,2
130931,5
130932,4
130934,4
130935,2
130936,1
130937,2
130938,1
130939,2
130940,5
130941,2
130942,3
130943,2
130944,2
130945,2
130946,2
130947,2
130948,3
130949,2
130950,8
130951,2
130953,2
130954,2
130955,2
130956,2
130957,2
130958,2
130960,2
130961,2
130962,2
130963,3
130964,2
130965,2
130967,1
130968,5
130969,3
130970,2
130971,1
130972,2
130973,2
130974,1
130975,3
130976,1
130977,3
130978,2
130980,2
130981,2
130982,1
130983,8
130984,3
130985,5
130986,2
130987,2
130988,1
130989,3
130990,1
130991,1
130993,3
130994,2
130995,4
130996,2
130997,1
130998,7
130999,1
131000,2
131001,2
131002,1
131004,2
131005,3
131006,4
131007,3
131008,2
131009,2
131010,1
131011,2
131012,2
131013,4
131016,1
131017,2
131018,3
131019,4
131020,1
131021,1
131022,2
131024,2
131025,4
131026,2
131027,2
131028,3
131029,2
131030,2
131031,3
131032,2
131033,5
131035,2
131036,2
131037,2
131038,2
131039,2
131040,1
131041,1
131042,2
131043,7
131044,2
131045,7
131046,3
131047,3
131048,7
131049,1
131050,2
131051,2
131052,2
131053,2
131055,2
131056,2
131057,2
131058,2
131059,1
131060,1
131061,2
131062,1
131063,2
131064,1
131065,1
131066,2
131067,1
131068,2
131069,7
131070,3
131071,6
131072,2
131073,7
131074,2
131075,2
131076,2
131077,1
131079,2
131080,1
131081,1
131082,2
131083,1
131084,1
131085,2
131086,3
131087,8
131088,2
131089,2
131090,1
131091,4
131092,3
131093,1
131094,6
131095,4
131096,2
131097,4
131098,4
131099,2
131100,2
131101,3
131102,6
131103,3
131104,2
131105,1
131106,2
131107,3
131108,1
131109,1
131110,2
131111,2
131112,2
131113,3
131114,3
131115,1
131116,2
131117,3
131118,2
131119,3
131120,2
131121,2
131122,2
131123,1
131124,3
131125,1
131126,3
131127,2
131128,4
131129,3
131131,3
131132,2
131133,4
131135,1
131136,1
131137,2
131138,1
131139,2
131140,2
131141,2
131142,4
131143,2
131144,1
131145,3
131146,2
131147,2
131148,5
131149,2
131150,2
131151,7
131152,11
131153,1
131154,1
131155,1
131156,3
131157,2
131158,2
131159,2
131160,3
131161,4
131162,4
131163,6
131164,3
131165,2
131166,1
131168,2
131169,2
131170,4
131171,2
131172,3
131173,2
131174,3
131176,1
131177,2
131178,2
131179,2
131180,1
131181,4
131182,3
131183,3
131184,1
131185,2
131186,2
131187,1
131188,2
131189,4
131190,1
131191,1
131192,2
131193,2
131194,5
131195,2
131196,3
131197,2
131198,6
131199,2
131200,1
131201,1
131202,2
131203,2
131204,4
131205,2
131206,2
131207,2
131208,3
131210,3
131211,3
131212,1
131213,1
131214,4
131215,2
131216,1
131217,3
131218,2
131219,2
131220,3
131221,1
131222,1
131223,1
131224,2
131225,1
131226,4
131227,1
131228,1
131229,1
131230,5
131231,5
131232,2
131233,1
131234,1
131235,3
131236,2
131237,2
131238,5
131239,3
131240,8
131241,4
131242,2
131243,3
131244,6
131245,3
131246,4
131247,2
131248,1
131249,2
131250,2
131251,2
131252,2
131253,3
131254,2
131255,2
131256,3
131257,1
131258,2
131259,2
131260,2
131261,1
131262,3
131263,3
131264,3
131265,2
131266,2
131267,4
131268,6
131269,2
131270,2
131271,2
131272,1
131273,6
131274,1
131275,1
131276,1
131277,1
131278,4
131279,2
131280,4
131281,9
131282,3
131283,1
131284,10
131285,4
131286,1
131287,5
131288,1
131289,2
131290,2
131291,3
131292,2
131293,3
131294,1
131295,2
131296,2
131297,3
131298,1
131299,4
131300,2
131301,3
131302,2
131303,3
131304,2
131305,3
131306,2
131307,2
131308,1
131309,2
131310,3
131311,3
131312,1
131313,1
131315,8
131316,2
131317,2
131318,1
131319,2
131320,2
131321,4
131322,3
131323,3
131324,2
131325,3
131326,2
131327,2
131328,1
131329,1
131330,5
131331,1
131332,2
131333,1
131334,6
131335,11
131336,4
131337,1
131338,4
131339,2
131340,2
131341,2
131342,4
131343,1
131344,1
131345,2
131346,3
131347,2
131348,3
131349,3
131350,1
131351,3
131352,2
131353,2
131354,6
131355,2
131356,7
131357,2
131358,4
131359,2
131360,3
131361,3
131362,2
131363,2
131364,2
131365,1
131366,2
131367,2
131368,3
131369,1
131370,1
131371,2
131372,4
131373,3
131374,2
131375,1
131376,3
131378,3
131379,2
131381,2
131382,3
131383,2
131384,2
131385,1
131386,1
131387,2
131388,5
131389,2
131390,2
131391,3
131392,4
131393,4
131394,5
131395,2
131397,2
131398,3
131399,6
131400,2
131401,2
131402,4
131403,4
131404,2
131405,2
131406,1
131407,2
131408,3
131409,2
131410,4
131411,5
131413,2
131414,2
131415,1
131416,2
131417,2
131418,5
131419,1
131420,2
131421,1
131422,1
131423,2
131424,2
131425,1
131426,2
131427,3
131428,1
131429,1
131430,1
131431,2
131432,5
131433,1
131434,2
131435,1
131436,3
131437,2
131438,4
131439,2
131440,2
131441,3
131442,1
131443,5
131444,4
131445,5
131446,8
131447,2
131448,3
131449,2
131450,3
131451,1
131452,2
131453,1
131454,2
131455,3
131456,3
131457,2
131458,3
131459,3
131460,2
131462,2
131463,1
131464,3
131465,4
131466,3
131467,2
131468,2
131469,1
131470,1
131471,2
131472,1
131473,2
131474,3
131475,2
131476,1
131477,1
131478,6
131479,5
131480,5
131482,1
131483,6
131484,2
131485,2
131486,1
131487,2
131488,2
131489,3
131490,2
131491,2
131492,2
131493,3
131494,3
131495,2
131496,2
131497,2
131498,2
131499,2
131500,10
131501,3
131502,3
131504,1
131505,6
131506,1
131507,1
131508,2
131509,2
131510,4
131511,1
131512,3
131513,3
131514,3
131515,2
131516,4
131517,2
131518,1
131519,2
131520,1
131527,2
131532,2
131533,2
131534,1
131535,1
131536,1
131537,2
131538,10
131540,1
131541,1
131543,1
131546,13
131547,1
131548,3
131549,1
131550,1
131552,2
131553,2
150001,2
150002,5
150003,5
150004,2
150005,1
150006,2
150007,4
150008,2
150009,7
150010,3
150011,3
150012,2
150013,1
150014,2
150016,1
150017,1
150018,1
150019,2
150021,3
150022,2
150023,2
150024,2
150025,1
150026,1
150027,3
150028,1
150029,1
150030,2
150031,2
150032,1
150033,1
150034,2
150035,4
150036,2
150037,2
150038,1
150039,1
150040,2
150041,1
150042,2
150043,1
150044,2
150045,3
150046,1
150047,2
150048,3
150049,3
150050,5
150051,2
150052,1
150053,1
150054,3
150055,2
150056,1
150057,3
150058,1
150059,2
150060,3
150061,3
150062,1
150063,1
150064,1
150065,2
150066,4
150067,1
150068,1
150069,2
150070,2
150071,1
150072,1
150073,2
150074,2
150075,3
150076,2
150077,2
150078,3
150080,2
150081,2
150082,1
150083,1
150084,3
150085,5
150086,3
150087,2
150088,1
150090,1
150091,3
150094,2
160001,1
160003,2
160004,3
160005,2
160006,2
160007,5
160008,2
160009,1
160010,1
160011,4
160012,4
160013,3
160014,3
160015,1
160016,1
160017,1
160018,1
160019,2
160020,7
160021,2
160022,3
160023,2
160024,1
160025,2
160027,3
160028,4
160029,2
160030,2
160031,3
160032,2
160033,1
160034,2
160035,3
160036,1
160037,1
160038,2
160039,2
160040,2
160041,5
160042,4
160043,2
160044,1
160045,2
160046,2
160047,1
160048,2
160049,2
160050,1
160051,2
160052,1
160053,3
160054,2
160055,3
160056,5
160057,3
160058,2
160059,4
160060,2
160061,2
160062,2
160063,2
160064,1
160065,2
160066,2
160067,5
160068,3
160070,2
160071,3
160072,4
160073,2
160074,5
160075,1
160076,3
160077,1
160078,1
160079,1
160080,4
160081,2
160082,3
160083,2
160084,2
160085,1
160086,1
160087,2
160088,2
160089,1
160090,5
160091,2
160092,7
160093,2
160094,2
160095,1
160096,2
160097,2
160098,1
160099,4
160100,4
160101,4
160102,2
160103,3
160104,2
160105,1
160106,6
160107,2
160108,2
160109,3
160110,3
160111,4
160112,2
160113,1
160114,1
160115,9
160116,1
160118,2
160119,2
160120,2
160121,3
160122,2
160123,1
160124,1
160125,5
160126,2
160127,2
160128,1
160129,1
160130,4
160131,3
160132,2
160133,5
160134,6
160135,1
160136,1
160137,1
160138,13
160139,2
160140,2
160142,3
160143,2
160144,2
160145,2
160146,2
160147,1
160148,2
160149,4
160150,2
160151,3
160152,2
160153,1
160154,3
160155,1
160156,1
160157,3
160158,3
160159,1
160160,4
160161,2
160162,2
160163,2
160164,2
160165,3
160166,2
160167,1
160168,6
160169,2
160170,2
160171,7
160172,6
160173,4
160174,4
160175,2
160176,1
160177,2
160178,2
160179,2
160180,4
160181,4
160182,1
160184,1
160185,2
160186,2
160187,2
160188,3
160189,2
160190,1
160191,1
160192,3
160193,1
160194,1
160195,1
160196,2
160197,8
160198,1
160199,2
160200,1
160201,2
160202,2
160203,2
160204,42
160205,2
160206,2
160207,2
160208,2
160209,4
160210,1
160211,3
160212,1
160213,6
160214,1
160215,1
160216,5
160217,1
160218,2
160219,2
160220,2
160221,2
160222,3
160223,1
160224,1
160225,2
160226,2
160227,2
160228,2
160229,1
160230,3
160231,7
160232,5
160233,3
160234,2
160235,4
160236,3
160238,2
160239,2
160240,3
160241,2
160242,2
160243,2
160244,4
160245,2
160246,1
160247,1
160248,2
160249,2
170001,1
170002,6
170003,2
170004,7
170005,2
170006,3
170007,2
170008,1
170009,1
170010,3
170011,6
170012,1
170013,2
170014,2
170015,2
170016,3
170017,5
170018,2
170019,2
170020,3
170021,2
170022,2
170023,9
170024,2
170025,1
170026,2
170027,2
170028,5
170030,2
170031,2
170032,2
170033,1
170034,2
170035,3
170036,2
170037,1
170039,2
170040,1
170041,8
170042,2
170043,4
170044,4
170045,2
170046,2
170047,2
170048,2
170049,2
170050,2
170051,2
170052,2
170053,3
170054,1
170055,2
170056,4
170057,2
170058,6
170059,2
170060,2
170061,1
170062,3
170063,2
170064,7
170065,2
170066,3
170067,2
170068,2
170069,2
170070,1
170071,1
170072,1
170073,2
170074,2
170075,4
170076,2
170077,1
170078,3
170079,2
170080,1
170081,3
170082,3
170083,1
170084,1
170085,2
170086,2
170087,2
170088,4
170089,2
170090,1
170092,1
170093,1
170094,2
170095,2
170096,3
170097,2
170098,2
170099,1
170100,2
170101,8
170102,1
170103,2
170104,2
170105,4
170106,2
170107,3
170108,2
170109,1
170110,1
170111,2
170112,1
170113,2
170114,2
170115,1
170116,1
170117,6
170118,4
170119,3
170120,2
170121,1
170122,4
170123,2
170124,4
170125,2
170126,2
170127,2
170128,2
170129,2
170130,2
170131,3
170132,2
170133,1
170135,5
170136,2
170137,3
170138,3
170139,1
170140,5
170141,1
170142,4
170143,3
170144,1
170146,2
170147,2
170148,1
170149,1
170150,2
170152,2
170153,2
170154,1
170155,4
170156,2
170157,2
170158,2
170159,2
170160,2
170161,3
170162,2
170163,3
170164,2
170166,1
170167,2
170168,2
170170,2
170171,1
170172,1
170173,9
170174,5
170175,2
170176,3
170177,2
170178,3
170179,6
170180,2
170181,2
170182,3
170183,2
170184,1
170185,2
170186,2
170187,2
170188,3
170189,1
170190,2
170191,1
170192,2
170193,2
170194,4
170195,3
170196,4
170197,6
170198,4
170199,2
170200,1
170201,2
170202,2
170203,2
170204,3
170205,3
170207,2
170209,1
170210,1
170211,8
170212,2
170214,1
170215,5
170216,2
170217,1
170218,2
170219,3
170220,2
170221,5
170222,3
170223,3
170224,2
170225,1
170226,2
170227,2
170228,6
170229,2
170230,2
170231,2
170232,2
170233,1
170234,1
170235,4
170236,1
170237,3
170238,5
170239,2
170240,3
170241,1
170242,1
170243,3
170244,3
170245,5
170246,2
170247,2
170248,2
170249,1
170250,2
170252,2
170253,1
170254,2
170255,1
170256,1
170257,2
170258,1
170259,3
170260,4
170261,2
170262,2
170263,2
170264,1
170265,6
170266,2
170267,3
170268,1
170269,5
170270,2
170271,4
170272,5
170273,2
170274,1
170275,6
170276,1
170277,3
170278,1
170279,1
170280,3
170281,8
170282,4
170283,1
170284,3
170285,6
170286,3
170287,3
170288,3
170289,2
170290,1
170291,1
170292,1
170293,2
170294,2
170295,3
170296,3
170297,2
170298,1
170299,1
170300,1
170301,5
170302,2
170303,5
170304,1
170305,2
170306,6
170307,4
170308,1
170309,3
170310,2
170311,2
170312,1
170313,3
170314,1
170315,1
170316,2
170317,5
170318,4
170319,3
170320,2
170321,3
170322,12
170323,4
170324,1
170325,3
170326,2
170327,2
170328,5
170329,2
170330,4
170331,3
170332,6
170333,2
170334,2
170336,1
170337,2
170338,4
170339,3
170340,2
170341,2
170342,2
170343,2
170344,2
170345,3
170346,1
170347,1
170348,2
170349,2
170350,2
170351,2
170353,2
170354,2
170355,2
170356,3
170357,1
170358,3
170359,5
170360,1
170361,2
170362,5
170363,3
170364,1
170365,1
170366,10
170367,4
170368,3
170369,3
170370,2
170371,1
170372,1
170373,3
170374,7
170375,1
170376,2
170377,1
170378,1
170379,3
170380,2
170381,2
170382,2
170383,2
170384,1
170385,2
170386,2
170387,1
170388,3
170389,3
170390,5
170391,7
170393,2
170394,2
170395,1
170396,5
170397,1
170398,3
170399,3
170400,3
170401,2
170402,2
170403,2
170404,3
170405,3
170406,2
170407,3
170408,2
170409,2
170410,2
170411,1
170412,2
170413,2
170414,1
170415,1
170416,2
170417,2
170418,2
170419,4
170421,3
170422,2
170423,2
170424,2
170425,1
170426,3
170427,1
170428,1
170429,2
170430,1
170431,2
170432,2
170433,2
170434,7
170435,2
170437,1
170438,3
170439,2
170440,2
170441,5
170442,1
170443,3
170444,3
170445,1
170446,6
170447,2
170448,1
170449,6
170450,1
170451,1
170452,5
170453,1
170454,2
170455,3
170456,2
170457,2
170458,3
170459,3
170460,3
170461,4
170462,1
170463,3
170464,1
170466,3
170467,5
170468,1
170469,1
170470,2
170471,1
170472,1
170473,1
170474,1
170475,2
170476,1
170477,2
170478,3
170479,3
170480,2
170481,3
170482,3
170483,2
170484,6
170485,5
170486,1
170487,3
170488,2
170489,2
170490,2
170491,2
170492,5
170493,3
170494,1
170495,3
170496,1
170497,1
170498,4
170499,1
170500,2
170501,1
170502,2
170503,2
170504,1
170505,1
170506,7
170507,2
170508,7
170509,3
170510,2
170511,5
170512,2
170513,1
170514,2
170515,3
170516,2
170517,1
170518,3
170519,1
170520,2
170521,1
170522,2
170523,2
170524,4
170525,2
170526,1
170527,1
170528,1
170529,3
170530,1
170531,3
170532,1
170533,1
170534,2
170535,2
170536,1
170537,7
170538,2
170539,3
170540,4
170542,1
170543,1
170544,2
170545,7
170546,1
170547,2
170548,3
170549,3
170550,2
170551,2
170552,2
170553,2
170554,3
170555,15
170556,2
170557,4
170558,3
170559,1
170560,1
170561,1
170562,1
170563,2
170564,3
170565,2
170566,1
170567,18
170568,2
170569,2
170570,2
170571,1
170572,1
170573,5
170574,2
170575,3
170576,1
170577,2
170578,2
170579,2
170580,2
170582,6
170583,4
170584,3
170585,2
170586,6
170587,2
170588,4
170589,1
170590,3
170591,8
170592,2
170593,4
170594,3
170595,1
170596,3
170597,1
170598,1
170599,2
170600,1
170601,2
170602,4
170603,1
170604,2
170605,4
170606,1
170607,3
170608,4
170609,3
170611,3
170612,2
170613,2
170614,4
170615,3
170616,4
170617,2
170619,1
170620,3
170621,2
170622,1
170623,1
170624,3
170625,4
170626,3
170627,3
170628,2
170629,1
170630,1
170631,1
170632,2
170633,2
170634,3
170636,4
170637,3
170638,2
170639,3
170640,2
170641,2
170642,2
170643,2
170644,2
170645,1
170646,3
170647,2
170648,1
170649,1
170650,2
170651,2
170652,2
170653,3
170654,5
170655,3
170656,1
170657,5
170658,1
170659,3
170660,6
170661,4
170662,2
170663,1
170664,2
170665,2
170666,2
170667,5
170668,2
170669,2
170670,2
170671,3
170672,3
170673,1
170674,2
170675,3
170676,2
170677,2
170678,2
170679,1
170680,2
170681,3
170682,1
170683,6
170684,2
170685,2
170686,7
170687,2
170688,1
170689,2
170690,1
170691,2
170692,1
170693,1
170694,3
170695,3
170696,7
170697,4
170698,4
170699,1
170700,2
170701,2
170702,2
170703,2
170704,1
170705,1
170706,2
170707,2
170708,2
170709,2
170710,4
170711,2
170712,2
170713,3
170714,2
170715,3
170716,3
170717,2
170719,2
170721,2
170722,1
170723,2
170724,5
170725,1
170726,2
170727,1
170728,4
170729,2
170730,1
170731,5
170732,2
170733,1
170734,2
170735,2
170736,1
170737,3
170738,5
170739,3
170740,2
170741,2
170743,2
170744,2
170745,2
170746,4
170747,7
170748,1
170749,1
170750,2
170751,4
170752,2
170753,2
170754,2
170755,2
170756,2
170757,3
170758,2
170759,2
170760,2
170761,5
170763,4
170764,4
170765,1
170766,2
170767,4
170768,8
170769,1
170770,2
170771,2
170772,1
170773,3
170774,3
170775,1
170776,1
170777,2
170778,2
170779,2
170780,2
170782,2
170783,2
170784,1
170785,3
170786,2
170787,2
170788,4
170789,4
170790,3
170791,2
170792,2
170793,2
170794,2
170795,2
170796,4
170797,4
170798,3
170799,2
170800,2
170801,2
170802,2
170803,3
170804,1
170805,3
170806,3
170807,4
170808,3
170809,3
170810,2
170811,2
170812,2
170813,3
170814,1
170815,3
170816,2
170817,3
170818,3
170819,3
170820,2
170821,3
170822,2
170823,2
170824,2
170825,3
170826,2
170827,2
170828,2
170829,2
170830,3
170831,3
170832,1
170833,2
170834,2
170835,1
170836,2
170837,4
170838,3
170839,1
170840,1
170841,4
170842,7
170843,5
170844,5
170845,2
170846,2
170847,2
170848,3
170849,4
170850,2
170851,4
170852,1
170853,2
170854,2
170855,4
170856,3
170857,2
170858,4
170859,2
170860,2
170861,2
170862,1
170863,3
170864,2
170865,3
170866,3
170867,3
170868,1
170869,3
170870,3
170871,1
170872,2
170873,3
170874,2
170875,1
170876,5
170877,3
170878,3
170879,12
170880,1
170881,4
170882,3
170883,2
170884,7
170885,2
170886,1
170887,3
170888,3
170889,2
170890,5
170891,6
170892,1
170893,3
170894,1
170895,2
170896,1
170897,4
170898,7
170899,4
170900,1
170901,2
170902,2
170903,1
170904,4
170905,4
170906,3
170907,3
170908,1
170909,2
170910,2
170911,2
170912,2
170913,1
170914,2
170915,2
170916,4
170917,3
170918,3
170919,3
170920,2
170921,2
170922,4
170923,2
170924,1
170925,2
170926,2
170927,1
170928,2
170929,2
170930,1
170931,1
170932,3
170933,1
170934,1
170935,3
170936,2
170937,2
170938,2
170939,3
170940,3
170941,2
170942,4
170943,1
170944,2
170945,1
170946,1
170947,2
170948,3
170949,2
170950,2
170951,1
170952,2
170953,1
170954,4
170955,2
170956,2
170957,2
170958,2
170959,3
170960,2
170961,1
170962,1
170963,2
170964,2
170965,3
170966,2
170967,2
170968,2
170969,2
170970,2
170971,3
170972,1
170973,2
170974,3
170975,2
170977,2
170978,2
170979,3
170980,1
170981,1
170982,2
170983,2
170984,2
170985,3
170986,1
170987,4
170988,1
170989,3
170990,2
170991,3
170992,6
170993,2
170994,4
170995,1
170996,2
170997,4
170998,2
170999,2
171000,2
171001,2
171002,2
171003,1
171004,2
171005,3
171006,5
171007,1
171008,2
171009,1
171010,2
171011,7
171012,3
171013,4
171014,2
171015,3
171016,1
171017,1
171018,2
171019,1
171020,1
171021,5
171022,1
171023,2
171024,2
171025,2
171026,1
171027,2
171028,3
171029,2
171030,1
171031,2
171032,1
171033,1
171034,2
171035,1
171036,3
171037,1
171038,3
171039,1
171040,2
171041,5
171042,1
171043,2
171044,2
171045,1
171046,1
171047,2
171048,1
171049,2
171050,2
171051,2
171052,1
171053,6
171054,3
171055,3
171056,2
171057,2
171058,3
171059,6
171060,2
171061,2
171062,6
171063,4
171064,4
171065,1
171066,1
171067,4
171068,2
171069,1
171070,3
171071,4
171072,2
171073,5
171074,3
171075,3
171076,2
171077,2
171079,9
171080,2
171081,2
171082,1
171083,1
171085,2
171086,1
171087,2
171088,2
171089,2
171090,4
171091,2
171092,2
171093,2
171094,2
171095,4
171096,9
171097,2
171098,2
171099,6
171100,1
171101,2
171102,6
171103,2
171104,5
171105,2
171106,4
171107,1
171108,2
171109,1
171110,3
171111,1
171112,4
171113,2
171114,2
171115,1
171116,2
171117,4
171118,1
171119,1
171120,5
171121,3
171122,2
171123,2
171124,2
171125,4
171126,2
171127,3
171128,2
171129,1
171130,4
171131,3
171132,1
171133,3
171134,3
171135,3
171136,2
171137,1
171138,2
171139,4
171140,2
171141,2
171142,4
171143,2
171144,4
171145,2
171146,2
171147,3
171148,3
171149,3
171150,2
171151,2
171152,3
171153,2
171154,3
171155,3
171156,3
171157,9
171158,11
171159,1
171160,2
171161,3
171162,2
171163,3
171164,2
171165,2
171166,2
171167,6
171168,3
171169,5
171170,3
171171,2
171172,3
171173,4
171174,2
180001,1
180003,1
180004,1
180005,2
180006,3
180007,2
180008,1
180009,3
180010,2
180011,2
180012,2
180013,2
180014,3
180015,2
180016,2
180017,2
180018,1
180019,1
180020,2
180021,3
180022,3
180023,1
180024,2
180025,1
180026,1
180027,2
180028,1
180029,1
180030,4
180031,3
180032,3
180033,1
180034,2
180035,4
180036,1
180037,3
180038,1
180039,2
180040,1
180041,2
180042,2
180043,6
180044,4
180045,4
180046,2
180047,1
180048,3
180049,3
180050,2
180051,3
180052,1
180053,1
180054,1
180055,2
180056,4
180057,1
180058,2
180059,2
180060,3
180061,2
180062,1
180063,1
180064,1
180065,2
180066,2
180067,2
180068,1
180069,2
180070,3
180071,2
180072,4
180073,4
180074,2
180075,1
180076,2
180077,2
180078,1
180079,3
180080,1
180081,2
180082,2
180083,4
180084,2
180085,2
180086,3
180087,4
180088,2
180089,4
180090,2
180091,6
180092,4
180093,2
180094,1
180095,1
180096,3
180097,3
180098,2
180099,2
180100,2
180101,3
180102,2
180103,2
180104,4
180105,5
180106,1
180107,2
180108,2
180109,3
180110,2
180111,6
180112,1
180113,2
180114,2
180115,1
180116,3
180117,3
180118,1
180119,4
180120,3
180121,4
180122,8
180123,2
180124,2
180125,3
180127,2
180128,1
180129,1
180130,2
180131,2
180132,3
180133,5
180134,5
180135,1
180136,2
180137,1
180138,3
180139,1
180140,2
180141,5
180145,1
180146,2
180147,2
180148,2
180149,1
180150,2
180151,3
180152,2
180153,2
180155,1
180156,1
180157,2
180158,2
180159,2
180160,3
180162,1
180163,1
180164,3
180165,1
180166,1
180167,3
180168,2
180169,3
180170,1
180171,2
180172,2
180173,3
180174,2
180175,11
180176,3
180177,5
180178,3
180179,1
180180,1
180181,1
180182,1
180183,3
180184,2
180185,1
180186,3
180187,1
180188,2
180189,1
180190,2
180191,4
180192,2
180193,2
180194,1
180195,3
180196,1
180197,5
180198,1
180199,5
180200,1
180201,1
180202,1
180203,1
180204,2
180205,5
180206,4
180208,3
180210,2
180211,1
180212,3
180213,3
180214,1
180215,4
180216,1
180217,2
180218,2
180219,1
180220,3
180221,1
180222,1
180223,3
180224,2
180225,3
180226,2
180227,1
180228,3
180230,1
180231,6
180232,3
180234,2
180235,7
180236,1
180237,1
180238,1
180239,3
180240,2
180241,3
180242,2
180243,2
180244,3
180245,2
180246,2
180247,1
180248,3
180249,2
180250,5
180251,3
180252,5
180253,2
180254,4
180255,1
180256,1
180257,2
180258,2
180259,1
180260,2
180261,1
180262,2
180263,1
180264,3
180265,2
180266,2
180267,2
180268,1
180269,1
180270,2
180271,2
180272,2
180273,2
180274,2
180275,3
180276,4
180277,2
180278,3
180279,4
180280,1
180281,6
180282,2
180283,1
180284,2
180285,1
180286,2
180287,1
180288,2
180289,2
180290,3
180291,6
180292,1
180293,2
180294,4
180295,1
180296,2
180297,2
180298,2
180299,2
180300,2
180301,2
180302,1
180303,2
180304,2
180305,2
180306,4
180307,1
180308,1
180309,3
180310,2
180311,1
180312,2
180313,2
180314,1
180315,6
180316,2
180317,2
180318,2
180320,9
180321,4
180322,1
180323,2
180324,2
180325,2
180326,2
180327,1
180328,3
180329,3
180330,4
180331,3
180332,2
180333,1
180334,3
180335,1
180336,2
180338,1
180339,1
180340,2
180341,3
180342,3
180343,1
180344,3
180345,4
180346,1
180347,1
180348,1
180349,1
180350,2
180351,2
180352,4
180354,1
180355,2
180356,1
180357,1
180358,1
180359,2
180360,2
180361,2
180362,1
180363,2
180364,2
180365,1
180366,4
180368,2
180369,2
180370,3
180371,1
180372,3
180373,2
180374,1
180375,1
180376,1
180377,2
180378,1
180379,2
180380,4
180381,3
180382,2
180383,2
180384,3
180385,2
180386,1
180387,2
180388,4
180389,1
180390,2
180391,2
180392,2
180393,6
180394,2
180395,1
180396,2
180397,1
180398,2
180399,1
180400,1
180402,1
180403,2
180404,1
180405,2
180406,2
180407,4
180408,3
180409,2
180410,5
180411,1
180412,4
180413,2
180414,2
180415,3
180416,1
180417,1
180418,2
180419,2
180420,1
180421,2
180422,1
180423,1
180424,3
180425,1
180426,2
180427,2
180428,1
180429,1
180430,1
180431,1
180432,2
180433,2
180434,1
180435,2
180436,2
180437,2
180438,2
180440,1
180441,2
180442,2
180443,2
180444,2
180445,3
180446,3
180447,1
180448,2
180450,3
180451,2
180452,1
180453,2
180454,2
180455,2
180456,1
180457,1
180458,3
180459,4
180460,1
180461,3
180462,2
180463,3
180464,2
180466,1
180467,1
180468,2
180469,1
180470,1
180471,2
180472,3
180473,2
180474,2
180475,2
180476,2
180477,3
180478,1
180479,2
180480,2
180481,1
180482,1
180483,1
180484,2
180485,2
180486,2
180487,2
180488,2
180489,1
180490,1
180491,2
180492,1
180493,2
180494,1
180495,1
180496,3
180497,3
180498,1
180499,2
180500,3
180501,1
180502,2
180503,1
180504,5
180505,2
180506,1
180507,3
180508,2
180509,3
180510,2
180511,5
180512,2
180513,2
180514,2
180515,2
180516,4
180517,2
180518,2
180519,4
180520,2
180521,3
180522,2
180523,3
180524,2
180525,1
180526,3
180527,2
180528,4
180529,1
180530,2
180531,1
180532,2
180533,2
180534,2
180535,3
180536,3
180537,3
180538,2
180539,4
180540,1
180541,2
180542,1
180543,3
180544,2
180545,1
180546,2
180547,3
180548,4
180549,1
180550,2
180551,2
180552,1
180553,5
180554,2
180555,1
180556,3
180559,2
180560,1
180561,1
180562,2
180563,1
180564,2
180565,3
180566,2
180567,2
180568,1
180569,2
180570,1
180571,2
180572,2
180573,3
180574,1
180575,1
180577,2
180578,3
180579,1
180580,3
180581,5
180582,1
180583,2
180584,4
180585,2
180586,2
180587,2
180588,1
180589,1
180590,2
180591,2
180592,5
180593,2
180594,2
180597,1
180598,1
180600,2
180601,2
180602,2
180603,1
180604,2
180605,1
180606,2
180607,1
180608,1
180609,1
180610,1
180611,2
180612,2
180613,2
180614,5
180615,2
180616,2
180617,2
180618,2
180619,8
180620,3
180621,2
180622,1
180623,2
180624,2
180625,2
180626,1
180627,1
180628,3
180629,2
180630,1
180631,3
180632,1
180633,1
180634,2
180635,4
180636,1
180637,4
180638,2
180639,3
180641,3
180643,2
180645,2
180646,2
180648,2
180649,2
180650,3
180651,2
180652,2
180653,2
180654,1
180655,3
180656,2
180657,3
180658,2
180659,7
180660,1
180661,3
180662,7
180663,2
180664,2
180665,2
180666,2
180667,2
180668,1
180669,2
180670,9
180671,2
180672,2
180673,2
180674,3
180675,1
180676,3
180677,7
180678,1
180679,2
180680,2
180681,2
180682,3
180683,2
180684,2
180685,2
180686,7
180687,4
180688,1
180689,5
180690,2
180691,1
180692,4
180693,2
180694,1
180695,4
180696,1
180698,4
180699,1
180700,2
180701,2
180702,2
180703,2
180704,2
180705,4
180706,3
180707,2
180708,2
180709,4
180710,1
180711,3
180712,2
180713,2
180714,2
180715,2
180716,1
180717,3
180718,2
180719,1
180720,2
180721,3
180722,1
180723,4
180724,2
180725,1
180726,1
180727,1
180728,3
180729,3
180730,2
180731,2
180732,2
180733,2
180734,1
180735,3
180736,2
180737,2
180738,1
180739,4
180740,2
180741,1
180742,2
180743,2
180744,1
180745,5
180746,2
180747,3
180748,2
180749,2
180750,5
180751,1
180752,3
180753,1
180754,3
180755,3
180756,3
180757,1
180758,3
180759,1
180760,1
180761,4
180762,2
180763,1
180764,1
180765,4
180766,2
180767,3
180768,3
180770,9
180771,3
180772,5
180773,2
180775,2
180776,2
180777,5
180778,1
180779,1
180780,1
180781,1
180782,2
180783,1
180784,5
180785,1
180786,2
180787,1
180788,1
180789,2
180790,1
180791,2
180792,2
180793,2
180794,2
180795,1
180796,2
180797,2
180798,1
180799,2
180800,2
180802,3
180803,2
180804,1
180805,5
180806,3
180807,2
180808,2
180809,1
180810,2
180811,1
180813,1
180814,2
180815,10
180816,2
180817,2
180818,2
180819,2
180820,4
180821,4
180822,2
180823,2
180824,3
180825,2
180826,1
180827,2
180829,2
180830,6
180831,2
180832,1
180833,2
180834,1
180835,1
180836,3
180837,2
180838,2
180839,2
180840,3
180842,2
180843,3
180844,2
180845,2
180846,2
180847,2
180848,4
180849,1
180850,1
180851,4
180852,5
180853,3
180854,3
180855,4
180856,2
180857,2
180858,2
180859,2
180860,2
180861,3
180862,1
180863,5
180864,1
180865,2
180866,6
180867,6
180868,1
180869,2
180870,1
180871,2
180872,2
180873,2
180874,2
180875,1
180876,3
180877,1
180878,2
180879,2
180880,1
180881,3
180882,2
180883,3
180884,1
190001,1
190002,2
190003,2
190004,2
190005,4
190006,2
190007,2
190008,4
190009,3
190010,2
190011,2
190012,5
190013,1
190014,1
190015,1
190016,1
190017,1
190018,2
190019,14
190020,1
190021,2
190022,2
190023,3
190024,3
190025,2
190026,2
190027,1
190028,5
190029,2
190030,3
190031,2
190032,2
190033,9
190034,1
190035,2
190036,1
190037,2
190038,1
190039,3
190040,1
190041,3
190042,4
190043,1
190044,3
190046,2
190047,4
190048,2
190049,1
190050,4
190051,1
190052,3
190053,3
190054,1
190055,1
190056,1
190058,2
190059,3
190060,2
190061,2
190062,2
190063,2
190064,1
190065,2
190066,2
190067,2
190068,1
190069,1
190070,4
190071,2
190072,1
190073,1
190074,3
190075,1
190076,3
190077,3
190078,2
190079,1
190080,2
190081,1
190082,2
190083,1
190084,2
190085,4
190086,1
190087,5
190088,3
190089,1
190090,2
190091,2
190092,2
190093,2
190094,1
190095,2
190096,2
190097,1
190098,2
190099,1
190100,2
190101,2
190103,2
190104,1
190105,1
190106,2
190107,3
190108,3
190109,1
190110,1
190111,1
190112,2
190113,2
190114,2
190115,1
190116,2
190117,2
190118,1
190119,2
190120,1
190121,1
190122,1
190123,1
190124,2
190125,1
190126,1
190127,4
190128,3
190129,1
190130,1
190131,1
190132,2
190133,3
190134,1
190135,2
190136,2
190137,4
190138,6
190139,1
190140,4
190141,1
190142,1
190143,1
190144,2
190145,3
190146,2
190147,3
190148,1
190149,2
190150,2
190151,1
190152,3
190153,1
190154,2
190155,3
190156,2
190157,1
190158,5
190159,2
190160,1
190161,1
190162,3
190163,2
190164,4
190165,4
190166,6
190167,1
190168,2
190169,3
190170,2
190171,1
190172,4
190173,2
190175,4
190176,2
190177,1
190178,1
190179,1
190180,2
190181,2
190182,2
190183,2
190184,5
190185,2
190186,1
190187,3
190188,2
190189,2
190190,2
190191,4
190192,6
190193,2
190194,1
190195,1
190196,2
190197,4
190198,5
190199,1
190200,2
190201,1
190202,2
190203,2
190204,2
190205,7
190206,2
190207,1
190208,2
190209,1
190210,2
190211,1
190212,2
190213,3
190214,2
190215,3
190216,1
190217,1
190218,3
190219,1
190220,1
190221,2
190222,1
190223,6
190224,1
190225,3
190226,2
190227,2
190228,1
190229,2
190230,3
190231,2
190232,1
190233,2
190234,2
190235,4
190236,2
190237,2
190238,2
190239,2
190240,2
190241,3
190242,2
190243,1
190244,2
190245,1
190246,5
190247,1
190248,2
190249,1
190250,1
190251,2
190252,1
190253,2
190254,2
190255,3
190256,1
190257,2
190258,2
190259,1
190260,2
190261,3
190262,1
190263,1
190264,2
190266,1
190267,1
190268,2
190269,3
190270,2
190271,2
190272,1
190273,1
190274,4
190275,3
190276,2
190277,1
190278,2
190279,1
190280,2
190281,3
190282,3
190283,1
190284,2
190285,1
190286,2
190287,3
190288,2
190289,2
190290,2
190291,2
190292,2
190293,1
190294,1
190295,1
190296,2
190297,1
190298,4
190299,4
190300,1
190301,2
190302,4
190303,3
190304,1
190305,2
190306,4
190307,2
190308,2
190309,5
190310,2
190311,1
190312,2
190313,3
190314,1
190315,2
190316,2
190317,3
190318,2
190319,3
190320,5
190321,2
190322,2
190323,4
190324,3
190325,2
190326,1
190327,2
190328,2
190329,2
190330,2
190331,2
190332,1
190333,2
190334,2
190335,1
200001,4
200002,2
200003,3
200004,6
200005,3
200006,2
200007,1
200008,1
200009,9
200010,2
200011,3
200012,1
200013,4
200014,3
200015,2
200016,2
200017,3
200018,1
200019,4
200020,1
200021,1
200022,1
200023,3
200024,2
200025,1
200026,3
200027,1
200028,5
200029,4
200030,1
200031,1
200032,3
200034,2
200035,2
200036,4
200037,2
200038,1
200039,1
200040,1
200041,1
200042,3
200043,2
200044,1
200045,2
200046,2
200047,2
200048,2
200049,2
200050,3
200051,2
200052,1
200053,1
200054,2
200055,3
200056,2
200057,2
200058,1
200059,1
200060,2
200061,4
200063,1
200065,3
200066,4
200067,8
200068,3
200069,3
200070,3
200071,3
200072,2
200073,1
200074,1
200075,1
200076,2
200077,2
200078,2
200079,7
200081,2
200082,3
200084,1
200085,1
200086,4
200087,4
200089,2
200091,2
200092,2
200093,2
200094,1
200095,1
200096,3
200097,1
200098,2
200099,1
200101,2
200102,2
200103,2
200104,2
200105,1
200106,1
200108,5
200109,1
200110,2
200111,2
200113,1
200114,2
200115,4
200116,2
200117,4
200118,1
200119,2
200120,2
200121,4
200122,2
200124,3
200125,1
200126,2
200127,1
200128,1
200129,4
200130,1
200131,5
200132,4
200133,4
200134,3
200136,2
200137,1
200138,3
200139,3
200140,2
200141,1
200143,1
200144,1
200145,2
200146,4
200147,1
200149,1
200150,2
200151,3
200152,2
200154,2
200155,3
200156,2
200157,1
200158,3
200159,2
200160,3
200161,2
200162,2
200163,2
200164,2
200165,5
200166,1
200167,5
200168,5
200169,2
200170,3
200171,2
200173,2
200175,2
200177,10
200178,3
200180,15
200181,3
200182,5
200183,2
200184,2
200185,1
200186,1
200187,1
200188,4
200189,1
200190,2
200191,1
200192,2
200193,1
200194,2
200195,1
200196,2
200197,3
200198,2
200199,9
200200,2
200201,2
200202,1
200203,2
200204,2
200205,2
200206,2
200207,1
200208,1
200209,1
200210,4
200211,3
200212,2
200213,1
200214,2
200215,3
200216,3
200217,3
200218,5
200220,3
200221,3
200222,6
200223,1
200224,2
200225,2
200226,3
200228,15
200229,1
200230,2
200231,2
200232,3
200233,1
200234,1
200235,3
200236,2
200237,3
200238,1
200239,1
200240,2
200241,1
200242,1
200243,2
200244,1
200245,1
200246,4
200247,1
200248,2
200249,3
200250,1
200251,1
200252,2
200253,1
200254,2
200255,2
200256,1
200257,1
200259,2
200260,1
200261,5
200262,1
200263,1
200264,3
200266,5
200267,3
200268,1
200269,2
200271,1
200272,2
200273,5
200274,1
200275,5
200276,1
200277,2
200278,2
200279,1
200280,2
200281,1
200282,2
200283,2
200284,3
200285,1
200286,7
200287,3
200288,1
200290,2
200291,3
200292,1
200293,1
200294,4
200295,3
200296,8
200297,4
200298,1
200299,5
200300,3
200301,1
200302,2
200303,2
200304,1
200305,1
200306,2
200307,3
200308,1
200309,3
200310,6
200311,2
200312,4
200313,2
200314,2
200315,3
200316,2
200317,2
200318,1
200319,2
200320,1
200321,1
200322,3
200323,1
200324,1
200325,3
200326,1
200327,2
200328,3
200329,2
200330,3
200331,2
200332,3
200333,3
200334,1
200335,1
200336,3
200337,8
200339,2
200340,4
200341,3
200342,2
200343,2
200345,3
200346,1
200347,4
200348,2
200349,3
200350,5
200351,2
200352,2
200353,1
200354,2
200355,4
200356,1
200357,1
200358,1
200359,2
200360,2
200361,3
200362,7
200363,3
200364,4
200365,3
200367,2
200368,3
200369,3
200370,3
200371,1
200372,2
200373,2
200374,3
200375,2
200376,1
200377,1
200378,1
200379,2
200380,1
200381,2
210001,2
210002,4
210003,1
210004,2
210005,2
210006,2
210007,3
210008,8
210009,5
210010,3
210011,2
210012,1
210013,1
210014,2
210015,4
210016,3
210017,1
210018,3
210019,2
210020,2
210021,2
210022,2
210023,2
210024,3
210025,2
210026,2
210027,2
210028,1
210029,2
210030,2
210031,3
210032,2
210033,2
210034,5
210035,1
210036,3
210037,3
210038,5
210039,3
210040,1
210041,1
210042,3
210043,1
210044,3
210045,3
210046,2
210047,1
210048,2
210049,4
210050,3
210051,5
210052,4
210053,2
210054,2
210055,2
210056,1
210057,3
210058,1
210059,1
210060,1
210061,3
210062,1
210063,2
210064,1
210065,4
210066,2
210067,2
210068,1
210069,2
210070,2
210071,6
210072,1
210073,2
210074,3
210075,2
210076,5
210077,2
210079,1
210080,2
210081,1
210082,2
210083,1
210084,1
210085,4
210086,1
210087,1
210088,2
210089,2
210090,2
210091,2
210092,2
210093,2
210094,2
210095,2
210096,2
210097,2
210098,2
210099,2
210100,2
210101,1
210102,3
210103,3
210104,9
210105,3
210106,1
210107,2
210108,1
210109,7
210110,2
210111,1
210112,4
210113,3
210114,1
210115,3
210116,3
210117,2
210118,1
210119,2
210120,1
210121,3
210122,4
210123,1
210124,3
210125,2
210126,3
210127,2
210128,2
210129,2
210130,1
210131,2
210132,1
210133,1
210134,2
210135,1
210136,2
210137,1
210138,2
210139,1
210140,1
210141,2
210142,1
210143,1
210144,2
210145,2
210146,3
210147,1
210148,2
210149,2
210150,6
210151,1
210152,2
210153,5
210154,1
210155,3
210156,1
210157,2
210158,1
210159,1
210160,1
210161,1
210163,1
210164,5
210165,2
210166,2
210167,1
210168,4
210169,1
210170,8
210171,1
210172,2
210173,1
210174,1
210175,2
210176,7
210177,2
210178,2
210179,2
210180,1
210181,2
210182,1
210183,3
210184,2
210185,4
210186,1
210187,1
210188,3
210189,2
210190,5
210191,1
210192,3
210193,4
210194,5
210195,2
210196,2
210197,2
210199,2
210200,4
210201,3
210202,2
210203,6
210204,2
210205,2
210206,1
210207,1
210208,2
210209,2
210210,3
210211,2
210212,1
210213,2
210215,3
210216,3
210217,3
210218,1
210219,1
210220,1
210221,2
210222,2
210223,5
210224,1
210225,3
210226,2
210227,1
210229,2
210230,3
210231,2
210232,3
210233,3
210234,2
210235,2
210236,4
210237,3
210238,3
210239,2
210240,5
210241,2
210242,5
210243,2
210244,2
210245,2
210246,2
210247,1
210248,1
210249,1
210250,3
210251,2
210252,7
210253,2
210254,1
210255,3
210256,2
210257,1
210258,2
210259,1
210260,2
210261,1
210262,9
210263,2
210264,3
210265,2
210266,3
210267,1
210268,2
210269,2
210270,1
210271,4
210272,1
210273,2
210274,3
210275,3
210276,6
210277,4
210278,3
210279,2
210280,1
210281,3
210282,1
210283,1
210284,5
210285,1
210286,3
210287,6
210288,2
210289,1
210290,3
210291,4
210292,3
210293,1
210294,1
210295,1
210296,2
210297,2
210298,5
210299,3
210300,2
210301,1
210302,1
210303,2
210304,1
210305,1
210306,1
210307,1
210308,2
210309,2
210310,2
210311,8
210312,1
210313,3
210314,1
210315,2
210316,1
210317,4
210318,2
210319,1
210320,2
210321,5
210322,1
210323,4
210324,1
210325,3
210326,3
210327,2
210328,1
210329,1
210330,1
210331,1
210332,2
210333,2
210334,5
210335,1
210336,2
210337,3
210338,2
210339,3
210340,2
210341,2
210342,2
210343,2
210344,2
210345,2
210346,4
210347,2
210348,5
210349,2
210350,2
210351,2
210352,2
210353,1
210354,2
210355,1
210356,1
210357,1
210358,2
210359,6
210360,2
210361,2
210362,1
210363,2
210364,3
210365,1
210366,6
210367,2
210368,4
210369,3
210370,3
210371,3
210372,5
210373,3
210374,1
210375,2
210376,3
210377,2
210378,1
210379,2
210380,2
210381,2
210383,1
210384,2
210385,4
210386,2
210387,4
210388,6
210389,1
210391,1
210392,3
210393,5
210394,2
210395,2
210396,5
210397,2
210398,2
210399,2
210400,2
210401,2
210402,2
210403,1
210404,2
210405,4
210406,2
210407,4
210408,1
210409,3
210410,5
210411,1
210412,1
210413,2
210414,1
210415,2
210416,2
210417,2
210418,2
210419,2
210420,3
210421,1
210422,3
210423,5
210424,2
210425,1
210426,1
210427,3
210428,5
210429,3
210430,3
210431,2
210432,2
210433,1
210434,2
210435,3
210436,2
210437,2
210438,5
210439,7
210440,5
210441,2
210442,1
210443,2
210444,2
210445,4
210446,2
210447,3
210448,2
210449,2
210451,1
210452,1
210453,2
210454,3
210455,1
210456,3
210457,1
210458,1
210459,5
210460,1
210461,2
210462,2
210463,4
210464,2
210465,3
210466,2
210467,3
210468,2
210469,2
210470,1
210471,1
210472,1
210473,1
210474,5
210475,2
210476,2
210477,3
210478,1
210479,1
210480,1
210481,1
210482,1
210483,4
210484,2
210485,1
210486,2
210487,2
210488,2
210489,7
210490,2
210491,1
210492,2
210493,2
210494,1
210495,2
210496,2
210497,1
210498,2
210499,2
210500,2
210501,2
210502,2
210503,1
210504,1
210505,3
210506,2
210507,2
210508,3
210509,3
210510,2
210511,2
210512,2
210513,2
210514,2
210516,3
210517,3
210518,1
210519,4
210520,2
210521,1
210522,4
210523,1
210524,1
210525,2
210526,2
210527,2
210528,2
210529,1
210530,2
210531,4
210532,1
210533,2
210534,1
210535,2
210536,2
210537,2
210538,2
210539,4
210540,1
210541,1
210542,2
210543,4
210544,1
210545,1
210546,1
210547,1
210548,4
210549,1
210550,2
210551,2
210552,3
210553,1
210554,2
210555,2
210556,1
210557,1
210558,2
210559,4
210560,1
210561,2
210562,4
210563,2
210564,1
210565,1
210566,4
210567,2
210568,3
210569,3
210570,7
210571,2
210572,2
210573,6
210574,4
210575,2
210576,1
210577,3
210578,2
210579,2
210580,2
210581,3
210582,3
210583,4
210584,1
210585,3
210586,3
210587,4
210588,1
210589,2
210590,3
210591,3
210592,1
210593,2
210594,2
210595,1
210596,1
210597,5
210598,1
210599,5
210600,2
210602,2
210603,1
210604,1
210605,1
210606,3
210607,3
210608,2
210609,2
210610,2
210611,2
210612,2
210613,3
210614,2
210616,1
210617,2
210618,9
210619,1
210620,1
210621,3
210622,2
210623,3
210624,2
210625,2
210626,1
210627,1
210628,2
210629,2
210630,3
210631,5
210632,4
210633,2
210634,2
210635,1
210636,2
210637,4
210638,2
210639,3
210640,3
210641,1
210642,1
210643,2
210644,2
210645,2
210646,8
210647,3
210648,1
210649,4
210650,4
210651,1
210652,2
210653,2
210654,3
210655,2
210656,2
210657,3
210658,3
210659,3
210660,2
210661,3
210662,2
210663,1
210664,4
210665,4
210666,6
210667,3
210668,2
210669,2
210670,2
210671,1
210672,1
210673,1
210674,1
210675,1
210676,2
210677,2
210678,5
210679,5
210680,1
210681,2
210682,4
210683,2
210684,2
210685,2
210686,2
210687,2
210688,2
210689,2
210690,4
210691,6
210692,2
210693,1
210694,3
210695,2
210696,1
210697,2
210698,2
210699,1
210700,1
210701,4
210702,3
210703,2
210704,1
210705,4
210706,2
210707,2
210708,3
210709,2
210710,3
210711,2
210712,6
210713,2
210714,2
210715,2
210716,3
210717,12
210718,2
210719,2
210720,4
210721,2
210722,2
210723,1
210724,1
210725,4
210726,2
210727,2
210728,2
210729,2
210730,2
210731,3
210732,3
210733,3
210734,2
210735,1
210736,2
210738,1
210739,1
210740,4
210741,3
210742,2
210743,1
210744,1
210745,1
210746,1
210747,1
210748,2
210749,1
210750,2
210751,1
210752,1
210753,1
210754,2
210755,6
210756,1
210757,1
210758,2
210759,2
210760,6
210761,4
210762,2
210763,1
210764,2
210765,1
210766,4
210767,3
210768,3
210769,3
210770,3
210771,1
210772,1
210773,1
210774,1
210775,2
210776,3
210777,1
210778,1
210779,2
220001,4
220002,1
220003,2
220004,1
220005,2
220006,5
220007,2
220008,4
220009,2
220010,1
220011,2
220012,1
220013,3
220014,3
220015,2
220016,2
220017,3
220018,3
220019,2
220020,2
220021,1
220022,1
220023,2
220024,2
220025,1
220026,1
220027,2
220028,2
220029,1
220030,3
220031,4
220032,2
220033,1
220034,4
220035,2
220036,1
220037,3
220038,3
220039,1
220041,2
220042,5
220043,2
220044,3
220045,1
220046,1
220048,3
220049,2
220050,3
220051,2
220052,1
220053,1
220054,3
220055,1
220056,4
220057,7
220058,1
220059,1
220060,2
220061,1
220062,8
220063,2
220064,2
220065,2
220066,7
220067,3
220068,1
220069,1
220070,1
220071,2
220072,4
220073,4
220074,2
220075,6
220076,2
220077,3
220078,1
220079,2
220080,2
220081,1
220082,3
220083,4
220084,2
220086,2
220087,2
220088,1
220089,2
220090,4
220091,3
220092,5
220093,2
220094,2
220095,1
220096,2
220097,1
220098,8
220099,2
220100,3
220101,2
220103,1
220104,2
220105,3
220106,2
220107,6
220108,2
220109,3
220110,1
220111,1
220112,3
220113,2
220114,1
220115,1
220116,8
220117,2
220118,2
220119,2
220120,4
220121,2
220122,3
220123,2
220124,2
220125,2
220126,1
220127,2
220128,2
220129,3
220130,3
220131,2
220132,1
220133,1
220134,3
220135,2
220136,4
220137,6
220138,7
220139,2
220140,2
220141,2
220142,7
220143,4
220144,1
220145,2
220146,10
220147,2
220148,1
220149,3
220150,3
220151,2
220152,1
220153,3
220154,2
220155,5
220156,4
220157,2
220158,2
220159,2
220160,4
220161,2
220162,1
220163,2
220164,2
220165,1
220166,3
220167,2
220168,2
220169,2
220170,3
220171,4
220172,6
220173,1
220174,2
220175,7
220176,3
220178,4
220179,2
220180,3
220181,8
220182,1
220183,2
220184,2
220185,1
220186,1
220187,3
220188,2
220189,2
220190,2
220191,2
220192,2
220193,1
220194,2
220195,2
220196,2
220197,1
220198,2
220199,8
220200,1
220201,8
220202,2
220203,7
220204,1
220205,2
220206,2
220207,1
220208,1
220209,1
220210,2
220211,2
220212,1
220213,3
220214,2
220215,1
220216,1
220217,2
220218,3
220219,2
220220,1
220221,1
220222,3
220223,2
220224,1
220225,5
220226,2
220227,3
220228,1
220229,3
220230,2
220231,2
220232,2
220234,2
220235,2
220236,4
220237,5
220238,2
220239,1
220240,4
220241,2
220242,2
220243,4
220244,2
220245,1
220246,4
220247,1
220248,1
220249,1
220250,2
220251,1
220252,2
220253,2
220254,3
220255,2
220256,4
220257,3
220258,2
220259,3
220260,1
220261,7
220262,3
220263,1
220264,3
220265,1
220266,4
220267,2
220268,1
220269,2
220270,3
220271,2
220272,1
220273,1
220274,3
220275,1
220276,3
220277,1
220279,1
220280,5
220281,3
220282,1
220283,2
220284,1
220285,1
220287,3
220288,2
220289,1
220290,2
220291,2
220292,4
220293,2
220294,3
220295,4
220296,2
220297,2
220298,1
220299,3
220300,4
220301,1
220302,3
220303,2
220304,2
220305,2
220307,2
220309,5
220310,2
220311,2
220312,3
220313,1
220314,2
220315,5
220316,1
220317,3
220318,1
220319,2
220320,2
220321,2
220322,2
220323,2
220324,2
220325,2
220326,2
220327,5
220328,2
220329,2
220330,3
220331,2
220332,3
220333,2
220334,2
220335,2
220336,2
220337,2
220338,2
220339,1
220340,2
220341,3
220342,1
220343,2
220344,1
220345,4
220346,1
220347,1
220348,2
220349,2
220350,1
220351,1
220352,2
220353,3
220354,2
220356,1
220357,4
220358,1
220359,1
220360,3
220362,1
220363,5
220364,3
220365,2
220366,1
220367,1
220368,1
220369,2
220370,4
220371,1
220372,2
220373,4
220374,3
220375,2
220376,4
220377,2
220378,2
220379,3
220380,2
220381,2
220382,1
220383,3
220384,1
220385,1
220386,2
220387,6
220388,1
220389,2
220390,3
220391,5
220392,2
220393,1
220394,3
220395,2
220396,9
220397,1
220398,1
220399,3
220400,2
220401,3
220402,2
220403,1
220404,1
220405,2
220406,4
220407,1
220408,4
220409,4
220410,1
220411,3
220412,2
220413,1
220414,1
220415,1
220416,2
220417,3
220418,1
220419,4
220420,2
220421,2
220422,1
220423,3
220424,2
220425,3
220426,3
220427,3
220428,1
220429,7
220430,3
220431,4
220432,1
220433,2
220434,4
220435,1
220436,2
220437,4
220438,3
220439,2
220440,1
220441,2
220442,4
220443,2
220444,2
220445,3
220446,15
220447,2
220448,4
220449,2
220450,3
220451,3
220452,3
220453,3
220454,1
220455,3
220456,4
220457,3
220458,7
220459,3
220460,5
220461,3
220462,2
220463,2
220464,1
220465,2
220467,2
220468,1
220469,8
220470,3
220471,4
220472,4
220474,2
220476,1
220477,2
220478,1
220479,2
220480,2
220481,1
220482,1
220483,3
220484,4
220485,3
220486,8
220487,3
220488,2
220489,2
220490,3
220491,4
220492,6
220493,1
220494,2
220495,1
220496,6
220497,1
220498,3
220499,1
220500,2
220501,5
220502,1
220503,3
220504,2
220505,1
220506,1
220507,2
220508,4
220509,2
220510,1
220511,2
220512,3
220513,2
220514,2
220515,2
220516,2
220517,1
220518,2
220519,2
220520,3
220521,1
220522,2
220523,2
220524,1
220525,3
220526,3
220527,2
220528,1
220529,2
220530,2
220531,2
220532,2
220533,2
220534,2
220535,2
220536,1
220537,9
220538,1
220539,1
220540,1
220541,2
220542,1
220543,1
220544,2
220545,2
220546,2
220547,1
220548,2
220549,1
220550,3
220551,1
220552,2
220553,2
220554,1
220555,3
220556,4
220557,1
220558,4
220559,1
220560,3
220561,2
220562,2
220563,2
220564,1
220565,1
220566,1
220567,1
220568,3
220569,1
220570,2
220571,1
220572,2
220573,5
220574,2
220575,2
220576,2
220577,2
220578,3
220579,3
220580,2
220582,1
220583,2
220584,3
220585,2
220586,1
220588,2
220589,2
220590,2
220591,2
220593,2
220594,2
220595,2
220596,3
220597,1
220598,4
220599,1
220600,1
220601,7
220602,4
220603,3
220604,3
220605,5
220606,2
220607,2
220608,3
220609,2
220610,1
220611,1
220612,1
220613,6
220614,3
220615,3
220616,3
220617,3
220618,3
220619,2
220620,2
220621,4
220622,1
220624,3
220626,3
220627,2
220628,1
220629,2
220630,5
220631,1
220632,5
220633,2
220634,2
220635,10
220636,3
220637,1
220638,2
220639,3
220640,5
220641,3
220642,2
220643,1
220644,2
220645,5
220646,2
220647,2
220648,2
220649,2
220650,4
220651,2
220652,2
220653,4
220654,2
220655,2
220656,2
220657,2
220658,5
220659,1
220660,2
220661,2
220662,5
220664,3
220665,5
220666,8
220667,2
220668,1
220669,2
220670,1
220671,3
220672,3
220673,3
220674,1
220676,3
220677,2
220678,3
220679,6
220680,3
220681,4
220682,2
220683,2
220684,7
220685,4
220686,5
220687,4
220688,3
220689,4
220690,2
220691,1
220692,2
220693,2
220694,2
220695,3
220696,1
220697,6
220698,4
220699,5
220700,1
220701,2
220702,1
220703,3
220704,1
220705,4
220706,3
220707,2
220708,1
220709,6
220710,1
220711,2
220712,2
220713,2
220714,3
220715,1
220716,1
220717,2
220718,1
220719,2
220720,2
220721,2
220722,2
220723,7
220724,2
220725,2
220726,2
220727,3
220728,2
220729,1
220731,2
220732,5
220733,2
220734,2
220735,1
220736,2
220737,3
220738,2
220739,3
220740,1
220741,3
220742,2
220743,2
220744,1
220745,2
220746,39
220747,3
220748,5
220749,11
220750,46
220751,2
220752,1
220753,1
220754,2
220755,1
220756,2
220757,2
220758,2
220759,4
220760,2
220761,1
220762,2
220763,2
220764,1
220765,2
220766,4
220767,3
220768,2
220769,4
220770,1
220771,1
220772,6
220773,2
220774,2
220775,2
220776,1
220777,3
220778,2
230001,2
230004,1
230006,6
230007,2
230008,3
230009,2
230010,3
230011,1
230012,4
230013,1
230014,1
230015,1
230016,3
230017,2
230018,2
230019,1
230020,1
230021,2
230022,2
230023,3
230024,1
230026,1
230027,1
230029,1
230030,2
230031,1
230032,2
230033,1
230034,7
230035,1
230036,1
230037,2
230038,1
230039,5
230040,2
230041,3
230042,1
230043,4
230044,1
230045,4
230046,1
230047,1
230048,1
230049,2
230050,2
230051,1
230052,7
230053,2
230054,3
230055,4
230056,1
230057,2
230058,2
230059,3
230060,2
230061,3
230062,2
230063,1
230064,1
230065,1
230066,2
230067,2
230068,4
230069,2
230070,2
230071,5
230072,1
230073,2
230074,4
230075,1
230076,2
230077,2
230078,3
230079,2
230080,2
230081,3
230082,1
230083,3
230084,2
230085,1
230086,2
230087,1
230088,4
230089,1
230090,2
230091,3
230092,2
230093,1
230094,1
230096,1
230097,1
230098,2
230099,1
230100,2
230101,2
230102,3
230103,3
230104,2
230105,2
230106,1
230107,1
230108,1
230109,2
230110,1
230111,3
230112,2
230113,2
230114,3
230115,2
230116,1
230117,1
230118,1
230119,4
230121,2
230122,2
230123,2
230124,1
230125,1
230126,1
230127,1
230128,2
230129,1
230130,5
230131,2
230132,1
230133,2
230134,1
240001,4
240002,4
240003,1
240004,1
240005,2
240006,7
240007,4
240008,2
240009,3
240010,1
240012,2
240013,2
240014,1
240016,2
240017,6
240018,3
240019,2
240020,4
240021,3
240022,4
240023,2
240024,2
240025,1
240026,1
240027,2
240028,1
240029,2
240030,1
240031,2
240032,2
240033,1
240034,2
240035,6
240036,3
240037,2
240038,2
240039,2
240040,2
240041,2
240042,1
240043,2
240044,1
240045,2
240046,2
240047,2
240048,1
240049,2
240050,1
240051,2
240052,4
240053,3
240054,3
240055,1
240056,3
240057,4
240058,2
240059,2
240060,3
240061,3
240062,2
240063,3
240064,2
240065,4
240066,4
240067,1
240068,2
240069,2
240070,4
240071,3
240072,4
240073,2
240074,2
240075,1
240076,3
240077,3
240078,1
240079,8
240080,2
240081,1
240082,2
240083,3
240084,2
240085,2
240086,1
240087,2
240088,2
240089,2
240090,1
240091,2
240092,3
240093,3
240094,2
240095,2
240096,1
240097,1
240098,4
240099,5
240100,2
240101,2
240102,2
240103,5
240104,2
240105,2
240106,4
240108,3
240109,2
240110,1
240111,2
240112,1
240113,3
240114,2
240115,2
240116,1
240117,3
240118,3
240119,2
240120,2
240121,2
240123,3
240124,2
240125,2
240126,3
240127,1
240129,1
240130,6
240131,5
240132,4
240133,3
240134,1
240135,1
240136,4
240137,2
240138,4
240139,1
240140,1
240141,1
240142,6
240143,2
240144,1
240145,1
240146,5
240147,2
240148,1
240149,2
240150,2
240151,2
240152,2
240153,1
240154,4
240155,2
240156,5
240157,1
240158,2
240159,2
240160,1
240161,4
240162,1
240163,3
240164,3
240165,2
240166,2
240167,2
240168,3
240169,9
240170,1
240171,1
240172,3
240173,3
240174,3
240175,2
240176,2
240178,2
240179,3
240180,2
240181,2
240182,3
240183,4
240184,1
240185,1
240186,3
240187,2
240188,4
240189,3
240190,3
240191,1
240192,2
240193,6
240194,3
240195,3
240196,4
240197,4
240198,2
240199,2
240200,3
240201,1
240202,3
240203,1
240204,2
240205,3
240206,1
240207,8
240208,1
240209,4
240210,2
240211,2
240212,4
240213,3
240214,9
240215,2
240216,1
240217,2
240218,1
240219,2
240220,1
240221,1
240222,3
240223,4
240224,1
240225,5
240226,2
240227,3
240228,2
240229,1
240230,3
240231,2
240232,1
240233,3
240234,8
240235,2
240236,2
240237,3
240238,3
240239,2
240240,3
240241,2
240242,1
240243,2
240244,5
240245,1
240246,1
240247,1
240248,1
240249,3
240250,2
240251,2
240252,2
240253,2
240254,3
240255,2
240256,8
240257,1
240258,2
240259,1
240260,1
240261,2
240262,3
240263,2
240264,2
240265,2
240266,2
240267,2
240268,1
240269,2
240270,2
240271,1
240272,2
240273,2
240274,2
240275,4
240276,5
240277,3
240278,2
240279,2
240281,3
240282,7
240283,4
240284,2
240285,3
240286,1
240287,2
240288,1
240289,3
240290,2
240291,11
240292,2
240293,1
240294,1
240295,3
240296,2
240297,1
240298,1
240299,2
240301,2
240302,4
240304,4
240305,1
240306,2
240307,3
240308,1
240309,2
240310,2
240312,2
240314,3
240315,1
240316,2
240317,7
240318,3
240320,1
240321,4
240322,2
240323,3
240324,1
240325,9
240326,1
240327,1
240328,2
240329,2
240330,2
240331,5
240332,3
240333,1
240334,4
240335,4
240336,2
240337,5
240338,2
240339,2
240340,5
240341,2
240342,2
240343,2
240344,2
240345,2
240346,1
240347,7
240348,9
240349,4
240350,2
240351,14
240352,3
240353,2
240354,2
240355,3
240356,2
240357,3
240358,2
240359,3
240360,1
240361,1
240362,3
240363,2
240364,3
240365,2
240366,3
240367,2
240368,1
240369,2
240370,2
240371,1
240372,1
240373,1
240374,2
240375,1
240376,2
240377,3
240378,2
240379,4
240380,4
240381,3
240382,1
240383,3
240384,2
240385,2
240386,2
240387,2
240388,2
240389,2
240390,4
240391,5
240392,2
240393,1
240394,3
240395,2
240397,3
240398,3
240399,4
240400,2
240401,1
240402,2
240403,2
240404,3
240405,2
240406,4
240407,4
240408,4
240409,3
240410,2
240411,4
240412,1
240413,4
240414,2
240415,3
240416,2
240417,2
240418,3
240419,3
240420,3
240421,5
240422,4
240423,3
240424,2
240425,1
240426,2
240427,3
240428,1
240429,2
240430,2
240431,6
240432,2
240433,2
240434,2
240435,5
240436,7
240437,4
240438,1
240439,3
240440,4
240441,2
240442,2
240443,3
240444,2
240445,2
240446,2
240447,2
240448,2
240449,3
240450,1
240451,1
240452,2
240453,2
240454,2
240455,2
240456,2
240457,1
240458,3
240459,1
240460,3
240461,1
240462,2
240463,3
240464,3
240465,4
240466,4
240467,2
240468,2
240469,5
240470,2
240471,1
240472,3
240473,2
240474,2
240475,2
240476,2
240477,2
240478,2
240479,2
240480,1
240481,3
240482,4
240483,2
240484,7
240485,3
240486,3
240487,2
240488,4
240489,2
240490,1
240491,1
240492,1
240493,2
240494,1
240495,2
240496,4
240497,2
240498,7
240499,4
240500,3
240501,2
240502,3
240503,1
240504,3
240505,1
240506,2
240507,5
240508,4
240509,2
240510,4
240512,2
240513,2
240514,2
240515,2
240516,2
240517,2
240518,5
240520,2
240521,2
240522,3
240523,4
240524,3
240525,3
240526,3
240527,2
240528,2
240529,2
240530,1
240531,2
240532,1
240534,3
240535,2
240536,3
240537,2
240538,2
240539,2
240540,2
240541,2
240542,2
240543,2
240544,2
240545,1
240546,2
240547,2
240548,2
240549,1
240550,3
240551,1
240552,2
240553,2
240554,2
240555,2
240556,2
240557,5
240558,2
240559,3
240560,2
240561,3
240562,2
240563,2
240564,2
240565,2
240566,2
240568,2
240569,2
240570,2
240571,2
240572,2
240573,2
240574,2
240575,2
240576,1
240577,4
240578,2
240579,3
240580,2
240581,2
240582,2
240583,4
240584,5
240585,2
240586,3
240587,2
240588,3
240589,3
240590,2
240591,2
240592,3
240593,2
240595,8
250001,4
250002,1
250003,2
250004,2
250005,1
250006,1
250007,2
250010,2
250011,1
250012,2
250013,1
250014,6
250015,2
250016,5
250017,2
250018,2
250019,1
250020,1
250021,3
250022,1
250023,2
250024,4
250025,1
250026,3
250027,1
250028,2
250029,1
250030,4
250031,4
250032,1
250033,2
250034,2
250036,2
250037,2
250038,3
250039,2
250040,2
250041,8
250042,2
250044,2
250045,1
250046,3
250047,2
250048,4
250049,2
250050,2
250051,2
250052,3
250053,1
250054,4
250055,3
250056,1
250057,1
250058,4
250059,1
250060,2
250061,3
250062,2
250063,2
250064,2
250065,3
250066,1
250067,2
250068,1
250069,1
250070,1
250071,4
250072,2
250073,1
250074,3
250075,1
250076,5
250077,1
250078,2
250079,2
250080,3
250081,1
250082,1
250083,1
250084,3
250085,1
250086,3
250087,6
250088,5
250089,3
250090,1
250091,1
250092,2
250094,2
250095,1
250096,2
250097,1
250098,2
250099,1
250100,1
250101,1
250102,1
250103,2
250104,2
250105,2
250106,2
250107,1
250108,3
250109,3
250110,1
250111,3
250112,1
250113,2
250114,1
250115,2
250116,3
250117,1
250118,1
250119,1
250120,2
250121,2
250122,1
250123,2
250124,2
250125,2
250126,2
250127,1
250128,4
250129,7
250130,1
250131,4
250132,3
250133,3
250134,2
250135,1
250136,3
250137,2
250138,2
250139,1
250140,3
250141,1
250142,2
250143,3
250144,2
250145,2
250146,1
250147,5
250148,6
250149,4
250150,1
250151,1
250152,1
250153,1
250154,1
250155,2
250156,2
250157,3
250159,2
250160,1
250161,2
250162,2
250163,5
250164,1
250165,1
250166,2
250167,3
250168,3
250169,18
250170,1
250171,2
250172,1
250173,4
250174,4
250175,3
250176,5
250177,3
250178,3
250180,2
250181,3
250182,1
250183,2
250184,2
250185,1
250186,1
250187,1
250188,2
250189,1
250190,2
250191,4
250192,3
250193,1
250194,1
250195,2
250196,3
250198,1
250199,2
250200,2
250201,1
250202,2
250203,1
250204,5
250205,2
250206,2
250207,2
250208,1
250209,2
250210,2
250211,5
250212,1
250213,3
250214,1
250215,3
250217,2
250218,3
250220,1
250221,1
250222,1
250223,3
250224,4
250225,2
250226,3
250227,1
250228,1
250229,3
250230,2
250231,2
250233,1
250234,1
250235,1
250236,3
250237,2
250238,1
250239,1
250240,2
250241,1
250242,1
250243,1
250244,3
250245,3
250246,2
250247,1
250248,3
250249,1
250250,2
250251,5
250252,1
250253,2
250254,1
250255,4
250256,1
250257,2
250258,2
250259,2
250260,2
250261,2
250262,3
250264,1
250265,2
250266,3
250267,3
250268,5
250269,4
250270,4
250271,2
250272,3
250273,2
250274,1
250275,3
250276,7
250277,2
250278,1
250279,4
250280,1
250281,2
250282,2
250283,1
250284,2
250285,2
250286,1
250288,2
250289,1
250290,5
250291,2
250292,6
250293,1
250294,1
250295,1
250296,3
250297,4
250298,1
250299,1
250300,2
250301,2
250303,2
250304,6
250305,2
250306,2
250307,4
250308,1
250309,2
250310,2
250311,3
250312,2
250313,1
250314,1
250315,2
250316,2
250317,2
250318,2
250319,4
250320,2
250321,2
250323,4
250324,1
250327,4
250328,1
250329,1
250330,7
250331,5
250334,2
250335,2
250336,2
250337,5
250338,2
250339,1
250340,6
250341,1
250342,7
250343,1
260001,2
260002,1
260003,1
260004,3
260005,1
260006,2
260007,2
260008,2
260009,1
260010,1
260011,1
260012,3
260013,2
260014,1
260015,2
260016,1
260017,1
260018,1
260019,3
260020,3
260021,2
260022,2
260023,1
260024,2
260025,1
260026,2
260027,1
260028,4
260029,2
260030,1
260031,1
260032,2
260033,3
260034,6
260035,2
260036,2
260037,2
260038,2
260039,3
260040,2
260041,6
260042,2
260043,3
260044,2
260045,2
260046,2
260047,2
260048,3
260049,2
260050,3
260051,4
260052,4
260053,1
260054,5
260055,1
260056,3
260057,1
260058,2
260059,2
260060,5
260061,6
260062,4
260063,4
260064,2
260065,3
260066,2
260067,4
260068,1
260069,1
260071,3
260072,2
260073,3
260074,2
260075,3
260076,2
260077,2
260078,8
260079,3
260080,2
260082,2
260083,2
260084,3
260085,1
260086,4
260087,6
260088,2
260089,4
260090,2
260091,4
260092,1
260093,6
260094,3
260095,2
260096,2
260097,3
260098,2
260099,5
260100,1
260101,3
260102,2
260103,2
260104,1
260105,1
260106,3
260107,2
260108,3
260109,2
260110,1
260111,2
260112,2
260113,2
260114,3
260115,3
260116,1
260118,2
260119,2
260120,1
260121,1
260122,1
260123,1
260124,4
260125,2
260126,4
260127,2
260128,3
260130,2
260131,2
260132,4
260133,1
260134,2
260135,1
260136,4
260137,4
260138,2
260139,2
260140,4
260141,2
260142,3
260143,5
260144,2
260145,3
260146,2
260147,2
260148,3
260149,1
260150,3
260151,7
260152,2
260153,1
260154,7
260155,3
260156,4
260157,3
260158,2
260159,5
260160,1
260161,2
260162,4
260163,2
260164,2
260165,3
260166,1
260167,2
260168,4
260169,2
260170,3
260171,2
260172,3
260173,1
260174,3
260175,1
260176,3
260177,1
260178,3
260179,1
260180,4
260181,7
260182,2
260183,1
260184,6
260185,2
260186,1
260187,2
260188,2
260189,1
260190,2
260191,2
260192,2
260193,2
260194,9
260195,5
260196,2
260197,3
260198,4
260199,2
260200,2
260201,2
260202,2
260203,2
260204,2
260205,2
260206,3
260207,3
260208,2
260209,2
260210,1
260211,1
260212,2
260213,1
260214,1
260215,1
260216,3
260217,2
260218,3
260219,3
260220,5
260221,4
260222,1
260223,3
260224,3
260225,2
260226,5
260227,3
260228,1
260229,2
260230,1
260231,1
260232,1
260233,2
260234,2
260235,2
260236,2
260237,3
260238,1
260239,3
260240,5
260241,3
260242,2
260243,1
260244,2
260245,2
260246,8
260247,4
260248,3
260249,1
260250,1
260251,3
260252,4
260253,3
260254,1
260255,4
260256,2
260257,4
260258,2
260259,2
260260,2
260261,5
260262,2
260263,5
260264,3
260265,2
260266,1
260267,1
260268,3
260269,2
260270,2
260271,3
260272,3
260274,2
260275,3
260276,2
260277,5
260278,5
260279,5
260280,2
260281,2
260282,2
260283,1
260284,2
260285,1
260286,2
260287,4
260288,2
260289,1
260290,1
260291,4
260292,1
260293,4
260294,1
260296,3
260297,6
260298,3
260299,4
260300,3
260301,2
260302,2
260303,3
260304,2
260305,2
260306,2
260307,1
260308,3
260309,3
260310,1
260311,2
260312,1
260313,2
260314,1
260315,2
260316,3
260317,1
260318,3
260319,2
260320,1
260321,2
260322,1
260323,3
260324,1
260325,2
260326,2
260327,8
260328,2
260329,4
260330,2
260331,3
260332,4
260333,1
260334,1
260335,2
260336,2
260337,2
260338,2
260339,2
260340,1
260341,2
260342,3
260343,4
260344,2
260345,1
260346,2
260347,2
260348,2
260349,1
260350,4
260351,2
260352,3
260353,2
260354,1
260355,2
260356,2
260357,1
260358,10
260359,2
260360,1
260361,2
260362,2
260363,2
260364,2
260365,2
260366,1
260367,2
260368,1
260369,3
260370,3
260371,4
260372,3
260373,1
260374,2
260375,4
260376,3
260377,2
260378,8
260379,1
260380,2
260381,4
260382,2
260383,1
260384,2
260385,2
260386,2
260387,2
260388,1
260389,2
260390,3
260391,2
260392,4
260393,2
260394,2
260395,3
260396,1
260397,1
260398,1
260399,1
260400,3
260401,1
260402,3
260403,8
260404,5
260405,2
260406,2
260407,4
260408,2
260409,2
260410,2
260411,3
260412,3
260413,2
260414,6
260415,3
260416,1
260417,1
260418,4
260419,1
260420,3
260421,2
260422,3
260423,3
260424,4
260425,2
260426,1
260427,5
260428,1
260429,1
260430,1
260431,2
260432,2
260433,2
260434,1
260435,5
260436,2
260437,2
260438,1
260439,3
260440,3
260441,4
260442,2
260443,3
260444,2
260445,1
260446,12
260447,2
260448,1
260449,1
260450,5
260451,1
260452,4
260453,1
260454,1
260455,3
260456,2
260457,2
260458,2
260459,1
260460,2
260461,3
260462,6
260463,2
260464,2
260465,2
260466,1
260467,2
260468,2
260469,4
260470,2
260471,4
260472,1
260473,2
260474,3
260475,4
260476,2
260477,7
260478,1
260479,1
260480,3
260481,4
260482,3
260483,2
260484,2
260485,4
260486,2
260487,5
260488,1
260489,3
260490,3
260491,1
260492,2
260493,4
260494,1
260495,2
260496,2
260497,4
260498,2
260499,1
260500,3
260501,1
260502,4
260503,2
260504,3
260505,1
260506,3
260507,2
260508,2
260509,2
260510,1
260511,2
260512,2
260513,5
260514,2
260515,1
260516,1
260517,3
260518,2
260519,2
260520,1
260521,1
260522,2
260523,3
260524,1
260525,2
260526,2
260527,1
260528,3
260529,1
260530,2
260531,3
260532,3
260533,2
260534,2
260535,1
260536,1
260537,2
260538,1
260539,3
260540,1
260541,3
260542,3
260543,3
260544,1
260545,3
260546,2
260547,2
260548,2
260549,2
260550,4
260551,3
260552,2
260553,2
260554,1
260555,2
260556,1
260557,2
260558,1
260559,3
260560,7
260561,1
260562,3
260563,1
260564,3
260565,1
260566,3
260567,2
260568,4
260569,2
260570,3
260571,3
260572,2
260573,2
260574,3
260575,3
260576,3
260577,3
260578,2
260579,2
260580,3
260581,3
260582,4
260583,3
260584,3
260585,1
260586,4
260587,4
260588,3
260589,5
260590,3
260591,4
260592,2
260593,2
260594,1
260595,3
260596,2
260597,1
260598,1
260599,2
260600,2
260601,3
260602,5
260603,2
260604,1
260605,4
260606,7
260607,3
260608,2
260609,2
260610,3
260611,1
260612,2
260613,3
260615,5
260616,3
260617,2
260618,6
260619,1
260620,1
260621,2
260622,2
260623,2
260624,1
260625,2
260626,4
260627,3
260628,1
260629,2
260630,7
260631,5
260632,1
260633,3
260634,2
260635,4
260636,1
260637,2
260638,5
260639,2
260640,1
260641,5
260642,4
260643,2
260644,3
260645,4
260646,1
260647,3
260648,2
260649,4
260650,3
260651,2
260652,1
260653,2
260654,2
260655,1
260656,3
260657,3
260658,2
260659,1
260660,4
260661,2
260662,2
260663,3
260664,2
260665,2
260666,2
260667,1
260668,1
260669,2
260670,2
260671,1
260672,4
260673,5
260674,1
260675,3
260677,3
260678,2
260679,2
260680,5
260681,3
260682,2
260683,2
260684,2
260685,2
260686,4
260687,2
260688,3
260689,3
260690,2
260691,7
260692,4
260693,2
260694,2
260695,2
260696,2
260697,2
260698,2
260699,2
260700,1
260701,2
260702,2
260703,1
260704,1
260705,2
260706,2
260707,1
260708,2
260709,4
260710,4
260711,2
260712,2
260713,2
260714,1
260715,1
260716,3
260717,3
260718,3
260719,4
260720,1
260721,1
260722,2
260723,1
260724,4
260725,2
260726,3
260727,2
260728,1
260730,4
260731,3
260732,2
260733,2
260734,7
260735,1
260736,2
260737,2
260738,2
260739,3
260740,1
260741,3
260742,2
260743,2
260744,2
260745,2
260746,2
260747,2
260748,3
260749,2
260750,3
260751,3
260752,2
260753,2
260754,2
260755,1
260756,3
260757,4
260758,3
260759,1
260760,2
260761,1
260762,5
260763,5
260764,2
260765,3
260766,1
260767,2
260768,2
260769,1
260770,3
260771,2
260772,4
260773,3
260774,2
260775,4
260776,3
260777,2
260778,2
260779,2
260780,2
260781,2
260782,3
260783,2
260784,1
260785,2
260786,3
260787,1
260788,2
260789,5
260790,3
260791,3
260792,2
260793,2
260794,9
260795,1
260796,4
260797,3
260798,2
260799,1
260800,2
260801,3
260802,4
260803,2
260804,2
260805,2
260806,1
260807,2
260808,2
260809,1
260810,2
260811,2
260812,1
260813,3
260814,3
260815,3
260816,1
260817,1
260818,3
260819,1
260820,2
260821,2
260822,8
260823,2
260824,1
260825,3
260826,4
260827,2
260828,2
260829,3
260830,2
260831,2
260832,3
260833,2
260834,2
260835,1
260836,3
260837,2
260838,3
260839,7
260840,2
260841,1
260842,7
260843,2
260844,2
260845,3
260846,2
260847,3
260848,3
260849,2
260850,1
260851,2
260852,2
260853,1
260854,2
260855,4
260856,2
260857,2
260858,1
260859,3
260860,2
260861,2
260862,2
260863,2
260864,1
260865,3
260866,4
260867,2
260868,2
260869,2
260870,5
260871,1
260872,2
260873,1
260874,3
260875,2
260876,2
260877,2
260878,2
260879,1
260880,1
260881,3
260882,1
260883,2
260884,2
260885,6
260886,1
260887,1
260888,6
260889,4
260890,2
260891,2
260892,1
260893,2
260894,2
260895,1
260896,1
260897,2
260898,1
260899,1
260900,3
260901,1
260902,5
260903,1
260904,8
260905,3
260906,2
260907,3
260908,2
260909,2
260910,1
260911,5
260912,1
260913,2
260914,3
260915,2
260916,2
260917,3
260918,2
260919,1
260920,3
260921,5
260922,4
260923,2
260924,2
260925,3
260926,2
260927,2
260928,2
260929,1
260930,2
260931,1
260932,2
260933,1
260934,3
260935,1
260936,5
260937,2
260938,4
260939,6
260940,2
260941,2
260942,1
260943,2
260944,2
260945,3
260946,3
260947,7
260948,3
260949,2
260950,2
260951,1
260952,3
260953,7
260954,1
260955,3
260956,4
260957,2
260958,1
260959,2
260960,1
260961,2
260962,5
260963,3
260964,2
260966,2
260967,4
260968,3
260969,5
260970,1
260971,1
260972,2
260973,1
260974,1
260975,2
260976,3
260977,2
260978,1
260979,2
260980,4
260981,6
260982,2
260983,2
260984,2
260985,1
260986,1
260987,1
260988,1
260989,3
260990,1
260991,1
260992,1
260993,1
260994,9
260995,2
260996,1
260997,2
260998,2
260999,1
261000,2
261001,1
261002,1
261003,3
261004,1
261005,2
261006,2
261007,2
261008,3
261009,1
261010,2
261011,3
261012,1
261013,1
261014,1
261015,3
261016,2
261017,2
261018,2
261019,2
261020,2
261021,1
261022,2
261023,2
261024,4
261025,3
261026,2
261027,1
261028,2
261029,1
261030,2
261031,2
261032,3
270001,1
270002,3
270003,1
270004,2
270005,2
270006,1
270007,2
270008,2
270009,2
270010,1
270011,5
270012,3
270013,1
270014,3
270015,4
270016,4
270018,2
270019,1
270020,1
270021,1
270022,1
270023,5
270024,3
270025,1
270026,6
270027,2
270029,3
270030,2
270031,3
270032,2
270033,3
270034,2
270035,2
270036,3
270037,2
270038,4
270041,3
270043,2
270044,2
270045,3
270046,3
270047,1
270048,1
270049,2
270050,2
270053,3
270054,3
270055,2
270056,2
270057,4
270059,5
270060,1
270061,4
270062,2
270063,2
270064,2
270065,4
270066,1
270067,2
270068,3
270069,5
270070,2
270071,1
270072,2
270073,2
270074,2
270075,2
270077,2
270078,2
270079,2
270080,1
270081,2
270082,3
270084,4
270085,2
270086,3
270087,1
270088,1
270089,4
270090,3
270091,3
270092,1
270093,1
270094,3
270095,1
270096,2
270097,1
270098,1
270099,4
270100,4
270101,2
270102,5
270103,2
270104,2
270105,4
270106,1
270107,1
270108,4
270110,1
270111,3
270112,1
270113,2
270114,1
270115,1
270116,6
270117,2
270119,2
270120,2
270121,3
270122,1
270123,1
270124,2
270125,3
270126,2
270127,3
270128,1
270129,1
270130,2
270131,3
270132,3
270133,2
270134,1
270135,2
270136,1
270137,3
270138,3
270139,1
270140,5
270141,3
270142,2
270143,4
270144,4
270145,2
270146,2
270147,2
270148,1
270149,2
270150,3
270151,5
270152,2
270153,2
270154,1
270155,6
270156,9
270157,1
270158,2
270159,2
270160,2
270161,1
270162,5
270163,2
270164,2
270165,3
270166,3
270167,2
270168,1
270169,2
270170,2
270172,2
270173,2
270174,1
270175,3
270176,2
270177,1
270178,3
270179,2
270180,1
270181,4
270182,2
270183,1
270184,1
270185,4
270186,2
270187,3
270188,1
270189,2
270190,2
270191,1
270192,1
270193,6
270194,4
270195,3
270196,2
270197,2
270198,1
270199,2
270200,1
270201,2
270204,1
270205,3
270206,2
270207,5
270208,1
270209,1
270210,5
270211,1
270213,3
270214,4
270215,2
270216,1
270217,1
270218,2
270219,2
270220,4
270221,2
270222,1
270223,1
270224,3
270225,2
270226,1
270227,2
270228,8
270229,4
270230,2
270232,1
270233,5
270234,2
270235,2
270236,4
270237,1
270238,4
270239,1
270240,4
270241,2
270242,2
270243,6
270245,2
270246,3
270247,1
270248,3
270249,2
270250,2
270251,3
270252,3
270253,1
270254,1
270255,1
270256,6
270257,2
270258,4
270259,2
270260,4
270261,2
270262,2
270263,4
270264,1
270265,2
270266,2
270267,1
270268,2
270269,2
270270,7
270271,1
270272,3
270273,3
270274,2
270275,3
270276,5
270277,1
270279,2
270280,2
270281,1
270282,5
270283,1
270284,6
270285,6
270286,1
270288,2
270289,2
270290,2
270291,4
270292,2
270293,1
270294,1
270295,2
270296,2
270297,1
270298,1
270299,3
270300,4
270301,3
270302,1
270303,1
270304,2
270305,3
270306,3
270307,1
270308,4
270309,3
270310,1
270311,4
270312,2
270313,2
270314,2
270315,2
270316,1
270317,2
270318,4
270319,5
270320,2
270321,4
270322,5
270323,1
270324,3
270325,2
270326,1
270327,2
270328,2
270329,2
270331,2
270332,3
270333,1
270334,2
270335,1
270336,8
270337,1
270338,5
270339,2
270340,4
270341,1
270342,2
270343,1
270344,1
270345,1
270346,2
270347,5
270348,3
270349,1
270350,2
270351,2
270352,1
270353,3
270354,2
270355,6
270356,2
270357,1
270358,2
270359,3
270360,1
270361,4
270362,3
270363,1
270365,1
270366,4
270367,2
270368,1
270369,2
270370,2
270371,3
270372,2
270374,2
270375,7
270376,1
270378,2
270379,3
270380,2
270381,6
270382,2
270383,5
270384,2
270385,2
270386,1
270387,1
270388,1
280001,7
280002,2
280003,3
280004,9
280005,3
280006,1
280007,3
280008,1
280009,4
280010,3
280011,3
280012,6
280013,4
280014,3
280015,1
280016,4
280017,5
280018,1
280019,1
280020,1
280021,2
280022,2
280023,2
280024,5
280025,2
280026,4
280027,2
280028,4
280029,3
280030,1
280031,2
280032,2
280033,3
280034,4
280035,5
280036,1
280037,1
280038,2
280039,1
280040,3
280041,1
280042,2
280043,4
280044,1
280045,6
280046,2
280047,3
280048,1
280049,5
280050,6
280051,1
280052,4
280053,2
280054,2
280055,1
280056,1
280057,3
280058,2
280059,4
280060,2
280061,2
280062,3
280063,1
280065,4
280066,2
280067,1
280068,1
280069,2
280070,2
280071,3
280072,2
280073,1
280074,2
280075,1
280076,2
280077,1
280078,1
280079,3
280080,1
280081,1
280082,2
280083,2
280084,1
280085,1
280086,2
280087,1
280088,2
280089,2
280090,1
280091,3
280092,1
280093,1
280094,3
280095,1
280096,2
280098,1
280099,1
280100,5
280101,1
280102,1
280103,1
280104,6
280105,1
280106,2
280107,2
280108,2
280109,2
280110,3
280111,2
280112,2
280113,1
280114,2
280115,5
280116,2
280117,2
280118,3
280119,2
280120,3
280121,2
280122,1
280123,1
280124,1
280125,1
280126,5
280127,1
280128,2
280129,3
280130,5
280131,3
280132,6
280133,4
280134,2
280135,2
280136,2
280138,2
280139,2
280140,5
280141,2
280142,6
280143,2
280144,2
280145,1
280146,2
280147,1
280148,1
280149,3
280150,2
280151,2
280152,2
280153,2
280154,2
280155,1
280156,3
280157,2
280158,2
280159,3
280160,2
280161,1
280162,2
280163,3
280164,1
280165,2
280166,1
280167,2
280168,1
280169,2
280170,2
280171,1
280172,3
280173,2
280174,5
280175,1
280176,2
280177,4
280178,2
280179,1
280180,2
280181,4
280182,2
280183,2
280184,1
280185,2
280186,2
280187,2
280188,1
280190,2
280191,1
280192,2
280193,1
280194,2
280195,2
280196,2
280197,1
280198,1
280199,3
280200,2
280201,4
280202,1
280203,1
280204,5
280205,3
280206,2
280207,2
280208,2
280209,2
280210,4
280211,2
280212,5
280213,2
280214,2
280215,1
280216,2
280217,1
280218,1
280219,1
280220,2
280221,4
280222,1
280223,2
280224,3
280225,2
280226,2
280227,4
280228,1
280229,2
280230,2
280231,12
280232,2
280233,8
280234,1
280235,2
280236,1
280237,3
280238,3
280239,2
280240,2
280241,2
280242,1
280243,2
280244,2
280245,1
280246,4
280247,1
280248,1
280249,2
280250,2
280251,4
280252,3
280253,1
280254,2
280255,3
280256,1
280257,6
280258,2
280259,2
280260,2
280261,1
280262,1
280263,2
280264,2
280265,3
280266,1
280267,2
280268,2
280269,2
280270,3
280271,2
280272,2
280273,7
280274,2
280275,1
280276,1
280277,2
280278,3
280279,2
280280,2
280281,2
280282,3
280283,1
280284,2
280285,1
280286,2
280287,1
280288,2
280289,3
280290,4
280291,7
280292,2
280293,2
280294,3
280295,2
280296,3
280297,2
280298,1
280299,2
280300,2
280301,2
280302,3
280303,1
280304,1
280305,2
280306,4
280307,2
280308,2
280309,1
280310,2
280311,4
280312,2
280313,2
280314,5
280315,4
280316,1
280317,3
280318,2
280319,2
280320,2
280321,4
280322,3
280323,4
280324,3
280325,4
280326,1
280327,2
280328,3
280329,3
280331,1
280332,2
280333,4
280334,2
280335,2
280336,1
280338,1
280339,3
280340,2
280342,2
280343,1
280344,2
280345,2
280346,2
280347,1
280348,3
280349,1
280350,1
280351,1
280352,2
280353,1
280354,3
280355,2
280356,5
280358,2
280359,3
280360,3
280361,2
280362,1
280363,1
280364,4
280365,3
280366,1
280367,1
280368,2
280369,2
280370,1
280371,4
280372,1
280373,3
280374,4
280375,7
280376,2
280377,2
280378,1
280379,1
280381,3
280382,2
280383,4
280384,3
280385,4
280386,1
280387,1
280388,1
280389,1
280390,2
280391,1
280392,3
280393,1
280394,1
280395,1
280396,1
280397,2
280398,1
280399,2
280400,4
280401,3
280402,2
280403,3
280405,2
280406,4
280407,1
280408,1
280409,1
280410,1
280411,8
280412,4
280413,1
280414,1
280415,2
280416,4
280417,2
280418,1
280419,1
280420,5
280421,2
280422,4
280423,1
280424,3
280425,1
280426,2
280427,5
280428,1
280429,2
280430,3
280431,2
280432,2
280433,2
280434,2
280435,1
280436,2
280437,2
280438,1
280439,1
280440,1
280441,1
280442,1
280443,1
280444,1
280446,2
280447,1
280448,3
280449,8
280450,2
280451,3
280452,1
280453,4
280454,3
280455,1
280456,1
280457,2
280458,1
280459,1
280460,3
280461,2
280462,3
280463,1
280464,3
280465,1
280466,2
280467,1
280468,4
280470,2
280471,1
280472,1
280473,2
280474,1
280475,1
280476,1
280477,1
280478,3
280479,2
280480,3
280481,2
280482,1
280483,6
280484,2
280485,3
280486,1
280487,2
280488,2
280489,1
280490,1
280491,4
280492,1
280493,1
280494,2
280495,1
280496,5
280497,3
280498,1
280499,1
280502,1
280503,7
280504,2
280506,1
280507,1
280508,1
280509,6
280510,3
280511,3
280512,3
280513,2
280514,2
280515,2
280517,2
280518,2
280519,8
280520,2
280521,1
280522,1
280523,2
280524,1
280525,1
280526,2
280527,3
280528,5
280529,2
280530,2
280531,1
280532,1
280533,2
280534,3
280535,5
280536,1
280537,3
280538,1
280539,1
280540,2
280541,1
280543,1
280544,1
280545,1
280546,1
280547,1
280548,4
280549,2
280550,2
280551,2
280552,1
280553,1
280554,2
280555,2
280556,2
280557,1
280558,1
280559,4
280560,2
280561,1
280562,2
280563,2
280564,1
280565,3
280566,2
280567,6
280568,2
280569,3
280570,1
280571,1
280572,1
280573,1
280574,3
280575,5
280576,2
280577,2
280578,4
280579,3
280580,4
280581,1
280582,2
280583,1
280584,2
280585,3
280586,1
280587,3
280588,2
280589,2
280591,2
280592,2
280593,4
280594,3
280595,2
280596,2
280597,1
280598,2
280599,1
280600,3
280601,2
280602,1
280603,4
280604,3
280605,1
280606,2
280607,2
280608,1
280609,2
280610,3
280611,2
280612,2
280613,1
280614,2
280615,4
280616,6
280617,1
280618,2
280619,2
280620,3
280621,2
280622,4
280623,1
280624,1
280625,2
280626,1
280627,2
280628,2
280629,1
280630,1
280631,1
280632,2
280633,5
280634,1
280635,3
280636,1
280637,1
280638,1
280639,2
280640,3
280641,6
280642,4
280643,1
280644,1
280645,3
280646,1
280647,2
280648,1
280649,3
280650,2
280651,2
280652,2
280653,2
280654,2
280655,2
280656,1
280657,1
280658,2
280659,2
280660,2
280661,1
280662,1
280663,3
280664,2
280665,2
280667,3
280668,2
280669,2
280670,3
280671,3
280672,2
280673,1
280674,4
280675,2
280676,3
280677,2
280678,3
280679,2
280680,1
280681,2
280682,2
280683,1
280684,2
280685,2
280687,2
290001,3
290002,1
290003,1
290004,3
290005,3
290006,4
290007,1
290008,1
290009,3
290010,3
290012,2
290013,1
290014,3
290015,3
290016,3
290017,1
290018,1
290019,1
290020,5
290021,2
290022,5
290023,2
290024,9
290025,1
290026,1
290028,3
290029,2
290030,2
290031,2
290033,2
290034,1
290035,2
290036,3
290037,2
290038,3
290039,2
290040,2
290041,5
290043,2
290044,2
290045,1
290046,1
290047,2
290048,4
290049,1
290050,2
290051,1
290052,1
290053,1
290054,2
290055,1
290056,1
290057,3
290058,1
290059,2
290060,2
290061,1
290063,2
290064,2
290065,3
290066,1
290067,2
290068,2
290069,2
290070,1
290071,2
290072,4
290073,2
290074,3
290075,1
290076,7
290077,2
290080,2
290081,6
290082,2
290083,1
290084,2
290085,2
290086,2
290087,2
290088,2
290089,1
290090,3
290091,2
290092,3
290093,2
290094,2
290095,2
290096,1
290097,1
290098,2
290099,2
290100,1
290101,4
290102,7
290103,1
290104,2
290105,2
290107,9
290108,1
290109,1
290110,1
290111,1
290112,1
290113,2
290114,1
290115,1
290116,2
290117,6
290118,1
290119,2
290120,4
290121,1
290122,2
290123,3
290124,3
290125,2
290126,3
290127,2
290128,3
290129,3
290130,2
290131,3
290132,2
290133,3
290134,1
290135,2
290136,4
290137,2
290138,2
290139,1
290140,3
290141,1
290142,2
290143,1
290144,2
290145,2
290146,6
290147,4
290148,2
290150,1
290151,1
290152,2
290154,1
290155,4
290156,2
290157,4
290158,2
290159,2
290160,2
290161,1
290162,1
290163,3
290164,2
290165,3
290166,2
290167,3
290169,2
290170,5
290171,2
290172,3
290173,2
290174,3
290175,3
290176,3
290177,3
290178,2
290179,2
290180,1
290181,6
290182,2
290183,2
290184,10
290185,3
290186,4
290187,2
290189,2
290190,2
290191,2
290192,1
290193,2
290194,2
290195,2
290196,1
290197,2
290198,1
290199,2
290200,2
290201,4
290202,2
290203,2
290204,1
290205,3
290206,1
290207,1
290208,2
290209,4
290210,3
290211,2
290212,3
290213,3
290214,1
290215,3
290216,5
290217,1
290218,4
290219,4
290220,3
290221,5
290222,2
290224,1
290225,1
290226,1
290227,2
290228,8
290229,6
290230,1
290231,2
290232,1
290233,5
290234,2
290235,3
290236,6
290237,4
290238,4
290239,4
290240,2
290241,3
290242,3
290243,3
290244,1
290245,2
290246,3
290247,1
290248,3
290249,2
290250,3
290251,2
290252,2
290253,2
290254,2
290255,2
290256,2
290257,11
290258,1
290259,2
290260,5
290261,2
290262,1
290263,3
290264,1
290265,1
290266,2
290267,1
290268,1
290269,1
290270,4
290271,2
290272,4
290273,1
290274,6
290275,1
290276,4
290277,2
290278,2
290279,2
290280,8
290281,3
290282,2
290283,3
290284,2
290285,3
290286,2
290287,3
290288,2
290289,5
290290,2
290291,2
290292,1
290293,6
290294,2
290295,3
290296,3
290297,1
290298,4
290299,2
290300,6
290301,1
290302,1
290303,3
290304,2
290305,2
290306,2
290307,1
290308,2
290309,2
290310,2
290311,4
290312,2
290313,1
290314,2
290315,1
290316,1
290317,2
290318,2
290319,4
290321,3
290322,1
290323,2
290324,11
290325,2
290326,1
290327,1
290328,3
290329,2
290330,1
290331,2
290332,1
290333,5
290334,1
290335,3
290336,3
290337,1
290338,1
290339,1
290340,2
290341,2
290342,4
290343,3
290344,1
290345,5
290346,2
290347,1
290348,3
290349,2
290350,2
290351,2
290352,2
290353,2
290354,2
290355,2
290356,2
290357,2
290358,2
290359,1
290360,3
290361,1
290362,2
290363,3
290364,2
290365,2
290366,5
290367,2
290368,3
290369,4
290370,3
290371,1
290372,1
290373,4
290374,2
290375,5
290376,2
290377,3
290378,4
290379,3
290380,2
290381,6
290382,1
290383,1
290384,1
290385,1
290386,1
290387,3
290388,2
290389,1
290390,5
290391,12
290392,2
290393,2
290394,3
290395,3
290396,3
290397,3
290398,2
290399,2
290400,1
290401,1
290402,2
290403,8
290404,1
290405,2
290406,3
290407,3
290408,2
290409,3
290410,2
290411,2
290412,2
290413,1
290415,1
290416,1
290417,1
290418,2
290419,4
290420,8
290421,2
290422,2
290423,3
290424,2
290425,2
290426,1
290427,1
290428,4
290429,3
290430,3
290431,3
290432,2
290433,2
290434,1
290435,1
290436,3
290437,3
290438,3
290439,1
290440,1
290441,2
290442,3
290443,2
290444,4
290445,3
290446,3
290447,2
290448,2
290449,1
290450,1
290451,3
290452,1
290453,2
290454,3
290455,4
290456,1
290457,2
290458,5
290459,1
290460,2
290461,2
290462,2
290463,2
290464,1
290465,8
290466,2
290467,1
290469,1
290470,1
290471,1
290472,4
290473,2
290474,2
290475,2
290476,5
290477,1
290478,2
290479,1
290480,2
290481,2
290482,3
290483,2
290484,2
290485,1
290486,4
290487,4
290488,2
290489,3
290490,2
290491,1
290492,4
290493,2
290494,2
290495,2
290496,7
290497,1
290498,2
290499,5
290500,3
290501,1
290502,4
290503,4
290504,3
290505,2
290506,2
290507,3
290508,2
290509,7
290510,1
290511,2
290512,3
290513,1
290514,3
290515,6
290516,4
290517,2
290518,2
290519,5
290520,3
290521,2
290523,2
290524,3
290525,2
290526,1
290527,3
290528,3
290529,2
290530,1
290531,5
290532,1
290533,1
290534,3
290536,2
290537,7
290538,2
290539,1
290540,2
290541,4
290542,1
290543,3
290544,4
290546,2
290547,2
290548,4
290549,2
290550,2
290551,3
290552,2
290553,2
290554,1
290555,2
290556,1
290557,3
290558,1
290559,6
290560,3
290561,1
290562,2
290563,3
290564,2
290565,1
290566,3
290567,2
290568,2
290569,2
290570,3
290571,5
290572,3
290573,2
290574,2
290575,2
290576,1
290577,2
290578,6
290579,4
290580,3
290582,2
290583,2
290584,1
290585,1
290586,4
290587,2
290588,1
290589,4
290590,3
290591,3
290592,2
290593,3
290594,1
290595,2
290596,3
290597,1
290598,8
290600,3
290601,1
290602,1
290603,3
290604,3
290605,1
290606,1
290607,2
290608,1
290609,3
290610,4
290611,2
290612,1
290613,1
290614,2
290615,2
290616,2
290617,3
290618,1
290620,2
290621,2
290622,3
290623,1
290624,5
290625,5
290626,4
290627,3
290628,1
290629,3
290630,3
290631,2
290632,1
290633,2
290634,3
290635,1
290636,1
290637,2
290638,3
290639,1
290640,2
290641,2
290642,3
290643,2
290644,1
290645,2
290646,2
290647,1
290648,2
290649,2
290650,2
290651,1
290653,1
290654,1
290655,1
290656,1
290657,1
290658,2
290659,1
290660,6
290661,3
290662,2
290663,1
290665,1
290666,6
290667,3
290668,2
290669,5
290670,2
290671,2
290672,2
290673,1
290674,2
290675,1
290676,1
290677,1
290678,2
290679,3
290680,1
290681,1
290682,3
290683,2
290685,2
290686,3
290687,1
290688,4
290689,2
290690,3
290691,3
290692,5
290693,2
290694,3
290696,1
290697,2
290698,1
290699,2
290700,2
290701,2
290702,1
290703,2
290704,2
290705,2
290706,2
290707,2
290708,2
290710,1
290711,1
290712,2
290713,3
290714,2
290715,2
290716,4
290717,2
290718,3
290719,4
290720,1
290721,1
290722,5
290723,3
290724,2
290725,5
290726,1
290727,1
290728,2
290729,2
290730,1
290731,5
290732,2
290733,2
290734,1
290735,2
290736,3
290737,2
290738,2
290739,1
290740,2
290741,2
290742,1
290743,2
290744,3
290745,3
290746,3
290747,2
290748,3
290749,2
290750,2
290751,1
290752,3
290754,2
290755,1
290756,4
290757,5
290758,3
290759,1
290760,1
290761,2
290762,2
290763,3
290764,1
290765,2
290766,3
290767,1
290768,2
290769,2
290770,1
290771,2
290772,1
290773,3
290774,3
290775,4
290776,2
290777,2
290778,2
290779,1
290780,4
290781,2
290782,3
290783,2
290784,1
290785,1
290786,2
290787,1
290788,1
290789,2
290790,5
290791,2
290792,1
290793,1
290794,1
290795,2
290796,2
290797,1
290798,1
290799,2
290800,2
290801,3
290802,4
290803,3
290804,2
290805,1
290806,3
290807,2
290808,4
290809,3
290810,1
290811,2
290812,1
290813,1
290814,2
290815,4
290816,2
290817,4
290818,2
290819,1
290820,2
290821,1
290822,3
290823,3
290824,1
290825,1
290826,2
290827,1
290828,1
290829,3
290830,1
290831,2
290832,3
290833,2
290834,3
290835,2
290836,5
290837,2
290838,2
290839,3
290840,2
290841,1
290843,4
290844,2
290845,3
290846,2
290847,4
290848,6
290849,2
290850,2
290851,2
290852,2
290853,3
290854,2
290855,4
290856,1
290857,3
290858,3
290859,1
290860,2
290861,1
290862,1
290863,3
290864,2
290865,1
290866,3
290867,1
290868,3
290869,3
290870,6
290871,2
290872,3
290873,2
290874,2
290875,2
290876,3
290877,3
290878,3
290879,1
290880,4
290881,1
290882,2
290883,3
290884,3
290885,4
290886,2
290887,1
290888,1
290889,1
290890,1
290891,3
290892,2
290893,1
290894,2
290895,1
290896,2
290897,1
290898,1
290899,3
290900,2
290901,2
290902,1
290903,1
290904,2
290905,2
290906,1
290907,1
290908,1
290909,2
290910,2
290911,3
290912,4
290913,2
290914,3
290916,2
290917,1
290918,3
290919,1
290920,2
290921,2
290922,3
290923,2
290924,4
290925,1
290926,1
290927,2
290928,1
290929,2
290930,1
290931,1
290932,2
290933,1
290934,2
290935,3
300001,1
300002,1
300003,3
300004,2
300005,2
300006,4
300007,3
300008,2
300009,2
300010,3
300011,1
300012,2
300013,1
300014,1
300015,2
300016,2
300017,1
300018,1
300019,5
300020,4
300021,1
300022,1
300023,3
300024,3
300025,3
300026,3
300027,5
300028,1
300029,4
300030,1
300031,2
300032,1
300033,3
300034,1
300035,1
300036,1
300037,2
300038,2
300039,1
300040,4
300041,2
300042,1
300043,1
300044,1
300045,1
300046,2
300047,2
300048,2
300049,1
300050,7
300051,2
300052,2
300053,1
300054,1
300055,6
300056,1
300057,9
300058,5
300059,2
300060,1
300061,2
300062,1
300063,1
300064,2
300065,6
300066,1
300067,5
300068,1
300069,1
300070,3
300071,1
300072,2
300073,1
300074,1
300075,2
300076,4
300077,2
300078,5
300079,3
300080,4
300081,2
300082,2
300083,1
300084,1
300085,1
300086,2
300087,1
300088,1
300089,2
300090,3
300091,2
300092,1
300093,5
300094,1
300095,1
300096,1
300097,3
300098,2
300099,3
300100,1
300101,1
300102,3
300103,3
300104,1
300105,1
300106,1
300107,1
300108,3
300109,1
300110,2
300111,2
300112,3
300113,2
300114,2
300115,1
300116,5
300117,2
300118,1
300119,1
300120,2
300121,2
300122,3
300123,3
300124,3
300125,1
300126,1
300127,2
300128,2
300129,5
300130,1
300131,2
300132,2
300133,2
300134,1
300135,2
300136,1
300137,2
300138,2
300139,2
300140,4
300141,1
300142,2
300143,2
300144,2
300145,4
300146,1
300147,3
300148,1
300149,2
300150,1
300151,2
300152,2
300153,2
300154,5
300155,2
300156,2
300157,2
300158,1
300159,2
300160,3
300161,3
300162,7
300163,3
300164,1
300165,1
300166,7
300167,1
300168,4
300169,3
300170,5
300171,2
300172,2
300173,4
300174,3
300175,2
300176,2
300177,3
300178,3
300179,2
300180,3
300181,3
300182,5
300183,2
300184,2
300185,1
300186,2
300187,2
300188,1
300189,3
300190,2
300191,4
300192,3
300193,1
300194,1
300195,2
300196,2
310001,7
310002,5
310003,2
310004,2
310005,5
310006,1
310007,1
310008,2
310009,2
310010,4
310011,2
310012,1
310013,1
310014,2
310015,2
310016,1
310017,4
310018,2
310019,1
310020,2
310021,2
310022,2
310023,2
310024,5
310025,3
310026,1
310027,2
310028,2
310029,3
310030,1
310031,2
310032,1
310033,1
310034,2
310035,6
310036,1
310037,1
310038,1
310039,1
310040,1
310041,1
310042,3
310043,2
310044,3
310045,2
310046,2
310047,1
310048,1
310049,3
310050,7
310051,2
310052,1
310053,4
310054,3
310055,1
310056,3
310057,2
310058,2
310059,2
310060,2
310061,2
310062,2
310063,1
310064,1
310065,1
310066,2
310067,1
310068,2
310069,1
310070,3
310071,2
310072,1
310073,5
310074,1
310075,2
310076,2
310077,1
310078,2
310079,4
310080,2
310081,4
310082,1
310083,1
310084,6
310085,2
310086,5
310087,1
310088,2
310089,1
310091,1
310092,2
310093,1
310094,2
310095,2
310096,2
310097,3
310098,2
310099,2
310100,2
310101,2
310102,2
310103,3
310104,2
310105,1
310106,1
310107,1
310108,1
310109,6
310110,2
310111,2
310112,2
310113,1
310114,4
310115,3
310116,6
310117,2
310118,3
310119,2
310120,2
310121,1
310122,2
310123,2
310125,2
310126,1
310127,1
310128,2
310129,1
310130,4
310131,2
310132,2
310133,2
310134,2
310135,3
310136,3
310137,1
310138,6
310139,2
310140,2
310142,1
310143,4
310144,2
310145,3
310146,2
310147,1
310148,1
310149,5
310150,1
310151,3
310152,2
310153,3
310154,2
310155,3
310156,1
310157,1
310158,3
310159,2
310160,3
310161,3
310162,2
310163,2
310164,5
310165,1
310166,4
310167,2
310168,2
310169,3
310170,3
310171,1
310172,2
310173,3
310174,2
310175,2
310176,2
310177,2
310178,1
310179,4
310180,1
310181,2
310182,2
310183,1
310184,7
310185,2
310186,3
310187,1
310188,6
310189,3
310190,1
310191,2
310192,1
310193,3
310194,4
310195,1
310196,2
310197,1
310198,1
310199,1
310200,1
310201,3
310202,6
310203,3
310204,3
310205,3
310206,3
310207,3
310208,1
310209,3
320001,2
320002,2
320004,2
320005,2
320006,2
320007,2
320008,1
320009,2
320010,7
320011,7
320012,1
320013,4
320014,3
320015,7
320016,4
320017,6
320018,5
320019,3
320020,1
320021,2
320022,3
320023,9
320024,2
320025,1
320026,2
320027,14
320028,2
320029,2
320030,1
320031,2
320032,7
320033,2
320034,5
320035,3
320036,2
320037,1
320038,1
320039,2
320040,2
320041,1
320042,3
320043,3
320044,2
320045,1
320046,2
320047,2
320048,3
320049,1
320050,2
320051,6
320052,1
320053,4
320054,3
320055,4
320056,2
320057,4
320058,2
320059,3
320060,2
320061,1
320062,4
320063,3
320064,1
320065,3
320066,2
320067,2
320068,2
320069,2
320070,2
320071,2
320072,3
320073,2
320074,1
320075,3
320076,3
320077,2
320078,5
320079,3
320080,1
320081,2
320082,3
320083,6
320084,2
320085,2
320086,3
320087,3
320088,2
320089,5
320090,2
320091,4
320092,1
320093,2
320094,6
320095,2
320096,1
320097,1
320098,2
320099,2
320100,2
320101,13
320102,9
320103,1
320104,2
320105,1
320106,1
320107,2
320108,2
320109,2
320110,2
320111,6
320112,2
320113,2
320114,3
320115,2
320116,4
320117,4
320118,2
320119,2
320120,1
320121,4
320122,2
320123,1
320124,1
320125,1
320126,2
320127,2
320128,2
320129,1
320131,1
320132,4
320133,3
320134,2
320135,3
320136,2
320137,1
320138,4
320139,5
320140,2
320142,5
320143,1
320144,4
320145,3
320146,2
320147,2
320148,2
320149,2
320150,1
320151,1
320152,2
320153,2
320154,2
320155,4
320156,3
320157,2
320158,1
320159,4
320160,3
320161,2
320162,2
320163,2
320164,2
320165,2
320166,5
320167,2
320168,1
320169,3
320170,3
320171,3
320173,1
320174,2
320175,6
320176,3
320177,2
320178,2
320179,2
320180,3
320181,1
320182,2
320183,2
320184,5
320185,1
320186,4
320188,1
320189,2
320190,2
320191,4
320192,4
320193,2
320194,2
320195,1
320196,3
320197,2
320198,1
320199,2
320200,3
320201,3
320202,3
320203,3
320204,2
320205,2
320206,2
320207,4
320208,2
320209,4
320210,4
320211,2
320212,4
320213,2
320214,2
320215,2
320216,2
320217,1
320218,1
320219,2
320220,1
320221,6
320222,2
320223,2
320224,2
320225,2
320226,3
320227,1
320228,2
320229,6
320230,2
320231,2
320232,4
320233,2
320235,3
320237,4
320238,2
320239,3
320240,1
320241,2
320242,6
320243,1
320244,2
320245,3
320246,3
320247,6
320248,2
320249,5
320250,4
320251,2
320252,2
320253,2
320254,2
320255,3
320256,3
320257,2
320258,2
320259,2
320260,2
320261,1
320262,2
320263,2
320264,1
320265,1
320266,2
320267,5
320268,2
320269,3
320270,3
320271,1
320272,1
320273,2
320274,1
320275,2
320276,1
320277,1
320278,8
320279,2
320280,2
320281,2
320282,3
320283,2
320284,3
320285,1
320286,3
320287,2
320288,2
320289,2
320290,5
320291,2
320292,3
320293,2
320294,5
320295,2
320296,6
320298,2
320299,2
320300,2
320301,4
320303,2
320304,2
320305,6
320306,2
320307,1
320308,2
320309,4
320310,2
320311,2
320312,2
320313,2
320314,2
320315,9
320316,2
320317,2
320318,5
320319,2
320320,4
320322,3
320323,2
320324,1
320325,2
320326,1
320327,2
320328,2
320329,4
320330,1
320331,3
320332,2
320333,3
320334,9
320335,2
320336,1
320337,2
320338,2
320339,3
320340,3
320341,2
320342,7
320343,2
320344,2
320345,14
320346,1
320347,2
320348,1
320349,9
320350,3
320351,2
320352,2
320353,2
320354,2
320355,4
320356,4
320357,2
320358,2
320359,2
320360,2
320361,3
320364,5
320365,2
320366,2
320367,4
320368,2
320369,2
320370,2
320371,1
320372,2
320373,4
320374,3
320375,2
320376,2
320377,2
320378,2
320379,2
330001,5
330002,2
330003,3
330004,4
330005,2
330006,2
330008,3
330009,1
330011,1
330012,1
330013,2
330014,2
330015,2
330016,1
330017,2
330018,3
330019,4
330020,3
330021,4
330022,5
330023,1
330024,4
330025,2
330026,7
330027,1
330028,3
330029,1
330030,2
330031,1
330032,2
330033,2
330034,1
330035,2
330036,1
330037,3
330038,1
330039,2
330040,1
330041,2
330042,3
330043,1
330044,4
330045,2
330046,4
330047,1
330048,1
330049,1
330050,2
330051,1
330052,2
330053,1
330054,3
330055,3
330056,2
330057,2
330058,4
330059,2
330060,1
330061,2
330062,1
330063,2
330065,1
330066,2
330067,2
330068,1
330069,5
330070,3
330071,1
330072,4
330073,2
330074,2
330075,1
330076,3
330077,6
330078,2
330079,2
330080,3
330081,4
330082,6
330083,1
330084,2
330085,3
330086,1
330087,1
330088,6
330089,1
330090,3
330091,3
330092,1
330093,1
330094,4
330095,2
330096,1
330097,4
330098,6
330099,1
330100,1
330101,2
330102,4
330103,2
330104,5
330105,4
330106,2
330107,1
330108,3
330109,5
330110,3
330111,4
330112,4
330113,2
330114,3
330115,2
330116,1
330117,1
330118,4
330119,7
330120,4
330121,3
330122,2
340001,1
340002,3
340003,3
340004,1
340005,4
340006,2
340007,2
340008,2
340009,3
340010,2
340011,2
340012,2
340013,1
340014,1
340015,1
340016,2
340017,3
340018,2
340019,2
340020,2
340021,1
340022,3
340023,1
340024,2
340025,1
340026,2
340027,1
340028,2
340029,2
340030,1
340031,2
340032,1
340033,2
340034,6
340035,2
340036,2
340037,3
340038,4
340039,2
340040,1
340041,2
340042,1
340043,5
340044,2
340045,1
340046,2
340047,3
340048,4
340049,2
340050,6
340051,2
340052,1
340053,2
340054,2
340055,5
340056,1
340057,3
340058,2
340059,2
340060,1
340061,2
340062,2
340063,2
340064,2
340065,2
340066,1
340067,2
340068,1
340069,2
340070,2
340071,2
340072,2
340073,2
340074,2
340075,1
340076,3
340077,1
340078,2
340080,2
340081,2
340082,3
340083,2
340084,2
340085,3
340086,2
340087,4
340088,3
340089,4
340090,1
340091,3
340092,3
340093,2
340095,1
340096,1
340097,2
340098,2
340099,1
340100,2
340102,5
340103,4
340104,6
340105,1
340106,2
340107,4
340108,2
340109,4
340110,7
340111,2
340112,6
340113,3
340114,1
340115,1
340116,3
340117,2
340118,1
340119,2
340120,2
340122,1
340123,1
340124,1
340125,2
340126,2
340127,1
340128,2
340129,1
340130,6
340131,2
340132,3
340133,2
340134,2
340135,3
340136,2
340137,2
340138,4
340139,5
340140,2
340141,2
340142,2
340143,1
340144,2
340145,4
340146,4
340147,6
340148,1
340149,2
340150,2
340151,3
340152,5
340153,6
340154,1
340155,3
340156,1
340157,3
340158,5
340159,1
340160,1
340161,2
340162,3
340163,4
340164,2
340165,6
340166,2
340167,3
340168,2
340169,1
340170,1
340171,1
340172,3
340173,1
340174,2
340175,2
340176,1
340177,4
340178,1
340179,2
340180,2
340181,2
340182,1
340183,2
340184,4
340185,2
340186,4
340187,1
340188,3
340189,5
340190,2
340191,5
340192,3
340193,2
340194,7
340195,3
340196,1
340197,6
340198,2
340199,2
340200,2
340201,3
340202,2
340203,2
340204,4
340205,5
340206,6
340207,1
340208,3
340209,1
340210,3
340211,2
340212,1
340213,1
340214,3
340215,3
340216,2
340217,2
340218,4
340219,3
340220,2
340221,2
340222,2
340223,1
340224,4
340225,2
340226,2
340227,3
340228,3
340229,2
340230,2
340231,3
340232,2
340233,2
340234,2
340235,3
340236,2
340237,2
340238,2
340239,2
340240,1
340241,2
340242,2
340244,2
340245,1
340246,1
340247,3
340248,3
340249,2
340250,2
340251,1
340252,3
340253,2
340254,4
340255,1
340256,4
340257,2
340258,3
340259,4
340260,2
340261,5
340262,2
340263,3
340264,4
340265,7
340266,1
340267,4
340268,3
340269,3
340270,1
340271,2
340272,2
340273,2
340274,2
340275,2
340276,2
340277,3
340278,6
340279,1
340280,1
340281,2
340282,7
340283,2
340284,1
340285,2
340286,2
340287,2
340288,2
340289,1
340290,2
340291,2
340292,1
340293,2
340294,2
340295,5
340296,5
340297,1
340298,4
340299,2
340300,2
340301,2
340302,3
340303,1
340304,2
340305,4
340306,5
340307,6
340308,2
340309,1
340310,4
340311,2
340312,2
340313,3
340314,3
340315,4
340316,2
340317,6
340318,1
340319,3
340320,2
340321,1
340322,1
340323,3
340324,2
340325,3
340326,2
340327,2
340328,1
340329,1
340330,1
340331,2
340332,1
340333,1
340334,1
340335,2
340336,3
340337,3
340338,2
340339,5
340340,2
340341,1
340342,2
340343,2
340344,2
340345,1
340346,2
340347,1
340348,2
340349,2
340350,3
340351,2
340352,2
340353,2
340354,6
340355,3
340356,3
340357,1
340358,3
340359,3
340360,3
340361,2
340362,3
340363,1
340364,3
340365,2
340366,1
340367,2
340368,2
340369,2
340370,4
340371,1
340372,2
340373,2
340374,4
340375,2
340376,1
340377,1
340378,2
340379,1
340380,2
340381,2
340382,5
340383,3
340384,2
340385,2
340386,2
340387,2
340388,2
340389,2
340390,3
340391,5
340392,2
340393,3
340394,1
340395,2
340396,1
340397,2
340398,2
340399,3
340400,1
340401,2
340402,2
340403,2
340404,3
340405,6
340406,2
340407,2
340408,2
340409,1
340410,2
340411,6
340412,2
340413,2
340414,3
340415,2
340416,2
340417,2
340418,1
340419,2
340420,2
340421,6
340422,4
340423,2
340424,1
340425,4
340426,4
340427,2
340428,2
340429,3
340430,4
340431,2
340432,2
340433,4
340435,2
340436,2
340437,2
340438,5
340439,5
340440,2
340441,1
340442,2
340443,6
340444,2
340445,4
340446,1
340447,2
340448,2
340449,3
340450,1
340451,2
340452,2
340453,3
340454,3
340455,3
340456,1
340457,2
340458,2
340459,2
340460,2
340461,3
340462,6
340463,13
340464,6
340465,2
340466,2
340467,2
340468,8
340469,3
340470,2
340471,4
340472,1
340473,3
340474,2
340475,2
340476,3
340477,3
340478,3
340479,2
340480,3
340481,2
340482,8
340483,3
340484,2
340485,1
340486,4
340487,7
340488,4
340489,2
340490,3
340491,3
340492,7
340493,2
340494,3
340495,2
340496,2
340497,2
340498,6
340499,7
340500,2
340501,3
340502,2
340503,3
340504,3
340505,11
340506,1
340507,2
340508,2
340509,1
340510,4
340511,5
340512,2
340513,3
340515,3
340516,2
340517,3
340518,3
340519,2
340520,2
340521,3
340522,6
340524,2
340525,2
340526,3
340527,3
340528,4
340529,3
340530,1
340531,1
340532,1
340533,3
340534,2
340535,2
340536,1
340537,6
340538,4
340539,2
340540,2
340541,2
340542,7
340543,2
340544,2
340545,2
340546,2
340547,2
340548,3
340549,5
340551,2
340552,6
340553,2
340554,3
340555,2
340556,1
340557,1
340558,4
340559,3
340560,2
340561,3
340562,3
340563,4
340564,2
340565,2
340566,2
340567,2
340568,4
340569,5
340570,4
340571,4
340572,2
340573,3
340574,3
340575,2
340576,2
340577,5
340578,3
340579,2
340580,2
340581,2
350001,2
350002,3
350003,10
350004,1
350005,3
350006,3
350007,4
350008,6
350009,4
350010,5
350011,3
350012,2
350013,2
350014,6
350015,2
350016,2
350017,2
350018,2
350019,2
350020,5
350021,2
350022,4
350023,2
350024,2
350025,2
350026,2
350027,2
350028,2
350029,1
350030,3
350031,6
350032,2
350033,2
350034,1
350035,4
350036,1
350037,4
350038,2
350039,2
350040,3
350041,2
350042,2
350043,1
350044,1
350045,2
350046,2
350047,3
350048,2
350049,2
350050,1
350051,2
350052,1
350053,7
350054,2
350055,6
350056,9
350057,4
350058,2
350059,4
350060,2
350061,3
350062,2
350063,2
350064,2
350065,3
350066,3
350067,6
350068,2
350069,1
350070,8
350071,3
350072,2
350073,2
350074,2
350075,3
350076,2
350077,2
350078,4
350079,2
350080,2
350081,2
350082,6
350083,2
350084,4
350085,2
350086,3
350087,1
350088,3
350089,1
350090,3
350091,3
350092,1
350093,2
350094,12
350095,3
350096,3
350097,5
350098,2
350099,10
350100,1
350101,1
350102,3
350103,3
350104,2
350105,1
350106,1
350107,2
350108,2
350109,2
350110,2
350111,2
350112,1
350113,2
350114,1
350115,3
350116,3
350117,4
350118,6
350119,2
350120,3
350121,3
350122,2
350123,2
350124,5
350125,1
350126,3
350127,2
350128,1
350129,3
350130,1
350131,3
350132,1
350133,1
350134,4
350135,2
350136,2
350137,4
350138,4
350139,2
350140,1
350141,2
350142,1
350143,4
350144,4
350145,6
350146,1
350147,3
350148,1
350149,4
350150,2
350151,2
350152,1
350153,2
350154,7
350155,2
350156,6
350157,1
350158,2
350159,2
350160,2
350161,3
350162,1
350163,1
350164,3
350165,1
350166,2
350167,6
350168,2
350169,3
350170,3
350171,2
350172,1
350173,4
350174,5
350175,2
350176,2
350177,2
350178,1
350179,1
350180,1
350181,3
350182,4
350183,1
350184,5
350185,3
350186,2
350187,2
350188,2
350189,2
350190,3
350191,3
350192,1
350193,2
350194,2
350195,2
350196,2
350197,2
350198,2
350199,2
350200,4
350201,3
350202,2
350203,3
350204,3
350205,2
350206,3
350207,3
350208,4
350209,2
350210,1
350211,5
350212,2
350213,2
350214,1
350215,2
350216,3
350217,4
350218,2
350219,1
350220,2
350221,2
350222,8
350223,2
350224,3
350225,1
350226,9
350227,2
350228,1
350229,2
350230,3
350231,4
350232,2
350233,2
350234,1
350235,1
350236,1
350237,2
350238,6
350239,2
350240,2
350241,2
350242,2
350243,2
350244,4
350245,3
350246,4
350247,3
350248,2
350249,2
350250,2
350251,1
350252,1
350253,1
350254,2
350255,2
350256,2
350257,2
350258,7
350259,1
350260,1
350261,1
350262,2
350263,4
350264,1
350265,8
350266,1
350267,1
350268,1
350269,1
350270,4
350271,1
350272,2
350273,2
350274,2
350275,3
350276,4
350277,2
350278,4
350279,1
350280,2
350281,2
350282,1
350283,2
350284,6
350285,5
350286,2
350287,8
350288,2
350289,2
350290,4
350291,3
350292,2
350293,2
350294,2
350295,1
350296,1
350297,3
350298,3
350299,2
350300,2
350301,1
350302,1
350303,2
350304,2
350305,2
350306,2
350307,2
350308,3
350309,2
350310,3
350311,2
350312,4
350313,1
350314,2
350315,2
350316,2
350317,4
350318,2
350319,2
350320,2
350321,4
350322,4
350323,7
350324,3
350325,1
350326,1
350327,1
350328,2
350329,2
350330,2
350331,2
350332,3
350333,3
350334,3
350335,2
350336,3
350337,2
350338,2
350339,3
350340,3
350341,4
350342,2
350343,1
350344,2
350345,1
350346,3
350347,3
350348,1
350349,2
350350,1
350351,1
350352,2
350353,2
350354,1
350355,1
350356,5
350357,2
350358,7
350359,2
350360,1
350361,2
350362,2
350363,2
350364,3
350365,2
350366,2
350367,2
350368,3
350369,2
350370,3
350371,5
350372,2
350373,3
350374,2
350375,2
350376,1
350377,1
350378,2
350379,3
350380,1
350381,4
350382,5
350383,2
350384,2
350385,5
350386,3
350387,6
350388,5
350389,3
350390,3
350391,1
350392,3
350393,2
350394,5
350395,2
350396,2
350397,2
350398,1
350399,4
350400,3
350401,2
350402,2
350403,2
350404,1
350405,1
360001,3
360002,2
360003,2
360004,2
360005,1
360006,1
360007,2
360008,2
360009,2
360010,3
360011,2
360012,4
360013,4
360014,2
360015,1
360016,4
360017,1
360018,2
360019,1
360021,2
360022,2
360023,1
360024,2
360025,5
360026,1
360027,1
360028,2
360029,1
360030,3
360031,10
360032,2
360033,1
360034,1
360035,1
360036,2
360037,2
360038,2
360039,2
360040,1
360041,2
360042,2
360044,2
360045,2
360046,2
360047,4
360048,3
360049,1
360050,5
360051,2
360052,2
360053,1
360055,2
360056,1
360057,2
360058,3
360059,1
360060,3
360061,1
360062,3
360063,2
360064,2
360065,2
360066,3
360067,2
360068,4
360069,2
360071,3
360072,1
360073,4
360074,2
360075,2
360076,1
360077,2
360078,2
360079,2
360080,2
360081,1
360082,1
360083,3
360085,2
360086,4
360087,4
360088,1
360089,2
360090,2
360091,2
360092,2
360093,2
360094,3
360095,2
360096,2
360097,2
360098,2
360099,5
360100,1
360101,2
360102,5
360103,1
360104,2
360105,2
360106,2
360107,3
360108,2
360109,1
360110,3
360111,1
360113,2
360114,6
360115,2
360116,2
360117,7
360118,1
360119,2
360120,3
360121,2
360122,3
360123,4
360124,2
360125,2
360126,3
360127,2
360128,4
360129,3
360130,2
360131,2
360132,2
360133,3
360134,2
360135,4
360136,2
360138,3
360139,5
360140,1
360141,1
360142,2
360143,2
360144,4
360145,2
360146,2
360147,2
360148,2
360149,4
360150,1
360151,5
360152,2
360153,1
360154,2
360155,3
360156,2
360157,6
360158,3
360159,2
360160,2
360161,2
360162,3
360163,3
360164,2
360165,3
360166,4
360167,2
360168,2
360169,3
360170,3
360171,3
360172,1
360173,1
360174,1
360175,1
360176,2
360177,3
360178,2
360179,2
360180,3
360181,1
360182,2
360183,4
360184,3
360185,2
360186,2
360187,4
360188,2
360189,2
360190,1
360191,2
360192,2
360193,3
360194,1
360195,3
360196,2
360197,1
360198,2
360199,5
360200,1
360201,2
360202,4
360204,2
360205,2
360206,3
360208,7
360209,3
360210,4
360211,3
360212,4
360213,5
360214,1
360215,1
360216,1
360217,2
360218,1
360219,5
360220,1
360221,2
360222,6
360223,4
360224,4
360225,1
360226,2
360227,1
360228,1
360229,2
360230,2
360231,2
360232,2
360233,2
360234,1
360235,5
360236,2
360237,1
360238,2
360239,2
360240,3
360241,4
360242,3
360243,3
360245,2
360246,2
360247,3
360248,2
360249,4
360250,3
360251,1
360252,5
360254,4
360255,4
360256,1
360257,3
360258,2
360259,2
360260,2
360261,6
360262,2
360263,3
360264,3
360265,2
360266,1
360267,2
360268,2
360269,2
360270,1
360271,3
360272,4
360273,8
360274,2
360275,2
360276,1
360277,8
360278,2
360279,2
360280,3
360281,1
360282,2
360283,1
360284,4
360285,2
360286,2
360287,2
360288,2
360289,2
360290,1
360291,1
360292,2
360293,1
360294,5
360295,4
360296,1
360297,2
360298,2
360299,6
360300,3
360301,1
360302,1
360303,6
360304,2
360305,1
360306,2
360307,2
360308,1
360309,3
360310,2
360311,1
360312,2
360313,2
360314,2
360315,3
360316,2
360317,4
360318,2
360319,2
360320,6
360321,4
360322,3
360323,2
360324,2
360325,2
360326,2
360327,2
360328,1
360329,1
360330,1
360331,2
360332,2
360333,2
360334,1
360335,2
360336,3
360337,2
360338,2
360339,2
360340,1
360341,1
360342,1
360343,5
360344,1
360345,4
360346,2
360347,1
360348,3
360349,1
360350,2
360351,2
360352,2
360353,2
360354,3
360355,3
360356,2
360357,4
360358,6
360359,5
360360,3
360361,2
360362,1
360363,2
360364,1
360365,4
360366,2
360367,1
360368,1
360369,2
360370,1
360371,4
360372,1
360373,2
360374,2
360375,3
360376,3
360377,1
360378,1
360379,4
360380,3
360381,3
360382,2
360383,2
360384,2
360385,1
360386,4
360387,2
360388,2
360389,2
360390,3
360391,2
360392,2
360393,1
360394,3
360395,2
360396,2
360397,2
360398,1
360399,6
360400,2
360401,4
360402,6
360403,2
360404,2
360405,2
360406,2
360407,4
360408,1
360409,1
360410,1
360411,2
360412,3
360414,2
360415,2
360416,2
360417,1
360418,7
360419,2
360420,1
360421,3
360422,4
360423,1
360424,2
360425,4
360426,2
360427,4
360428,1
360429,1
360430,2
360431,4
360432,2
360433,1
360434,2
360436,3
360437,2
360438,1
360439,3
360440,3
360441,4
360442,2
360443,2
360444,1
360445,1
360446,1
360447,2
360448,2
360449,4
360450,1
360451,3
360452,1
360453,2
360454,2
360455,5
360456,2
360457,2
360458,9
360459,2
360460,7
360461,2
360462,1
360463,2
360464,1
360465,2
360466,2
360467,2
360468,2
360469,2
360470,2
360471,3
360472,2
360473,4
360474,2
360475,1
360476,1
360477,1
360478,2
360480,2
360481,2
360482,2
360483,3
360484,3
360486,2
360487,2
360488,2
360489,2
360490,4
360491,3
360492,4
360493,2
360494,2
360495,2
360496,6
360497,2
360498,2
360499,2
360500,4
360501,4
360502,6
360503,3
360504,3
360505,2
360506,2
360507,4
360508,2
360509,4
360510,1
360511,4
360512,2
360513,2
360514,1
360515,2
360516,1
360517,4
360518,1
360519,1
360520,1
360521,1
360522,2
360524,2
360525,1
360526,1
360527,2
360528,2
360529,1
360530,1
360531,4
360532,1
360533,4
360534,1
360535,1
360536,2
360537,1
360538,3
360539,1
360541,1
360542,6
360543,1
360544,3
360545,1
360546,1
360547,2
360548,3
360549,3
360550,4
360551,3
360552,3
360553,2
360554,2
360555,3
360556,3
360557,2
360558,4
360559,2
360560,2
360561,2
360562,5
360563,2
360564,3
360565,2
360566,3
360567,3
360568,3
360569,1
360570,2
360572,2
360573,3
360574,2
360575,1
360576,2
360577,1
360578,3
360579,2
360580,2
360581,3
360582,2
360583,4
360584,4
360585,1
360586,4
360587,2
360588,4
360589,3
360591,3
360592,4
360593,5
360594,2
360595,3
360596,3
360597,4
360598,2
360599,1
360600,1
360601,2
360602,2
360603,14
360604,4
360605,5
360606,2
360607,4
360608,4
360609,1
360610,2
360611,3
360612,2
360613,2
360614,5
360615,3
360616,3
360617,2
360618,1
360619,5
360620,2
360621,1
360622,3
360623,2
360624,1
360625,2
360626,3
360627,2
360628,2
360629,1
360630,2
360631,1
360632,2
360633,4
360634,5
360635,2
360636,2
360637,2
360638,6
360639,1
360640,3
360641,3
360642,7
360643,2
360644,4
360645,2
360646,2
360647,1
360648,4
360649,6
360650,3
360651,1
360652,1
360653,2
360654,2
360655,1
360656,4
360657,2
360658,1
360659,2
360660,1
360661,2
360662,1
360663,1
360664,4
360665,1
360666,2
360667,2
360668,2
360669,2
360670,2
360671,2
360672,1
360673,5
360674,3
360675,2
360676,2
360677,5
360678,1
360679,5
360680,4
360681,2
360682,1
360683,6
360684,3
360685,2
360686,1
360687,2
360688,5
360689,1
360690,3
360691,3
360692,2
360693,2
360694,5
360695,1
360696,1
360697,1
360698,1
360699,2
360700,1
360701,3
360702,2
360703,2
360704,2
360705,2
360706,2
360708,2
360709,3
360710,2
360711,1
360712,1
360713,2
360714,2
360715,3
360716,2
360717,1
360718,2
360719,2
360720,2
360721,2
360722,2
360723,5
360724,2
360725,3
360726,1
360727,4
360728,2
360729,3
360730,1
360731,2
360732,2
360733,2
360734,4
360735,1
360736,2
360737,6
360738,2
360739,2
360740,2
360741,1
360742,6
360743,2
360744,4
360745,2
360746,2
360747,3
360748,1
360749,1
360750,1
360751,2
360752,1
360753,1
360754,1
360755,1
360756,3
360757,2
360758,2
360759,4
360760,2
360761,2
360762,3
360763,2
360764,2
360765,3
360766,2
360767,3
360768,4
360769,2
360770,2
360771,1
360772,1
360773,3
360774,1
360775,1
360776,2
360777,4
360778,3
360779,2
360780,2
360781,2
360782,2
360783,4
360784,3
360785,1
360786,1
360787,4
360788,4
360789,2
360790,1
360791,1
360792,2
360793,2
360794,3
360795,2
360796,2
360797,2
360798,5
360799,3
360800,3
360801,3
360802,3
360803,1
360804,1
360805,2
360806,2
360807,2
360808,2
360810,2
360811,2
360812,2
360813,1
360814,2
360815,1
360816,3
360817,4
360818,4
360819,2
360820,7
360821,2
360822,10
360823,2
360824,1
360826,3
360827,3
360829,2
360830,2
360831,6
360832,1
360833,1
360834,4
360835,2
360836,4
360837,2
360838,2
360839,2
360840,2
360842,2
360843,3
360844,2
360845,2
360846,2
360847,2
360848,3
360851,2
360852,3
360853,2
360854,6
360855,1
360856,2
360857,2
360858,4
360859,2
360860,1
360861,2
360862,2
360864,2
360865,2
360866,2
360867,3
360868,2
360869,5
360870,4
360871,7
360872,3
360873,2
360874,2
360875,1
360876,3
360877,3
360878,2
360879,1
360880,1
360881,3
360882,2
360883,2
360884,4
360885,1
360886,4
360887,3
360888,2
360889,2
360890,3
360891,1
360892,2
360893,2
360894,3
360895,1
360896,1
360897,2
360898,2
360899,2
360900,1
360901,1
360902,1
360903,1
360905,3
360906,2
360907,3
360908,6
360909,2
360910,3
360911,2
360912,5
360913,2
360914,3
360915,3
360916,3
360917,8
360918,3
360919,2
360920,1
360921,3
360922,3
360923,3
360924,4
360925,3
360926,2
360927,2
360928,3
360929,2
360930,5
360931,2
360932,1
360933,3
360934,2
360935,5
360936,1
360937,2
360938,4
360939,3
360940,2
360941,2
360942,2
360943,2
360944,8
360945,2
360946,2
360947,1
360948,1
360949,3
360950,5
360951,1
360952,2
360953,3
360954,2
360955,3
360956,6
360957,5
360958,2
360959,2
360960,2
360961,2
360962,1
360963,1
360964,1
360965,1
360966,2
360967,8
360968,1
360969,2
360970,3
360971,3
360972,2
360973,2
360974,4
360975,5
360976,2
360977,2
360978,3
360979,4
360980,5
360981,3
360982,1
360983,2
360984,3
360985,1
360986,4
360987,3
360988,2
360989,4
360990,4
360991,2
360992,2
360993,2
360994,1
360995,1
360996,2
360997,3
360998,2
360999,2
361000,2
361001,1
361002,5
361003,1
361004,3
361005,4
361006,1
361007,2
361008,2
361009,5
361010,1
361011,2
361012,2
361013,1
361014,2
361015,3
361016,4
361017,2
361018,44
361019,2
361020,2
361022,3
361023,1
361024,4
361025,3
361026,2
361027,3
361028,2
361029,2
361030,3
361031,3
361032,3
361033,2
361034,3
361035,2
361036,1
361037,2
361038,5
361039,1
361040,4
361041,2
361043,2
361044,3
361045,2
361046,2
361047,1
361048,2
361049,2
361050,11
361051,2
361052,2
361053,3
361054,1
361055,2
361056,2
361057,2
361058,5
361059,4
361060,2
361061,2
361062,3
361063,1
361064,2
361065,2
370001,5
370002,3
370003,7
370004,2
370005,2
370006,2
370007,2
370008,1
370009,3
370010,3
370011,3
370012,2
370013,2
370014,1
370015,4
370016,2
370017,3
370018,2
370019,2
370020,2
370021,2
370022,5
370023,2
370024,2
370025,4
370026,3
370027,6
370028,2
370029,3
370030,2
370032,2
370033,1
370034,1
370035,1
370036,3
370037,5
370038,1
370039,1
370040,4
370041,1
370042,1
370043,3
370044,6
370045,6
370046,2
370047,4
370048,3
370049,1
370050,1
370051,3
370052,2
370053,2
370054,4
370055,2
370056,3
370057,2
370058,5
370059,2
370060,2
370061,2
370062,1
370063,5
370064,2
370065,2
370066,2
370067,1
370068,2
370069,5
370070,2
370071,2
370072,3
370073,9
370074,2
370075,1
370076,4
370077,1
370078,1
370079,1
370080,4
370081,9
370082,2
370083,1
370084,3
370086,2
370088,2
370089,2
370090,2
370091,3
370092,1
370093,1
370094,2
370095,2
370096,2
370097,1
370098,3
370099,1
370100,2
370101,3
370102,1
370103,2
370104,2
370105,2
370106,2
370107,1
370108,2
370109,2
370110,1
370111,2
370112,3
370113,2
370114,1
370115,2
370116,4
370117,2
370118,2
370119,3
370120,1
370121,3
370122,4
370123,4
370124,5
370125,2
370126,2
370127,3
370128,2
370129,1
370130,2
370131,1
370132,2
370133,3
370134,3
370135,4
370136,2
370137,1
370138,2
370139,2
370140,1
370141,2
370142,4
370143,2
370144,2
370145,3
370146,1
370147,2
370148,3
370149,2
370150,2
370151,1
370152,2
370153,2
370154,2
370155,2
370156,3
370157,4
370158,3
370159,3
370160,1
370161,1
370162,2
370163,1
370164,2
370165,3
370166,2
370167,1
370168,3
370169,2
370170,2
370171,2
370172,3
370173,2
370174,2
370175,3
370176,4
370177,4
370178,2
370179,2
370180,2
370181,2
370182,3
370183,1
370184,2
370185,2
370186,1
370187,6
370188,2
370189,4
370190,1
370191,4
370192,2
370193,1
370194,2
370195,2
370196,1
370198,6
370199,1
370200,3
370201,1
370202,2
370203,8
370204,2
370205,3
370206,5
370207,1
370209,2
370210,6
370211,1
370212,1
370213,2
370214,1
370215,3
370216,2
370217,4
370218,1
370219,1
370220,2
370221,2
370222,2
370223,3
370224,4
370225,6
370226,2
370227,1
370228,1
370229,1
370230,3
370231,1
370232,2
370233,2
370234,2
370235,2
370236,3
370237,3
370238,1
370239,2
370240,1
370241,3
370242,1
370243,2
370244,1
370245,2
370246,1
370247,5
370248,5
370249,2
370250,2
370251,2
370252,4
370253,2
370254,1
370255,3
370256,2
370257,1
370258,2
370259,2
370260,2
370261,1
370262,2
370263,3
370264,2
370265,2
370266,2
370267,3
370268,1
370269,1
370270,3
370271,2
370272,2
370273,1
370274,1
370275,1
370276,1
370277,1
370278,4
370279,2
370280,2
370281,3
370282,2
370283,5
370284,1
370285,2
370286,5
370287,3
370288,1
370289,3
370290,2
370291,2
370292,2
370293,3
370294,6
370295,2
370296,5
370297,2
370298,1
370299,4
370300,3
370301,1
370302,2
370303,2
370304,2
370305,2
370306,3
370307,7
370308,2
370309,6
370310,5
370311,1
370312,1
370313,2
370314,1
370315,4
370316,6
370317,1
370318,2
370319,5
370320,4
370321,1
370322,1
370323,3
370326,2
370327,2
370328,1
370329,1
370330,4
370331,2
370332,2
370333,1
370334,2
370335,2
370336,1
370337,2
370338,1
370339,2
370340,8
370341,3
370342,4
370343,1
370344,1
370345,2
370346,3
370347,2
370348,1
370349,2
370350,1
370351,3
370352,2
370353,2
370354,2
370355,1
370356,4
370357,2
370358,1
370359,2
370360,3
370361,2
370362,1
370363,1
370364,1
370365,4
370366,1
370367,1
370368,2
370369,1
370370,1
370371,4
370372,2
370373,2
370374,2
370375,3
370376,4
370377,1
370378,1
370379,2
370380,4
370381,1
370382,2
370383,2
370384,2
370385,3
370386,1
370387,2
370388,4
370389,2
370390,8
370391,1
370394,3
370395,5
370396,4
370397,5
370398,6
370399,2
370400,3
370401,2
370402,2
370403,1
370404,2
370405,2
370406,2
370407,2
370408,2
370409,1
370410,4
370411,1
370412,3
370413,2
370414,3
370415,2
370416,2
370417,1
370418,3
370419,1
370420,2
370421,2
370422,2
370423,1
370424,2
370425,1
370426,2
370427,2
370428,1
370429,1
370430,1
370431,2
370432,2
370433,5
370434,3
370435,3
370436,1
370437,7
370438,3
370439,3
370440,2
370441,2
370442,2
370443,1
370444,2
370445,2
370446,3
370447,3
370448,5
370449,2
370450,1
370451,2
370452,2
370453,3
370454,4
370455,1
370456,1
370457,2
370458,1
370460,5
370461,2
370462,1
370463,1
370464,1
370465,3
370466,1
370467,2
370468,1
370469,3
370470,2
370471,2
370472,2
370473,1
370474,1
370475,1
370476,1
370477,2
370478,2
370479,4
370480,2
370481,3
370482,2
370483,2
370484,1
370485,5
370486,3
370487,3
370488,1
370489,4
370490,1
370491,2
370492,1
370493,2
370494,2
370495,2
370496,1
370497,1
370498,2
370499,2
370500,3
370501,2
370502,3
370503,3
370504,1
370505,2
370506,2
370507,5
370508,1
370509,2
370510,2
370511,1
370512,3
370513,2
370514,2
370515,6
370516,2
370517,2
370518,2
370519,4
370520,1
370521,3
370522,2
370523,2
370524,3
370525,6
370526,3
370527,3
370528,1
370529,1
370530,1
370531,6
370532,2
370533,2
370534,3
370535,1
370536,2
370537,3
370538,2
370539,2
370540,2
370541,1
370542,2
370543,3
370544,1
370545,3
370546,3
370547,2
370548,2
370549,3
370550,4
370551,2
370552,1
370553,1
370554,3
370555,1
370557,2
370558,1
370559,4
370560,6
370561,1
370563,6
370564,3
370565,2
370566,2
370567,1
370568,3
370569,3
370570,1
370571,5
370572,3
370573,2
370574,2
370575,6
370576,2
370577,1
370578,1
370579,2
370580,1
370581,2
370582,2
370583,3
370584,4
370585,1
370586,2
370587,3
370588,1
370589,1
370590,3
370591,1
370592,4
370593,1
370594,2
370595,2
370596,1
370597,2
370599,4
370600,1
370601,1
370602,2
370603,1
370604,1
370605,1
370606,2
370607,3
370608,4
370609,5
370610,2
370611,3
370612,3
370613,2
370614,1
370615,2
370616,5
370617,3
370618,2
370619,2
370620,4
370621,1
370622,5
370623,3
370624,6
370625,6
370626,3
370627,2
370628,2
370629,3
370630,1
370631,1
370632,3
370633,2
370634,2
370635,2
370636,3
370637,1
370638,3
370639,1
370640,1
370641,2
370642,5
370643,2
370644,2
370645,2
370646,1
370647,2
370648,2
370649,2
370650,1
370651,2
370652,1
370653,2
370654,1
370655,1
370656,4
370657,3
370658,2
370659,1
370660,1
370661,2
370662,1
370663,2
370664,7
370665,2
370666,3
370667,2
370668,4
370669,1
370670,4
370671,3
370672,2
370673,3
370674,2
370675,2
370676,2
370677,2
370678,6
370679,1
370680,3
370681,2
370682,3
370683,1
370684,3
370685,2
370686,3
370687,2
370688,3
370689,7
370690,2
370691,2
370692,1
370693,2
370694,1
370695,1
370696,6
370697,2
370698,2
370699,1
370700,1
370701,2
370702,3
370703,3
370704,5
370705,3
370706,1
370707,2
370708,2
370709,1
370710,1
370711,3
370712,1
370713,2
370714,2
370715,5
370716,1
370717,1
370718,1
370719,3
370720,2
370721,2
370722,1
370723,6
370724,1
370725,9
370726,2
370727,2
370728,1
370729,2
370730,3
370731,2
370732,5
370733,3
370734,1
370735,2
370736,2
370737,1
370738,3
370739,1
370740,1
370741,1
370742,1
370743,7
370744,2
370745,2
370746,4
370747,2
370748,3
370749,1
370750,1
370751,2
370752,2
370753,1
370754,2
370755,1
370756,3
370757,2
370758,2
370759,2
370760,5
370761,3
370762,1
370763,2
370764,3
370765,1
370766,6
370767,3
370768,3
370769,1
370770,3
370771,2
370772,2
370773,1
370774,4
370775,4
370776,3
370777,3
370778,1
370779,2
370780,3
370781,1
370782,7
370785,7
370786,7
370787,1
370788,1
370789,2
370790,2
370791,3
370792,2
370793,5
370794,1
370795,3
370796,3
370797,3
370798,1
370799,3
370800,3
370801,2
370802,3
370803,4
370804,3
370805,2
370806,2
370807,3
370808,2
370810,1
370811,2
370812,2
370813,4
370815,2
370816,2
370817,1
370818,2
370819,2
370821,3
370823,3
370824,1
370825,3
370826,2
370827,3
370828,1
370829,2
370830,1
370831,1
370832,2
370833,5
370834,2
370835,3
370836,2
370837,1
370838,6
370839,2
370840,3
370841,1
370842,2
370844,2
370845,1
370846,1
370847,1
370848,2
370849,2
370850,2
370851,1
370852,5
370853,1
370854,3
370855,3
370856,2
370857,1
370858,3
370859,2
370860,2
370861,1
370862,2
370863,3
370864,5
370866,1
370867,2
370868,2
370869,2
370870,2
370871,1
370872,2
370873,1
370874,1
370875,2
370876,2
370877,3
370878,3
370879,1
370880,2
370881,2
370882,1
370883,3
370884,1
370885,3
370886,1
370887,1
370888,2
370889,2
370890,5
370891,1
370892,3
370893,2
370894,1
370895,2
370896,2
370897,3
370898,2
370899,1
370900,3
370901,3
370902,5
370903,9
370904,5
370905,3
370906,2
370907,2
370908,1
370909,2
370910,3
370911,1
370913,1
370914,2
370915,3
370916,1
370917,1
370918,4
370919,2
370920,4
370921,6
370922,2
370923,2
370924,1
370925,3
370926,3
370927,3
370928,1
370929,2
370930,1
370931,2
370932,4
370933,2
370934,2
370935,1
370936,5
370938,2
370939,3
370940,3
370941,7
370942,2
370943,3
370944,1
370945,1
370946,3
370947,2
370948,2
370949,1
370950,1
370951,1
370952,2
370953,1
370954,4
370955,1
370956,4
370957,1
370958,1
370959,2
370960,1
370961,8
370962,1
370963,6
370964,3
370965,1
370966,2
370967,1
370968,9
370969,2
370970,3
370971,2
370972,1
370973,3
370974,2
370975,3
370976,2
370977,2
370978,2
370979,3
370980,3
370981,2
370982,2
370983,2
370984,4
370985,2
370986,7
370987,3
370988,4
370989,1
370990,2
370991,3
370992,2
370993,1
370994,1
370996,1
370997,5
370998,2
370999,2
371000,3
371001,4
371002,2
371003,5
371004,1
371005,2
371006,4
371007,5
371008,2
371009,2
371010,4
371011,2
371012,2
371013,2
371014,2
371015,1
371016,2
371017,2
371018,4
371019,2
371020,1
371021,3
371022,5
371023,2
371024,1
371025,2
371026,2
371027,2
371028,4
371029,2
371030,5
371031,4
371032,6
371033,2
371034,2
371035,2
371036,2
371037,6
371038,2
371039,1
371040,2
371042,2
371043,2
371044,2
371045,4
371046,3
371047,1
371048,2
371049,1
371050,1
371051,4
371052,2
371053,2
371054,1
371055,3
371056,4
371057,3
371058,2
371059,2
371061,2
371062,4
371063,1
371064,1
371065,1
371066,3
371067,7
371068,1
371069,2
371070,2
371071,2
371072,1
371073,1
371074,3
371075,1
371076,1
371077,4
371078,1
371079,2
371080,1
371081,2
371082,2
371083,4
371084,3
371085,2
371086,1
371087,2
371088,4
371089,1
371090,1
371091,6
371092,2
371093,2
371094,2
371095,2
371096,3
371097,3
371098,2
371099,1
371100,11
371101,4
371102,1
371103,2
371104,1
371105,2
371106,2
371107,1
371108,3
371109,7
371110,6
371111,2
371112,2
371113,7
371114,3
371115,6
371116,3
371117,3
371118,4
371119,4
371120,2
371121,2
371122,1
371123,4
371124,2
371125,2
371126,3
371127,2
371128,2
371129,3
371130,2
371131,2
371132,5
371133,1
371135,4
371136,1
371137,4
371138,4
371139,1
371140,2
371141,4
371142,2
371143,1
371144,2
371145,4
371146,3
371147,2
371148,1
371149,3
371150,3
371151,1
371152,2
371153,1
371154,7
371155,3
371156,2
371157,2
371158,1
371159,1
371160,3
371161,2
371162,1
371163,5
371164,2
371165,2
371166,2
371167,2
371168,1
371169,2
371170,2
371171,1
371172,2
371173,1
371174,2
371175,5
371176,1
371177,2
371178,3
371179,1
371180,3
371181,3
371182,3
371183,1
371184,1
371185,2
371186,3
371187,3
371188,3
371189,1
371190,2
371191,1
371192,3
371193,2
371194,2
371195,2
371196,1
371197,2
371198,2
371199,2
371200,2
371201,2
371202,8
371203,4
371204,5
371205,2
371206,1
371207,1
371208,2
371209,2
371210,2
371211,3
371212,2
371213,5
371214,1
371215,2
371216,1
371217,4
371218,4
371219,1
371220,3
371221,2
371222,2
371223,1
371226,2
371227,2
371228,3
371229,2
371230,1
371231,2
371232,2
371233,5
371234,2
371235,1
371236,2
371238,2
371239,2
371240,2
371241,1
371242,2
371243,2
371244,2
371245,2
371246,2
371247,5
371249,4
371250,1
371251,2
371252,2
371253,2
371254,1
371255,2
371256,1
371257,4
371258,2
371259,2
371260,1
371261,2
371262,1
371263,1
371264,4
371265,2
371267,2
371268,2
371269,2
371270,2
371271,2
371272,1
371273,3
371274,1
371275,2
371276,2
371277,1
371278,1
371279,1
371280,1
371281,4
371282,3
371283,1
371284,2
371285,2
371286,2
371287,1
371288,3
371289,2
371290,3
371291,2
371292,3
371293,1
371294,1
371295,5
371296,4
371297,2
371298,2
371299,1
371300,3
371301,2
371302,1
371303,1
371304,2
371305,1
371306,2
371307,7
371308,2
371309,3
371310,2
371311,3
371312,1
371313,3
371314,1
371315,1
371316,1
371317,4
371318,2
371319,4
371320,1
371321,1
371322,1
371323,3
371324,2
371325,3
371326,2
371327,1
371328,1
371329,2
371330,2
371331,2
371332,1
371333,1
371334,2
371335,2
371336,2
371337,1
371338,1
371339,2
371340,3
371341,2
371342,2
371343,2
371344,2
371345,1
371346,2
371347,1
371348,1
371349,1
371350,6
371351,1
371352,1
371353,2
371355,8
371356,2
371357,1
371358,2
371359,2
371360,1
371361,2
371362,4
371363,4
371364,2
371365,1
371366,3
371367,2
371368,5
371369,2
371370,2
371372,4
371373,2
371374,2
371375,2
371376,2
371377,1
371378,1
371379,3
371380,5
371381,1
371382,4
371383,4
371384,2
371385,5
371386,3
371387,2
371388,1
371389,1
371390,3
371391,5
371392,1
371393,5
371394,2
371395,1
371396,3
371397,2
371398,3
371399,1
371400,2
371401,1
371402,2
371403,1
371404,1
371405,2
371406,1
371407,2
371408,2
371410,2
371411,5
371412,4
371413,2
371414,4
371415,2
371416,2
371417,2
371418,10
371419,9
371420,1
371421,2
371422,2
371423,2
371424,1
371425,5
371426,2
371427,5
371428,1
371429,3
371430,1
371431,3
371432,2
371433,1
371434,2
371435,1
371436,2
371437,1
371438,1
371439,2
371440,4
371441,2
371442,1
371443,4
371444,1
371445,2
371446,2
371447,1
371448,2
371449,2
371450,2
371451,2
371452,1
371453,2
371454,3
371455,2
371456,1
371457,2
371458,4
371459,4
371460,5
371461,1
371462,2
371463,2
371464,2
371465,12
371466,2
371467,2
371468,1
371469,2
371470,1
371471,2
371472,1
371473,1
371474,3
371475,6
371476,3
371477,6
371479,1
371480,3
371481,2
371482,2
371484,2
371486,2
371487,2
371488,5
371489,2
371490,1
371491,1
371492,1
371493,1
371494,1
371495,1
371496,1
371497,1
371498,2
371499,4
371500,1
371501,2
371502,1
371503,1
380001,3
380002,3
380003,2
380004,1
380005,3
380006,2
380007,4
380008,1
380009,3
380010,2
380011,5
380012,2
380013,2
380014,2
380015,3
380016,4
380017,4
380018,1
380019,1
380020,2
380021,1
380022,4
380023,3
380024,2
380025,2
380026,3
380027,2
380028,3
380029,3
380030,1
380031,2
380032,1
380033,2
380034,1
380035,2
380036,2
380037,2
380038,5
380039,1
380040,2
380041,1
380042,4
380043,2
380044,2
380045,2
380046,1
380047,1
380048,3
380049,1
380050,2
380051,3
380052,3
380053,1
380054,2
380055,1
380056,2
380057,3
380058,2
380059,2
380060,4
380061,2
380062,2
380063,2
380064,28
380065,2
380066,2
380067,1
380068,1
380069,2
380070,2
380071,1
380072,1
380073,2
380074,2
380075,2
380076,2
380077,2
380078,2
380079,1
380080,1
380081,2
380082,1
380083,2
380084,2
380085,3
380086,2
380087,1
380088,2
380089,3
380090,2
380091,4
380092,2
380093,2
380094,1
380095,1
380096,2
390001,5
390002,2
390003,2
390004,2
390006,3
390007,1
390008,9
390009,3
390010,2
390012,1
390013,7
390014,3
390015,2
390016,4
390017,2
390018,2
390019,3
390021,1
390022,1
390024,1
390025,4
390026,2
390027,1
390028,3
390029,2
390030,3
390031,2
390032,1
390033,2
390034,1
390035,2
390036,2
390037,2
390038,3
390039,2
390040,3
390041,1
390043,4
390044,3
390045,1
390046,2
390047,3
390048,1
390049,2
390050,2
390051,1
390052,2
390053,1
390054,2
390055,2
390056,3
390057,2
390058,2
390060,5
390061,6
390062,3
390063,3
390064,1
390067,5
390068,5
390069,4
390070,2
390071,1
390072,2
390073,4
390074,2
390075,2
390076,1
390078,4
390079,2
390080,1
390081,2
390082,2
390083,1
390084,3
390085,2
390086,1
390087,2
390088,3
390089,2
390090,3
390091,3
390092,3
390093,3
390094,2
390095,2
390096,6
390097,2
390098,3
390099,2
390100,4
390101,5
390102,1
390103,1
390104,2
390105,3
390106,3
390108,2
390109,3
390110,5
390111,2
390112,1
390113,2
390114,2
390115,3
390116,1
390117,2
390118,2
390119,2
390120,1
390121,6
390122,3
390123,5
390124,5
390125,3
390126,2
390127,2
390128,2
390130,3
390131,2
390132,1
390133,2
390134,1
390135,3
390136,2
390137,1
390138,2
390139,1
390140,2
390141,1
390142,2
390143,1
390144,1
390146,2
390147,1
390148,2
390149,2
390150,4
390151,3
390152,1
390153,3
390154,2
390155,2
390156,4
390157,2
390158,2
390159,2
390160,2
390161,1
390162,2
390163,3
390164,2
390165,2
390166,1
390167,7
390168,1
390169,2
390170,2
390171,1
390172,1
390173,1
390174,3
390175,2
390176,1
390177,2
390178,2
390179,3
390180,2
390181,4
390182,1
390183,1
390184,1
390185,3
390186,3
390187,3
390188,4
390189,2
390190,3
390191,2
390192,1
390193,2
390194,2
390195,2
390196,7
390197,3
390198,1
390199,1
390200,8
390201,1
390202,1
390203,3
390204,1
390205,4
390206,1
390207,5
390208,1
390209,1
390210,2
390211,3
390212,2
390213,1
390214,1
390215,4
390216,1
390218,3
390219,1
390220,1
390221,2
390222,1
390223,1
390224,3
390226,2
390227,2
390228,5
390229,4
390230,1
390231,1
390232,2
390233,2
390234,3
390235,1
390236,4
390237,3
390238,1
390239,3
390240,2
390241,5
390242,1
390244,3
390245,2
390246,3
390247,1
390248,2
390249,2
390250,1
390251,2
390252,4
390253,5
390254,1
390255,4
390256,1
390257,2
390258,4
390259,2
390260,2
390261,4
390262,2
390263,2
390264,4
390265,1
390266,4
390267,1
390268,2
390269,2
390270,4
390271,1
390272,1
390273,2
390274,3
390275,1
390276,6
390277,4
390278,2
390279,3
390280,3
390281,3
390282,1
390283,1
390284,3
390285,1
390286,1
390288,2
390289,1
390290,2
390291,1
390292,2
390293,5
390294,3
390295,3
390296,2
390297,2
390298,2
390299,1
390300,1
390301,2
390302,3
390303,3
390304,2
390305,3
390306,2
390307,4
390308,3
390309,2
390310,3
390311,1
390313,1
390314,2
390315,1
390316,2
390317,1
390318,4
390319,2
390320,1
390321,3
390322,1
390323,6
390324,1
390325,1
390326,1
390327,2
390328,5
390329,2
390330,2
390331,2
390332,2
390333,3
390334,1
390335,1
390336,2
390337,2
390338,1
390339,6
390340,2
390341,1
390342,1
390343,2
390344,4
390345,2
390346,3
390347,3
390348,3
390349,3
390350,2
390351,2
390352,1
390354,2
390355,2
390356,2
390357,1
390358,2
390359,1
390360,2
390361,2
390362,2
390363,3
390364,2
390365,3
390366,4
390367,2
390368,1
390369,1
390370,1
390371,1
390372,4
390373,1
390374,2
390375,1
390376,3
390377,2
390378,1
390379,2
390380,2
390381,2
390382,2
390383,6
390384,2
390385,4
390386,4
390387,1
390388,1
390389,1
390391,2
390392,3
390393,2
390394,3
390395,4
390396,2
390397,3
390398,2
390400,3
390401,3
390402,1
390403,6
390404,1
390405,2
390406,1
390407,2
390408,2
390409,2
390410,1
390411,1
390412,1
390413,1
390414,1
390415,2
390416,1
390418,1
390419,1
390420,3
390421,2
390422,2
390423,2
390424,2
390425,2
390426,3
390427,3
390429,2
390430,2
390431,1
390432,4
390433,2
390434,2
390435,3
390436,3
390438,1
390439,1
390440,1
390441,1
390442,3
390444,3
390445,1
390446,3
390447,1
390448,3
390449,2
390450,3
390451,2
390452,1
390453,2
390455,2
390456,3
390457,4
390458,5
390459,2
390460,1
390461,5
390462,3
390463,1
390464,1
390466,3
390467,1
390468,2
390469,1
390470,7
390471,3
390472,7
390473,3
390474,2
390475,7
390476,3
390477,4
390478,2
390479,3
390480,4
390481,1
390482,3
390483,3
390484,1
390486,3
390487,7
390488,1
390489,3
390490,6
390491,3
390492,1
390493,1
390494,1
390495,2
390496,3
390497,2
390498,1
390500,1
390501,1
390502,2
390503,1
390504,5
390505,3
390506,1
390507,2
390508,2
390509,1
390511,2
390512,9
390513,2
390515,2
390516,2
390517,2
390518,2
390519,1
390520,1
390521,5
390522,2
390523,1
390524,3
390525,2
390526,2
390527,2
390528,1
390529,2
390530,1
390531,4
390532,2
390533,2
390534,1
390535,1
390536,1
390537,2
390538,1
390539,2
390540,3
390541,2
390542,2
390543,2
390544,4
390545,5
390546,2
390547,1
390548,4
390549,4
390550,1
390551,1
390552,1
390553,1
390554,3
390555,2
390556,1
390557,2
390558,4
390559,1
390560,5
390561,2
390562,2
390563,1
390564,4
390565,1
390566,3
390567,3
390568,2
390569,3
390570,4
390571,3
390572,3
390573,1
390574,3
390575,2
390576,1
390577,1
390578,4
390579,4
390580,2
390581,2
390582,3
390583,2
390584,5
390585,4
390586,2
390588,3
390589,9
390590,7
390591,3
390592,2
390593,1
390594,5
390595,1
390596,2
390597,1
390598,1
390599,3
390600,2
390601,1
390602,2
390603,1
390604,3
390605,6
390606,3
390607,1
390608,6
390609,2
390610,2
390611,2
390612,6
390613,2
390614,5
390615,1
390616,1
390617,1
390618,2
390619,5
390621,6
390622,4
390623,4
390624,2
390625,1
390626,2
390627,1
390628,2
390629,3
390630,2
390631,2
390632,2
390633,1
390634,1
390635,3
390636,1
390637,1
390638,2
390639,7
390640,3
390641,3
390642,2
390643,1
390644,1
390645,1
390646,3
390647,2
390648,1
390649,2
390650,2
390651,7
390652,1
390653,3
390654,4
390655,2
390656,4
390657,3
390659,1
390660,1
390661,2
390662,1
390663,2
390664,5
390665,3
390666,4
390667,6
390668,4
390669,3
390670,3
390671,2
390672,2
390673,2
390674,1
390675,1
390676,2
390677,2
390678,3
390679,3
390680,1
390681,2
390682,2
390684,1
390685,1
390686,2
390687,5
390688,1
390689,2
390690,4
390691,7
390692,2
390693,4
390694,3
390695,1
390696,2
390697,3
390698,1
390699,2
390700,3
390701,1
390702,4
390703,1
390704,2
390705,2
390706,1
390707,1
390708,4
390709,2
390710,4
390711,2
390712,1
390713,5
390714,2
390715,1
390717,2
390719,2
390720,2
390721,2
390722,2
390723,2
390724,2
390725,1
390726,4
390727,2
390728,5
390729,1
390730,4
390731,3
390732,1
390733,1
390734,1
390735,1
390737,45
390738,2
390739,1
390740,2
390741,3
390742,2
390743,1
390744,2
390746,4
390747,1
390748,2
390749,1
390750,1
390751,4
390752,2
390753,3
390754,1
390755,2
390756,2
390757,1
390758,2
390759,2
390760,2
390761,5
390762,1
390763,2
390764,1
390765,5
390766,2
390767,2
390768,3
390769,3
390770,2
390771,4
390772,2
390773,1
390774,3
390775,5
390776,5
390777,3
390778,3
390779,5
390780,2
390781,2
390782,1
390783,3
390784,2
390785,2
390786,3
390787,1
390788,2
390789,2
390790,3
390791,2
390792,2
390793,2
390794,4
390795,1
390796,2
390797,3
390798,10
390799,3
390800,1
390801,1
390802,2
390803,3
390804,5
390805,3
390806,2
390807,3
390808,2
390809,1
390810,2
390811,2
390812,1
390813,1
390814,1
390815,1
390816,1
390818,3
390819,7
390820,3
390821,2
390822,5
390823,2
390824,2
390825,1
390826,3
390827,6
390828,2
390829,2
390830,4
390831,1
390832,2
390833,1
390834,1
390835,1
390836,3
390837,2
390838,2
390839,2
390840,4
390841,2
390842,1
390843,3
390844,2
390845,2
390846,3
390847,4
390848,2
390849,5
390850,2
390851,2
390852,1
390853,3
390854,1
390855,1
390856,4
390857,6
390858,6
390859,1
390860,3
390861,1
390862,1
390863,2
390864,2
390865,2
390866,2
390867,1
390868,1
390869,2
390870,2
390871,2
390872,2
390873,1
390874,1
390875,4
390876,4
390877,6
390878,4
390879,1
390880,2
390881,1
390882,3
390883,1
390884,2
390885,2
390886,1
390887,1
390888,2
390889,4
390890,3
390891,2
390892,4
390893,3
390894,1
390897,1
390899,2
390901,3
390902,6
390903,2
390904,1
390905,2
390906,3
390908,2
390909,1
390910,2
390911,1
390913,3
390914,1
390916,2
390917,1
390918,2
390919,2
390920,2
390921,3
390922,2
390923,4
390924,1
390925,2
390926,1
390927,9
390928,2
390930,1
390931,1
390933,2
390934,2
390935,3
390936,9
390937,2
390939,2
390940,2
390941,2
390942,2
390943,4
390944,3
390945,5
390946,4
390947,2
390948,1
390949,3
390950,1
390951,1
390952,3
390953,2
390954,2
390955,2
390956,2
390957,3
390958,1
390959,2
390960,1
390961,2
390962,3
390963,1
390964,1
390965,4
390966,1
390967,3
390968,3
390969,1
390970,1
390971,3
390972,2
390973,1
390974,3
390975,1
390976,3
390977,1
390978,1
390979,2
390980,2
390981,3
390982,1
390983,1
390984,2
390985,2
390986,1
390987,2
390988,1
390989,1
390990,3
390991,7
390992,2
390993,2
390994,1
390995,1
390996,3
390997,2
391001,1
391002,3
391003,3
391004,2
391005,2
391006,1
391007,1
391008,2
391009,4
391010,2
391011,1
391012,2
391013,2
391014,2
391015,2
391016,2
391017,2
391018,1
391019,3
391020,1
391021,3
391022,2
391023,3
391024,1
391025,1
391026,1
391028,1
391029,1
391030,4
391031,5
391032,1
391033,2
391034,3
391035,2
391036,1
391037,4
391038,4
391040,2
391041,1
391042,3
391043,5
391044,48
391045,2
391046,2
391047,1
391048,5
391049,2
391051,1
391052,1
391053,1
391054,1
391055,2
391056,2
391057,1
391059,3
391060,2
391062,2
391063,2
391064,1
391065,4
391066,4
391067,5
391068,2
391069,1
391070,1
391071,6
391072,6
391073,1
391074,1
391075,4
391076,4
391077,2
391078,3
391079,2
391080,2
391081,2
391082,8
391083,2
391084,2
391085,2
391086,2
391087,2
391088,2
391089,1
391091,6
391092,1
391093,2
391094,1
391095,4
391096,1
391097,2
391098,1
391099,1
391100,1
391101,2
391102,4
391103,3
391104,2
391105,2
391106,2
391107,2
391108,8
391109,4
391110,3
391111,2
391113,3
391114,2
391115,5
391116,4
391117,2
391118,1
391119,2
391120,1
391121,2
391122,1
391123,1
391124,3
391125,2
391126,3
391127,3
391128,2
391129,2
391130,9
391131,4
391132,2
391133,2
391134,3
391135,3
391136,4
391137,2
391138,2
391139,1
391140,1
391141,2
391142,2
391143,1
391144,7
391145,1
391146,1
391147,2
391148,2
391149,2
391150,3
391151,2
391152,2
391153,3
391154,3
391156,2
391157,2
391159,2
391160,2
391161,1
391162,5
391163,3
391164,3
391165,3
391166,4
391168,2
391169,2
391170,2
391171,3
391172,2
391173,2
391174,3
391175,2
391176,1
391177,6
391178,5
391179,2
391180,2
391181,2
391182,2
391183,1
391184,3
391185,2
391186,1
391187,1
391188,9
391189,3
391190,3
391191,1
391192,3
391193,2
391194,1
391195,1
391196,2
391197,2
391198,3
391199,2
391200,3
391201,3
391202,2
391203,3
391204,2
391205,2
391206,4
391207,3
391208,2
391209,1
391210,2
391211,2
391212,2
400001,1
400002,1
400003,2
400004,5
400005,2
400006,2
400007,2
400008,2
400009,2
400010,1
400011,2
400012,3
400013,2
400014,1
400015,5
400016,2
400017,2
400018,1
400019,1
400020,2
400021,3
400022,1
400023,3
400024,12
400026,2
400027,2
400028,2
400029,2
400030,2
400031,2
400032,2
400033,1
400034,3
400035,5
400036,4
400037,3
400038,2
400039,3
400040,4
400041,1
400042,2
400043,2
400045,2
400046,2
400047,3
400048,1
400049,2
400050,2
400051,1
400052,2
400053,3
400054,4
400055,4
400056,3
400058,1
400059,4
400060,5
400061,2
400062,5
400063,2
400064,3
400065,3
400066,2
400067,1
400068,1
400069,2
400070,2
400071,1
400072,1
400073,3
400074,2
400075,3
400076,1
400077,2
400078,1
400079,6
400080,2
400081,2
400082,4
400083,1
400084,2
400085,3
400086,4
400087,4
400088,3
400089,1
400090,2
400091,1
400092,3
400093,2
400094,2
400095,6
400096,1
400097,1
400098,2
400099,2
400100,1
400101,2
400102,2
400103,3
400104,2
400105,4
400106,3
400107,4
400108,1
400109,1
400110,2
400111,2
400112,1
400113,2
400114,1
400115,2
400116,3
400117,1
400118,1
400119,3
400120,2
400121,5
400122,2
400123,1
400124,2
400125,4
400126,3
400127,1
400128,1
400129,1
400130,2
400131,2
400132,1
400133,2
400135,2
400136,1
400137,4
400138,1
400139,2
400140,1
400141,4
400142,1
400143,1
400144,9
400145,5
400146,7
400147,3
400148,4
400149,4
400150,1
400151,3
400152,7
400153,4
400154,2
400155,2
400156,2
400157,3
400158,2
400159,2
400161,1
400162,3
400163,2
400164,1
400165,4
400166,2
400167,3
400168,7
400169,2
400170,2
400171,2
400172,4
400173,2
400174,2
400175,2
400176,1
400177,2
400178,2
400179,1
400180,1
400181,2
400182,3
400183,3
400184,1
400185,3
400186,3
400187,4
400188,1
400189,1
400190,1
400191,6
400192,6
400193,3
400194,2
400195,1
400196,2
400198,1
400199,5
400200,1
400201,2
400202,1
400203,1
400204,2
400205,6
400206,2
400207,2
400208,2
400209,2
400210,4
400211,5
400212,2
400213,1
400214,1
400215,2
400216,4
400217,3
400218,1
400219,1
400220,5
400221,3
400222,1
400223,1
400224,4
400225,2
400226,1
400227,6
400228,2
400229,5
400230,1
400231,3
400232,5
400233,1
400234,1
400235,1
400236,2
400237,2
400238,1
400239,2
400240,5
400241,2
400242,1
400243,3
400244,2
400245,2
400246,2
400247,1
400248,1
400249,2
400250,1
400251,1
400252,1
400253,1
400255,1
400256,2
400257,2
400258,1
400259,2
400260,2
400261,2
400262,1
400263,2
400264,1
400265,2
400266,1
400267,2
400268,2
400269,2
400270,4
400271,2
400272,7
400273,3
400274,5
400275,1
400276,3
400277,2
400278,6
400279,1
400280,2
400281,2
400282,3
400283,2
400284,4
400285,1
400286,2
400287,7
400288,2
400289,5
400290,2
400291,2
400292,3
400293,2
400294,4
400295,3
400296,1
400297,2
400298,2
400299,1
400300,2
400302,3
400303,7
400304,2
400305,4
400306,3
400307,2
400308,3
400309,6
400310,2
400311,3
400312,2
400313,2
400314,2
400315,1
400316,3
400317,3
400318,3
400319,4
400320,2
400322,2
400323,4
400324,2
400325,1
400326,4
400327,1
400328,1
400329,2
400330,8
400331,2
400332,4
400333,1
400334,3
400335,8
400336,7
400337,2
400338,1
400339,1
400340,2
400341,2
400342,5
400343,1
400344,2
400345,3
400346,2
400347,1
400348,2
400349,2
400350,2
400351,3
400352,7
400353,2
400354,4
400355,2
400356,3
400357,4
400359,4
400360,3
400361,1
400362,1
400363,2
400364,2
400365,3
400366,4
400367,4
400368,1
400369,1
400370,1
400371,1
400372,2
400373,3
400374,3
400375,3
400376,3
400377,2
400378,3
400379,1
400380,2
400381,3
400382,3
400383,2
400384,2
400385,1
400386,2
400387,1
400388,4
400389,2
400390,2
400391,2
400392,1
400393,1
400394,4
400395,3
400396,1
400397,5
400398,5
400399,7
400400,1
400401,4
400402,2
400403,1
400404,1
400405,4
400406,1
400407,5
400408,1
400409,1
400410,3
400411,1
400412,1
400413,1
400414,4
400415,2
400416,2
400417,5
400418,3
400420,3
400421,2
400422,2
400423,4
400424,4
400425,3
400426,2
400427,3
400428,2
400429,2
400430,3
400431,1
400432,5
400433,4
400434,2
400435,2
400436,2
400437,2
400438,2
400439,2
400440,2
400441,2
400442,1
400443,2
400444,2
400445,4
400446,1
400447,1
400448,2
400449,1
400450,2
400451,1
400452,2
400453,4
400454,5
400455,3
400456,1
400457,2
400458,6
400459,1
400460,1
400461,1
400462,1
400463,4
400464,3
400465,3
400466,3
400467,2
400468,2
400469,2
400470,2
400472,2
400473,2
400474,3
400475,2
400476,1
400477,2
400478,3
400479,2
400480,2
400481,3
400482,1
400483,3
400484,6
400485,2
400486,2
400487,5
400488,2
400489,7
400490,2
400491,2
400492,2
400493,1
400494,2
400495,1
400496,5
400497,2
400499,2
400500,2
400501,3
400502,2
400503,5
400504,3
400505,2
400506,2
400507,5
400508,2
400509,1
400510,2
400511,9
400512,2
400513,3
400514,2
400515,3
400516,1
400517,1
400518,2
400519,2
400520,3
400521,4
400522,2
400523,3
400524,5
400525,3
400526,18
400527,1
400528,2
400529,2
400530,2
400531,1
400532,1
400533,2
400534,1
400535,1
400536,1
400537,12
400538,2
400539,2
400540,2
400541,1
400542,2
400543,3
400544,2
400545,1
400546,4
400547,2
400548,3
400549,4
400550,1
400551,2
400552,4
400553,5
400554,3
400556,4
400557,2
400558,3
400559,4
400560,2
400561,4
400562,2
400564,4
400565,2
400566,6
400567,2
400568,2
400569,2
400570,1
400571,2
400572,6
400573,1
400574,2
400575,1
400576,3
400577,5
400578,2
400579,1
400580,1
400581,1
400582,3
400583,1
400584,2
400585,3
400586,2
400587,4
400588,2
400589,2
400590,1
400591,3
400592,2
400593,1
400595,2
400596,3
400597,1
400598,2
400599,4
400600,1
400601,2
400602,1
400603,1
400604,1
400605,2
400606,5
400607,4
400608,2
400609,1
400610,1
400611,2
400612,1
400613,5
400614,1
400615,1
400616,2
400617,1
400618,2
400619,1
400620,6
400621,6
400622,1
400623,2
400624,6
400625,2
400626,2
400627,4
400628,2
400629,1
400630,2
400631,2
400632,2
400633,2
400634,1
400635,2
400636,4
400637,3
400638,4
400639,2
400640,2
400641,4
400642,1
400643,5
400645,5
400646,1
400647,1
400648,3
400649,4
400650,2
400651,1
400652,1
400653,2
410001,1
410002,3
410003,11
410004,1
410005,1
410006,2
410007,3
410008,3
410009,2
410010,3
410011,2
410012,2
410013,2
410014,4
410015,3
410016,2
410018,2
410019,4
410020,1
410021,3
410022,1
410023,3
410024,2
410025,3
410026,8
410028,1
410029,1
410030,2
410031,2
410032,2
410033,5
410035,3
410036,5
410038,1
410039,2
410040,3
410041,2
410042,1
410043,1
410044,1
410045,1
410046,1
410047,2
410048,2
410049,2
410050,2
410051,2
410052,2
410053,1
410054,2
410055,2
410056,3
410057,1
410058,3
410059,3
410060,2
410061,3
410062,2
410063,2
410064,3
410065,2
410066,6
410067,1
410068,2
410069,1
410071,2
410072,4
410075,1
410076,6
410077,2
410078,1
410079,2
410080,2
410081,5
410082,3
410084,1
410085,1
410086,2
410087,1
410090,5
410091,5
410092,2
410095,1
410097,3
410098,1
410099,3
410100,2
410101,1
410102,1
410103,3
410104,2
410105,1
410106,3
410108,2
410109,2
410110,2
410111,2
410112,1
410113,2
410114,7
410115,1
410116,1
410117,1
410118,1
410119,2
410120,4
410121,2
410123,3
410124,2
410126,2
410127,3
410128,2
410129,2
410131,4
410132,1
410133,2
410134,3
410135,1
410136,7
410137,2
410138,2
410139,2
410142,4
410143,2
410144,1
410145,1
410146,3
410147,1
410148,2
410149,1
410150,5
410151,5
410152,1
410153,2
410154,1
410155,1
410156,2
410157,3
410158,2
410159,2
410160,9
410162,4
410164,3
410165,3
410166,1
410167,1
410168,2
410169,1
410170,3
410171,2
410172,1
410174,4
410176,3
410177,13
410179,4
410180,5
410181,4
410182,2
410183,1
410184,1
410185,1
410186,5
410187,5
410188,1
410189,1
410190,2
410191,1
410192,1
410193,2
410194,2
410195,5
410196,7
410197,2
410198,2
410200,1
410201,4
410202,2
410203,2
410204,1
410205,2
410206,3
410207,2
410208,3
410209,2
410210,2
410211,4
410212,4
410214,2
410215,2
410216,4
410217,1
410218,2
410219,2
410220,2
410221,3
410222,3
410223,2
410224,5
410226,3
410227,2
410228,2
410229,1
410230,2
410231,1
410232,8
410233,4
410234,2
410235,3
410236,1
410237,5
410238,1
410239,2
410240,2
410241,6
410242,2
410243,4
410244,3
410245,1
410246,7
410247,7
410248,5
410249,1
410250,3
410251,2
410252,1
410253,7
410254,1
410255,2
410256,3
410257,5
410258,1
410259,4
410260,2
410261,2
410262,1
410263,3
410264,2
410265,1
410267,3
410268,2
410269,1
410270,3
410271,3
410272,4
410273,1
410274,5
410275,3
410276,1
410277,4
410278,4
410279,2
410281,1
410282,2
410283,3
410284,1
410286,2
410287,5
410288,1
410289,4
410290,2
410291,1
410292,3
410293,2
410294,2
410295,1
410296,2
410297,1
410298,3
410299,1
410301,2
410302,4
410303,1
410304,2
410305,2
410306,2
410307,2
410308,2
410309,2
410310,4
410311,3
410312,1
410313,4
410314,2
410315,1
410316,2
410317,2
410318,2
410319,1
410320,3
410321,2
410322,2
410323,3
410324,5
410325,1
410326,1
410327,4
410329,2
410330,7
410331,2
410332,2
410333,2
410334,1
410335,1
410336,1
410337,4
410338,3
410339,1
410340,1
410341,6
410342,1
410343,4
410344,2
410346,3
410347,1
410348,3
410349,2
410350,1
410351,2
410352,2
410353,1
410354,2
410355,2
410356,5
410357,2
410358,2
410359,2
410360,1
410361,3
410362,1
410363,3
410364,1
410365,1
410366,1
410367,1
410368,3
410369,2
410370,2
410371,2
410372,2
410373,2
410374,3
410375,2
410376,2
410377,4
410378,3
410379,2
410381,2
410382,2
410383,2
410384,1
410385,1
410386,1
410387,4
410388,1
410389,2
410390,2
410391,2
410392,2
410393,2
410394,3
410395,4
410396,3
410397,7
410398,1
410400,1
410401,1
410402,1
410403,1
410404,2
410405,1
410406,2
410407,3
410409,3
410410,3
410411,2
410412,2
410413,1
410414,1
410415,2
410416,3
410417,3
410418,3
410419,3
410420,2
410421,6
410422,2
410423,2
410424,3
410425,2
410426,2
410427,6
410428,1
410429,1
410431,3
410432,3
410433,2
410434,2
410435,2
410436,7
410437,2
410438,2
410439,4
410440,2
410441,2
410442,3
410443,2
410444,2
410445,3
410447,1
410448,2
410449,2
410450,6
410451,3
410452,2
410453,3
410454,2
410455,2
410456,2
410457,4
410458,1
410459,2
410460,2
410461,2
410462,2
410463,2
410464,1
410465,4
410466,1
410467,5
410468,2
410469,1
410470,2
410471,3
410472,1
410473,3
410474,1
410475,1
410476,2
410477,1
410478,1
410479,1
410480,2
410481,1
410482,1
410483,2
410484,2
410485,1
410486,2
410488,3
410489,2
410490,1
410491,2
410492,1
410493,3
410494,2
410496,4
410497,5
410498,4
410499,2
410500,2
410501,2
410502,1
410503,2
410504,2
410505,4
410506,2
410507,2
410508,1
410509,2
410511,2
410513,2
410515,2
410516,2
410517,2
410518,1
410519,3
410520,2
410521,2
410522,3
410523,2
410524,2
410525,1
410526,1
410527,5
410528,1
410529,3
410530,3
410531,3
410532,1
410533,2
410534,3
410535,2
410536,1
410537,2
410538,1
410539,5
410540,2
410541,2
410542,4
410543,2
410544,1
410545,6
410546,3
410547,3
410548,2
410549,5
410550,3
410551,2
410552,2
410553,3
410554,1
410555,6
410556,3
410557,1
410558,3
410559,9
410560,2
410561,2
410562,2
410564,1
410565,2
410566,2
410568,2
410569,1
410570,1
410571,1
410572,1
410573,4
410575,2
410576,2
410578,1
410580,1
410581,1
410582,1
420001,3
420002,3
420003,6
420004,3
420005,2
420006,1
420007,2
420008,2
420009,2
420010,1
420011,1
420012,2
420013,5
420014,2
420015,3
420016,3
420017,2
420018,1
420019,2
420020,4
420021,8
420022,2
420023,2
420024,2
420025,1
420026,3
420027,2
420028,1
420029,2
420030,2
420031,1
420032,1
420033,2
420034,2
420035,2
420036,1
420037,2
420038,1
420039,5
420040,5
420041,2
420042,1
420043,1
420044,2
420045,1
420046,2
420047,4
420048,3
420049,4
420050,3
420051,2
420052,4
420053,2
420054,2
420055,1
420056,3
420057,2
420058,2
420059,3
420060,1
420061,4
420062,2
420063,2
420064,2
420065,2
420066,3
420067,2
420068,4
420069,2
420070,2
420071,2
420072,2
420073,3
420074,4
420075,2
420076,1
420077,6
420078,3
420079,5
420080,1
420081,2
420082,10
420083,2
420084,2
420085,2
420086,4
420087,2
420088,1
420089,3
420090,2
420091,2
420092,1
420093,2
420094,2
420095,3
420096,2
420097,1
420098,2
420099,1
420100,2
420101,3
420102,1
420103,2
420104,2
420105,2
420106,1
420107,2
420108,3
420109,2
420110,7
420111,5
420112,2
420113,1
420114,2
420115,2
420116,3
420117,1
420118,2
420119,1
420120,2
420121,1
420122,3
420123,4
420124,3
420125,5
420126,1
420127,1
420128,1
420129,1
420130,2
420131,2
420132,2
420133,2
420134,2
420135,2
420136,1
420137,1
420138,2
420139,6
420140,2
420141,4
420142,2
420143,2
420144,3
420145,1
420146,2
420147,2
420148,3
420149,2
420150,1
420151,3
420152,2
420153,3
420154,1
420155,3
420156,2
420157,2
420158,2
420159,1
420160,11
420161,3
420162,2
420163,2
420164,2
420165,2
420166,1
420167,3
420168,3
420169,2
420170,1
420171,2
420172,2
420173,2
420174,2
420175,1
420176,2
420177,2
420178,1
420179,1
420180,1
420181,5
420182,1
420183,1
420184,1
420185,1
420186,2
420187,2
420188,2
420189,1
420190,1
420191,1
420192,2
420193,1
420194,2
420195,3
420196,9
420197,2
420198,1
420199,3
420200,3
420201,1
420202,2
420203,1
420204,2
420205,1
420206,2
420207,3
420208,2
420209,2
420210,2
420211,2
420212,2
420213,3
420214,2
420215,2
420216,2
420217,4
420218,1
420219,2
420220,1
420221,4
420222,1
420223,3
420224,1
420225,2
420226,2
420227,1
420228,1
420229,4
420230,5
420231,4
420232,2
420233,2
420234,2
420235,2
420236,2
420237,1
420238,2
420239,1
420240,3
420241,1
420242,3
420243,2
420244,1
420245,4
420246,1
420247,1
420248,1
420249,2
420250,2
420251,1
420252,1
420253,2
420254,1
420255,1
420256,1
420257,1
420258,2
420259,2
420260,1
420261,1
420262,1
420263,3
420264,7
420265,1
420266,4
420267,3
420268,2
420269,1
420270,1
420271,3
420272,2
420273,2
420274,1
420275,2
420276,2
420277,1
420278,2
420279,1
420280,1
420281,1
420282,2
420283,4
420284,1
420285,4
420286,2
420287,1
420288,4
420289,3
420290,3
420291,2
420292,3
420293,3
420294,1
420295,1
420296,1
420297,8
420298,5
420299,1
420300,2
420301,3
420302,2
420303,1
420304,3
420305,2
420306,3
420307,1
420308,2
420309,3
420310,2
420311,4
420312,1
420313,1
420314,2
420315,1
420316,4
420317,1
420318,3
420319,4
420320,1
420321,2
420322,4
420323,1
420324,3
420325,1
420326,2
420327,2
420328,2
420329,2
420330,2
420331,3
420332,3
420333,2
420334,2
420335,3
420336,2
420337,3
420338,1
420339,3
420340,2
420341,2
420342,1
420343,1
420344,3
420345,1
420346,2
420347,7
420348,4
420349,2
420350,2
420351,1
420352,1
420353,1
420354,1
420355,2
420356,3
420357,6
420358,7
420359,2
420360,1
420361,2
420362,9
420363,5
420364,2
420365,2
420366,2
420367,2
420368,2
420369,4
420370,6
420371,2
420372,1
420373,2
420374,1
420375,2
420376,1
420377,2
420378,1
420379,1
420380,2
420381,5
420382,3
420383,2
420384,3
420385,3
420386,4
420387,2
420388,4
420389,1
420390,1
420391,4
420392,4
420393,1
420394,2
420395,2
420396,1
420397,2
420398,2
420399,2
420400,2
420401,2
420402,3
420403,3
420404,3
420405,4
420406,6
420407,3
420408,2
420409,2
420410,2
420411,2
420412,2
420413,2
420414,2
420415,4
420416,2
420417,3
420418,5
420419,3
420420,2
420421,2
420422,2
420423,2
420424,2
420425,4
420426,8
420427,5
420428,2
420429,4
420430,7
420431,3
420432,2
420433,2
420434,2
420435,4
420436,4
420437,2
420438,2
420439,4
420440,4
420441,2
420442,2
420443,2
420444,2
420445,2
420446,2
420447,1
420448,1
420449,3
420450,4
420451,4
420452,2
420453,2
420454,2
420455,2
420456,6
420457,2
420458,2
420459,2
420460,2
420461,2
420462,2
420463,2
420464,2
420465,1
420466,1
420467,1
420468,1
420469,6
420470,3
420471,2
420472,3
420473,1
420474,2
420475,4
420476,3
420477,4
420478,4
420479,2
420480,3
420481,2
420482,3
420483,2
420484,3
420485,4
420486,2
420487,2
420488,2
420489,2
420490,5
420491,8
420492,3
420493,2
420494,2
420495,1
420496,4
420497,2
420498,2
420499,4
420500,3
420501,2
420502,2
420503,5
420504,2
420505,13
420506,2
420507,3
420508,2
420509,2
420510,2
420511,2
420512,3
420513,2
420514,2
420515,3
420516,2
420517,2
420518,5
420519,2
420520,3
420521,2
420522,7
420523,8
420524,3
420525,5
420526,6
420527,5
420528,4
420529,1
420530,4
420531,4
420532,1
420533,2
420534,3
420535,1
420536,3
420537,1
420538,1
420539,1
420540,1
420541,1
420542,3
420543,3
420544,5
420545,1
420546,2
420547,1
420548,2
420549,1
420550,2
420551,1
420552,1
420553,1
420554,1
420555,1
420556,1
420557,4
420558,3
420559,1
420560,1
420561,3
420562,1
420563,1
420564,1
420565,1
420566,4
420567,4
420568,3
420569,1
420570,1
420571,1
420572,1
420573,2
420574,3
420575,3
420576,3
420577,1
420578,3
420579,1
420580,1
420581,1
420582,1
420583,1
420584,1
420585,2
420586,4
420587,1
420588,8
420589,5
420590,1
420591,1
420592,4
420593,1
420594,1
420595,1
420596,1
420597,1
420598,1
420599,4
420600,3
420601,1
420602,1
420603,4
420604,1
420605,3
420606,2
420607,2
420608,3
420609,3
420610,2
420611,1
420612,1
420613,3
420614,2
420615,1
420616,2
420617,1
420618,2
420619,2
420620,2
420621,3
420622,3
420623,5
420624,3
420625,3
420626,2
420627,2
420628,2
420629,2
420630,52
420631,5
420632,1
420633,1
420634,1
420635,1
420636,2
420637,1
420638,1
420639,1
420640,1
420641,1
420642,2
420643,2
420644,1
420645,4
420646,1
420647,3
420648,1
420649,2
420650,1
420651,2
420652,1
420653,5
420654,3
420655,1
420656,1
420657,1
420658,3
420659,9
420660,2
420661,2
420662,3
420663,2
420664,2
420665,2
420666,5
420667,5
420668,2
420669,2
420670,2
420671,2
420672,2
420673,1
420674,1
420675,1
420676,1
420677,3
420678,2
420679,2
420680,1
420681,3
420682,2
420683,3
420684,2
420685,2
420686,2
420687,2
420688,2
420689,6
420690,2
420691,2
420692,3
420693,3
420694,2
420695,1
420696,1
420697,4
420698,2
420699,2
420700,1
420701,1
420702,2
420703,1
420704,3
420705,1
420706,2
420707,2
420708,1
420710,2
420711,2
420712,3
420713,5
420714,2
420715,2
420716,5
420717,1
420718,3
420719,2
420720,2
420721,3
420722,2
420723,2
420724,1
420725,1
420726,1
420727,3
420728,5
420729,1
420730,1
420731,2
420732,1
420733,3
420734,1
420735,1
420736,2
420737,2
420738,2
420739,1
420740,1
420741,3
420742,2
420743,4
420744,2
420745,2
420746,1
420747,1
420748,6
420749,14
420750,1
420751,1
420752,1
420753,1
420754,1
420755,3
420756,2
420757,3
420758,2
420759,1
420760,1
420761,1
420762,2
420763,1
420764,2
420765,2
420766,1
420767,2
420768,2
420769,1
420770,6
420771,3
420772,2
420773,2
420774,1
420775,3
420776,5
420777,2
420778,2
420779,1
420780,5
420781,3
420782,3
420783,2
420784,4
420785,1
420786,1
420787,1
420788,3
420789,1
420790,3
420791,2
420792,2
420793,2
420794,2
420795,3
420796,1
420797,1
420798,1
420799,2
420800,1
420801,2
420802,3
420803,2
420804,1
420805,2
420806,1
420807,1
420808,3
420809,3
420810,2
420811,2
420812,6
420813,2
420814,2
420815,3
420816,2
420817,1
420818,1
420819,2
420820,3
420821,1
420822,3
420823,6
420824,1
420825,5
420826,2
420827,2
420828,2
420829,1
420830,1
420831,1
420832,2
420833,2
420834,3
420835,2
420836,1
420837,2
420838,2
420839,1
420840,4
420841,4
420842,2
420843,2
420844,3
420845,1
420846,1
420847,2
420848,4
420849,1
420850,2
420851,4
420852,2
420853,5
420854,6
420855,1
420856,1
420857,2
420858,2
420859,2
420860,3
420861,2
420862,5
420863,5
420864,5
420865,2
420866,4
420867,1
420868,2
420869,3
420870,2
420871,2
420872,8
420873,2
420874,1
420875,3
420876,5
420877,3
420878,2
420879,10
420880,1
420881,4
420882,2
420883,2
420884,2
420885,1
420886,1
420887,3
420888,2
420889,2
420890,4
420891,1
420892,1
420893,5
420894,2
420895,6
420896,1
420897,1
420898,3
420899,1
420900,3
420901,6
420902,2
420903,1
420904,1
420905,1
420906,6
420907,4
420908,3
420909,1
420910,1
420911,2
420912,2
420913,6
420914,1
420915,1
420916,4
420917,2
420918,1
420919,3
420920,3
420921,4
420922,2
420923,1
420924,2
420925,2
420926,2
420927,2
420928,2
420929,2
420930,2
420931,1
420932,1
420933,1
420934,1
420935,2
420936,2
420937,3
420938,2
420939,1
420940,1
420941,2
420942,1
420943,1
420944,3
420945,2
420946,4
420947,2
420948,3
420949,2
420950,2
420951,2
420952,2
420954,1
420955,3
420956,1
420957,8
420958,1
420959,1
420960,1
420961,2
420962,2
420963,3
420964,2
420965,2
420966,2
420967,1
420968,2
420969,4
420970,3
420971,3
420972,4
420973,4
420974,2
420975,3
420976,2
420977,2
420978,1
420979,1
420980,2
420981,2
420982,5
420983,3
420984,2
420985,2
420986,2
420987,1
420988,2
420989,3
420990,2
420991,2
420992,1
420993,2
420994,1
420995,2
420996,5
420997,2
420998,10
420999,3
421000,2
421001,3
421002,2
421003,2
421004,2
421005,2
421007,1
421008,3
421009,2
421010,3
421011,2
421012,3
421013,2
421014,2
421015,7
421016,2
421017,2
421018,3
421019,2
421020,2
421021,2
421022,2
421023,1
421024,2
421025,2
421026,2
421027,1
421028,2
421029,2
421030,1
421031,1
421032,2
421033,5
421034,2
421035,2
421036,5
421037,1
421038,1
421039,3
421040,2
421041,2
421042,1
421043,2
421044,2
421045,1
421046,2
421047,2
421048,5
421049,1
421050,2
421051,3
421052,2
421053,4
421054,1
421055,3
421056,1
421057,1
421058,2
421059,2
421060,2
421061,2
421062,2
421063,2
421064,3
421065,1
421066,2
421067,2
421068,2
421069,2
421070,2
421071,3
421072,4
421073,2
421074,3
421075,3
421076,1
421077,1
421078,2
421079,1
421080,1
421081,3
421082,1
421083,3
421084,2
421085,2
421086,3
421087,2
421088,3
421089,1
421090,4
421091,6
421092,1
421093,3
421094,3
421095,1
421096,1
421097,3
421098,4
421099,2
421100,2
421101,4
421102,3
421103,2
421104,3
421105,2
421106,2
421107,2
421108,2
421109,2
421110,1
421111,2
421112,1
421113,1
421114,2
421115,1
421116,2
421117,2
421118,2
421119,2
421120,1
421121,2
421122,1
421123,1
421124,2
421125,1
421126,4
421127,2
421128,3
421129,1
421130,2
421131,4
421132,4
421133,3
421134,1
421135,3
421136,10
440001,2
440002,4
440003,1
440004,2
440005,2
440006,1
440007,1
440008,3
440009,1
440010,2
440011,2
440012,2
440013,2
440014,2
440015,1
440016,2
440017,6
440018,1
440019,2
440020,3
440021,1
440022,1
440023,1
440024,3
440025,3
440026,1
440027,1
440029,1
440030,3
440031,1
440032,1
440033,3
440034,2
440035,1
440036,1
440037,2
440038,1
440039,4
440040,1
440041,3
440042,2
440043,1
440044,1
440045,3
440046,2
440048,1
440049,2
440050,1
440051,1
440052,1
440053,1
440054,3
440055,3
440056,2
440058,2
440059,2
440060,2
440061,1
440062,3
440063,3
440064,2
440065,2
440066,3
440067,1
440068,2
440069,2
440070,2
450001,2
450002,1
450003,1
450004,3
450005,2
450006,7
450007,1
450008,2
450009,6
450010,2
450011,1
450012,2
450013,2
450014,1
450015,2
450016,2
450017,3
450018,2
450019,2
450020,3
450021,1
450022,2
450023,2
450024,2
450025,2
450026,1
450027,1
450028,3
450029,2
450030,1
450031,4
450032,2
450033,1
450034,1
450035,4
450036,3
450037,2
450038,1
450039,6
450040,2
450041,2
450042,2
450043,2
450044,1
450045,2
450046,1
450047,4
450048,2
450049,1
450050,4
450051,1
450052,2
450053,1
450054,2
450055,2
450057,2
450058,2
450059,2
450060,2
450061,2
450062,2
450063,1
450064,2
450065,1
450066,2
450067,1
450068,2
450069,2
450070,2
450071,1
450072,1
450073,2
450074,1
450075,1
450076,2
450077,2
450078,5
450079,4
450080,2
450081,2
450082,1
450083,1
450084,2
450085,3
450086,2
450087,2
450088,1
450089,2
450090,1
450091,3
450092,3
450093,3
450094,1
450095,1
450096,1
450097,4
450098,1
450099,2
450100,2
450101,1
450102,2
450103,3
450104,2
450105,3
450106,2
450107,7
450108,2
450109,1
450110,6
450111,4
450112,3
450113,3
450114,3
450115,4
450116,5
450117,1
450118,2
450119,1
450120,3
450121,3
450122,3
450123,2
450124,4
450125,2
450126,3
450127,1
450128,1
450129,2
450130,2
450131,2
450132,2
450133,2
450134,2
450135,3
450136,4
450137,2
450138,5
450139,2
450140,2
450141,3
450142,2
450143,2
450144,2
450145,3
450146,4
450147,3
450148,2
450149,4
450150,6
450151,1
450152,3
450153,1
450154,1
450155,3
450156,1
450157,2
450158,3
450159,1
450160,1
450161,2
450162,3
450163,3
450164,5
450165,2
450166,3
450167,4
450168,1
450169,2
450170,2
450171,3
450172,2
450173,4
450174,2
450175,2
450176,2
450177,6
450178,2
450179,1
450180,2
450181,6
450182,2
450183,1
450184,3
450185,2
450186,1
450188,3
450189,1
450190,2
450191,3
450192,1
450193,2
450194,1
450195,2
450197,6
450198,7
450199,2
450200,2
450201,2
450202,1
450203,5
450204,1
450205,2
450206,1
450207,2
450208,2
450209,1
450210,3
450211,4
450212,8
450213,1
450214,1
450215,2
450216,1
450217,2
450218,2
450219,4
450220,1
450221,2
450222,3
450223,2
450224,3
450225,1
450226,2
450227,3
450228,3
450229,2
450230,2
450231,2
450232,1
450233,4
450234,2
450235,2
450236,2
450237,1
450238,8
450239,3
450240,6
450241,1
450242,6
450243,2
450244,1
450245,3
450246,2
450247,1
450248,1
450249,1
450250,2
450251,1
450252,1
450253,2
450254,3
450255,2
450256,2
450257,2
450258,3
450259,4
450260,2
450261,1
450262,2
450263,1
450264,3
450265,2
450266,1
450267,2
450268,8
450269,1
450270,3
450271,5
450272,11
450273,1
450274,2
450275,2
450276,5
450277,1
450278,1
450279,2
450280,2
450281,2
450282,3
450283,2
450284,1
450285,2
450286,1
450287,2
450288,2
450289,2
450290,1
450291,3
450292,1
450293,2
450294,2
450295,4
450296,1
450297,2
450298,3
450299,4
450300,5
450301,5
450302,1
450303,2
450304,2
450305,3
450306,2
450307,2
450308,7
450309,3
450310,1
450311,2
450312,3
450313,2
450314,1
450315,2
450316,5
450317,2
450318,2
450319,2
450320,3
450321,3
450322,2
450323,2
450324,1
450325,3
450326,2
450327,3
450328,4
450329,2
450330,2
450331,2
450332,5
450333,3
450334,2
450335,2
450336,1
450337,3
450338,6
450339,1
450340,3
450341,5
450342,2
450343,4
450344,3
450345,1
450346,5
450347,1
450348,4
450349,3
450350,1
450351,1
450352,1
450353,1
450354,1
450355,6
450356,2
450357,8
450358,1
450359,2
450360,3
450361,2
450362,6
450363,2
450364,3
450365,4
450366,2
450367,2
450368,5
450369,3
450370,1
450371,1
450372,1
450373,5
450374,1
450375,4
450376,1
450377,4
450378,1
450379,3
450380,2
450381,2
450382,1
450383,1
450384,3
450385,3
450386,6
450387,2
450388,2
450389,3
450390,2
450391,1
450392,1
450393,4
450394,3
450395,1
450396,1
450397,5
450398,2
450399,3
450400,2
450401,2
450402,2
450403,3
450404,2
450405,4
450406,3
450407,3
450408,2
450409,1
450410,5
450411,1
450412,3
450413,2
450414,2
450415,5
450416,2
450417,2
450418,1
450419,3
450420,1
450421,2
450422,1
450423,1
450424,1
450425,3
450427,2
450428,1
450429,3
450430,3
450431,5
450432,5
450433,2
450434,1
450435,1
450436,3
450437,2
450438,1
450439,2
450440,2
450441,3
450442,2
450443,2
450444,2
450445,2
450446,2
450447,1
450448,3
450449,1
450450,2
450451,1
450452,3
450453,1
450454,2
450455,5
450456,2
450457,2
450458,6
450459,3
450460,2
450461,2
450462,1
450463,5
450464,2
450465,1
450466,3
450467,1
450468,5
450469,2
450470,2
450471,1
450472,1
450473,2
450474,1
450475,2
450476,2
450477,3
450478,2
450479,2
450480,1
450481,2
450482,3
450483,1
450484,1
450485,4
450486,2
450488,2
450489,2
450490,1
450491,3
450492,2
450493,2
450494,3
450495,3
450496,1
450497,2
450498,1
450499,2
450500,5
450501,2
450502,4
450503,4
450504,2
450505,2
450506,2
450507,2
450508,2
450509,3
450510,2
450511,3
450512,1
450513,6
450514,2
450515,3
450516,2
450517,4
450518,2
450519,2
450520,3
450521,6
450522,10
450523,1
450524,5
450525,3
450526,2
450527,2
450528,5
450529,3
450530,2
450531,2
450532,2
450534,2
450535,1
450536,2
450537,7
450538,4
450539,2
450540,3
450541,1
450542,2
450543,3
450544,2
450545,2
450546,2
450547,2
450548,3
450549,1
450550,2
450551,2
450552,2
450553,2
450554,2
450555,3
450556,2
450557,1
450558,4
450559,2
450560,2
450561,1
450562,2
450563,2
450564,3
450565,1
450566,1
450567,3
450568,4
450569,1
450570,1
450571,1
450572,1
450573,4
450574,1
450575,2
450576,2
450577,1
450578,1
450579,1
450580,2
450581,2
450582,2
450583,2
450584,4
450585,1
450586,2
450587,2
450588,3
450589,2
450590,1
450591,2
450592,1
450593,2
450594,1
450595,7
450596,4
450597,1
450598,1
450599,2
450600,1
450601,1
450602,2
450603,1
450604,1
450605,2
450606,1
450607,2
450608,1
450609,1
450610,1
450611,5
450612,2
450613,3
450614,2
450615,2
450616,6
450617,4
450618,2
450619,2
450620,3
450621,3
450622,3
450623,2
450624,1
450625,2
450626,1
450627,1
450628,2
450629,1
450630,2
450631,1
450632,1
450633,2
450634,4
450635,2
450636,2
450637,1
450638,3
450639,1
450640,4
450641,1
450642,1
450643,3
450644,1
450645,5
450646,2
450647,1
450648,1
450649,4
450650,2
450651,1
450652,1
450653,2
450654,2
450655,2
450656,2
450657,2
450658,3
450659,3
450660,4
450661,1
450662,1
450663,5
450664,3
450665,3
450666,5
450667,1
450668,5
450669,3
450670,3
450671,1
450672,2
450673,2
450674,4
450675,2
450676,2
450677,2
450678,5
450679,2
450680,2
450681,2
450682,4
450683,2
450684,2
450685,2
450686,2
450687,1
450689,1
450690,2
450691,1
450692,3
450693,2
450694,2
450695,1
450696,2
450697,2
450698,2
450699,2
450700,4
450701,2
450702,1
450703,2
450704,2
450706,3
450707,5
450708,2
450709,3
450710,2
450711,2
450712,3
450713,1
450714,2
450715,8
450716,2
450717,2
450718,3
450719,6
450720,4
450721,2
450722,1
450723,2
450724,2
450725,2
450726,5
450727,1
450728,2
450729,2
450730,2
450731,2
450732,2
450733,2
450734,5
450735,2
450736,1
450737,2
450738,2
450739,1
450740,2
450741,2
450742,2
450743,4
450744,2
450745,2
450746,8
450747,2
450748,2
450749,2
450750,1
450751,3
450752,2
450753,2
450754,4
450755,5
450756,1
450757,4
450758,2
450759,3
450760,2
450761,2
450762,3
450763,2
450764,1
450765,1
450766,3
450767,1
450768,2
450769,2
450770,5
450771,2
450772,1
450773,5
450774,2
450775,1
450776,5
450777,1
450778,2
450779,2
450780,2
450781,1
450782,1
450783,2
450784,1
450785,2
450786,3
450787,1
450788,2
450789,1
450790,5
450791,4
450792,5
450793,2
450794,2
450795,1
450796,2
450797,4
450798,2
450799,2
450800,2
450801,1
450802,1
450803,2
450804,1
450805,2
450806,3
450807,1
450808,1
450809,1
450810,2
450811,2
450812,2
450813,3
450814,1
450815,3
450816,1
450817,1
450818,1
450819,2
450820,4
450821,1
450822,3
450823,1
450824,4
450825,2
450826,2
450827,2
450828,4
450829,2
450830,2
450831,3
450832,2
450833,1
450834,2
450835,2
450836,2
450837,1
450838,1
450839,1
450840,2
450841,1
450842,1
450843,4
450844,2
450845,2
450846,3
450847,2
450848,2
450849,2
450850,3
450851,1
450852,2
450853,3
450854,2
450855,1
450856,2
450857,1
450858,1
450859,3
450860,1
450861,5
450862,1
450863,2
450864,2
450865,4
450866,5
450867,2
450868,2
450869,1
450870,2
450871,1
450872,3
450873,6
450874,3
450875,5
450876,1
450877,1
450878,5
450879,2
450881,3
450882,1
450883,1
450884,2
450885,2
450886,2
450887,2
450888,3
450889,2
450890,2
450891,3
450892,5
450893,2
450894,2
450895,1
450896,4
450897,2
450898,1
450899,5
450900,2
450901,2
450902,3
450903,1
450904,2
450905,2
450906,2
450907,5
450908,2
450909,3
450910,1
450911,2
450912,2
450913,1
450914,2
450915,4
450916,2
450917,2
450918,2
450919,1
450920,2
450921,2
450922,5
450923,3
450924,8
450925,6
450926,2
450927,1
450928,5
450929,1
450930,3
450931,2
450932,1
450933,2
450934,2
450935,2
450936,1
450937,2
450938,1
450939,1
450940,1
450941,1
450942,2
450943,2
450944,6
450945,2
450946,3
450947,2
450948,6
450949,2
450950,7
450951,1
450952,2
450953,4
450954,5
450955,7
450956,2
450957,4
450958,3
450959,3
450960,1
450961,1
450962,1
450963,1
450964,1
450966,1
450967,4
450968,1
450969,2
450970,1
450971,2
450972,2
450973,2
450974,5
450975,2
450976,3
450977,6
450978,2
450979,2
450980,2
450981,2
450982,9
450983,4
450984,2
450985,5
450986,2
460001,2
460002,3
460003,2
460004,1
460005,2
460006,3
460007,2
460008,1
460009,2
460010,3
460011,3
460012,1
460013,1
460014,2
460015,2
460016,2
460017,2
460018,1
460019,2
460020,2
460021,2
460022,1
460023,2
460024,2
460025,1
460026,8
460027,3
460028,1
460029,2
460030,2
460031,3
460032,2
460033,2
460034,1
460035,5
460036,2
460037,2
460038,1
460039,3
460040,2
460041,2
460042,3
460043,2
460044,2
460045,2
460046,2
460047,2
460048,3
460049,1
460050,2
460051,2
460052,2
460053,3
460054,1
460055,2
460056,2
460057,1
460058,1
460060,1
460061,6
460062,1
460063,2
460064,2
460065,2
460066,1
460067,1
460068,1
460069,2
460070,6
460071,2
460072,1
460073,1
460074,2
460075,3
460076,5
460077,2
460078,1
460079,2
460080,4
460081,2
460082,1
460083,2
460084,5
460085,2
460086,3
460087,3
460088,3
460089,1
460090,2
460091,1
460092,2
460093,1
460094,1
460095,2
460096,1
460097,2
460098,3
460099,3
460100,3
460101,2
460102,2
460103,2
460104,2
460105,2
460106,2
460107,3
460108,2
460109,1
460110,1
460111,1
460112,2
460113,2
460114,1
460115,2
460116,2
460117,1
460118,1
460119,2
460120,3
460121,2
460122,2
460123,2
460124,2
460125,3
460126,3
460127,4
460128,4
460129,3
470001,1
470002,1
470003,2
470004,2
470005,2
470006,1
470007,3
470008,2
470009,3
470010,2
470011,1
470013,2
470015,1
470016,1
470017,2
470018,4
470019,1
470020,1
470021,3
470022,2
470023,2
470024,3
470025,3
470026,2
470027,3
470028,2
470029,1
470030,1
470031,2
470032,2
470033,2
470034,2
470035,5
470036,4
470037,2
470038,2
470039,1
470040,2
470041,2
470042,1
470043,4
470044,2
470045,3
470046,1
470047,2
470048,1
470049,5
470050,2
470051,8
470052,10
470053,1
470054,1
470055,1
470056,3
470057,1
470058,3
470059,8
470060,2
470061,3
470062,2
470063,2
470065,1
470066,2
470067,5
470068,2
470069,2
470070,2
470071,3
470072,2
470073,2
470074,3
470075,4
470076,3
470077,2
470078,2
470079,1
470080,1
470081,4
470082,4
470083,1
470084,2
470085,7
470086,3
470087,3
470088,2
470089,3
470090,4
470091,3
470092,2
470093,3
470094,2
470095,2
470096,2
470098,2
470099,2
470100,2
470101,1
470102,1
470103,2
470104,3
470105,1
470107,3
470108,1
470109,3
470110,3
470111,3
470112,5
470113,1
470114,2
470115,2
470116,2
470117,1
470118,2
470119,3
470120,2
470121,3
470122,1
470123,4
470124,2
470125,4
470126,14
470127,2
470128,1
470129,1
470130,1
470131,2
470132,7
470133,3
470134,2
470135,4
470136,6
470137,1
470138,1
470139,3
470140,2
470141,1
470142,4
470143,2
470144,2
470145,3
470146,3
470147,3
470148,1
470149,1
470150,2
470151,1
470152,2
470153,2
470154,7
470155,2
470156,1
470157,5
470158,4
470159,1
470160,2
470161,5
470162,1
470163,2
470164,2
470166,1
470167,2
470168,1
470169,1
470170,1
470171,2
470172,4
470175,7
470176,2
470177,3
470178,1
470179,2
470180,2
470181,1
470182,2
470183,3
470184,1
470185,1
470186,2
470187,2
470188,2
470189,1
470190,7
470191,1
470192,3
470193,2
470194,1
470195,2
470197,1
470198,1
470199,3
470200,1
470201,2
470202,3
470203,1
470204,2
470205,4
470206,1
470207,1
470210,1
470211,5
470212,2
470213,1
470214,1
470215,2
470216,2
470218,2
470219,4
470220,2
470221,2
470222,2
470223,7
470224,3
470225,1
470226,2
470227,2
470228,1
470229,2
470230,2
470231,2
470233,2
470234,1
470235,2
470236,2
470238,9
470239,2
470240,9
470241,3
470242,2
470243,1
470244,1
470245,3
470246,1
470247,2
470248,6
470249,6
470250,1
470251,1
470252,1
470253,1
470254,5
470255,2
470256,2
470257,14
470258,1
470259,1
470260,3
470261,2
470262,1
470263,2
470264,3
470265,3
470266,1
470267,1
470268,3
470269,2
470270,1
470271,2
470272,2
470273,6
470274,1
470275,2
470276,2
470277,2
470278,4
470279,4
470280,1
470282,4
470283,4
470284,5
470285,2
470286,3
470287,1
470288,2
470289,2
470290,2
470291,2
470292,2
470293,2
470294,6
470295,2
470296,3
470297,1
470298,2
470299,2
470302,2
470303,5
470304,2
470305,1
470307,2
470308,2
470309,1
470310,2
470311,3
470312,4
470313,3
470314,4
470315,2
470317,4
470318,6
470319,3
470320,6
470321,3
470322,1
470323,2
470324,2
470325,1
470326,4
470327,2
470328,2
470329,5
470330,3
470331,2
470332,3
470333,3
470334,1
470335,3
470336,3
470337,5
470338,2
470339,4
470340,2
470341,1
470342,1
470343,1
470344,1
470345,3
470346,1
470347,1
470348,2
470349,2
470350,1
470351,2
470352,1
470353,5
470354,2
470355,2
470356,1
470357,2
470358,3
470359,2
470360,2
470361,3
470362,5
470364,2
470365,3
470366,2
470367,2
470368,1
470369,1
470370,3
470371,1
470372,3
470373,2
470374,3
470375,2
470376,2
470377,1
470378,1
470379,1
470380,2
470381,5
470382,5
470383,3
470384,4
470385,3
470386,2
470387,1
470388,1
470389,2
470390,4
470391,1
470392,2
470393,4
470394,3
470395,2
470396,3
470397,3
470398,1
470399,1
470400,1
470401,4
470402,3
470403,1
470404,1
470405,2
470406,2
470407,1
470408,2
470409,1
470410,2
470411,3
470412,8
470413,3
470415,6
470416,3
470417,1
470418,5
470419,2
470420,2
470421,4
470422,4
470423,5
470424,3
470425,1
470426,1
470427,2
470428,2
470430,4
470431,5
470432,3
470433,1
470434,2
470435,2
470436,3
470437,7
470438,2
470441,1
470442,2
470443,1
470444,2
470445,1
470446,4
470447,1
470448,2
470449,1
470450,1
470451,1
470452,1
470453,2
470454,1
470455,2
470456,2
470457,2
470458,10
470459,2
470460,1
470461,2
470463,3
470464,3
470465,4
470466,4
470467,2
470468,2
470469,1
470470,2
470471,6
470472,4
470473,2
470474,4
470475,1
470476,7
470477,1
470478,4
470479,7
470480,3
470481,2
470482,2
470483,2
470484,2
470485,2
470486,4
470487,1
470488,3
470489,3
470490,1
470491,1
470492,2
470493,2
470494,1
470495,5
470496,6
470497,4
470498,1
470499,1
470500,1
470501,1
470502,4
470503,4
470504,2
470505,1
470506,5
470507,3
470509,2
470510,6
470511,3
470512,10
470513,1
470514,2
470515,3
470516,3
470517,3
470518,1
470519,1
470520,1
470521,4
470522,2
470523,2
470524,2
470525,4
470526,2
470527,1
470528,3
470529,5
470530,4
470531,6
470532,2
470533,1
470534,7
470535,2
470536,1
470537,2
470538,2
470539,1
470540,1
470541,1
470543,1
470544,5
470545,3
470546,1
470547,2
470548,2
470549,3
470550,1
470551,5
470552,3
470553,4
470554,2
470555,2
470556,2
470557,2
470558,3
470559,3
470560,3
470561,3
470562,5
470563,1
470564,7
470565,3
470566,3
470567,2
470568,3
470569,2
470571,2
470572,2
470573,4
470574,2
470575,2
470576,1
470577,2
470578,4
470579,3
470580,1
470581,1
470582,2
470583,2
470584,3
470585,1
470586,1
470587,1
470588,2
470589,7
470590,2
470591,3
470592,2
470593,1
470594,3
470595,2
470596,1
470597,4
470598,2
470599,3
470600,6
470601,2
470602,6
470603,2
470604,1
470605,2
470606,2
470607,5
470608,8
470609,4
470610,2
470611,2
470612,2
470613,2
470614,1
470615,2
470616,2
470617,4
470618,1
470619,3
470620,1
470621,3
470622,2
470623,1
470624,3
470626,1
470627,2
470628,3
470629,1
470630,3
470631,2
470632,1
470633,3
470634,3
470635,1
470636,1
470637,4
470638,2
470639,6
470640,2
470641,1
470642,2
470643,2
470644,3
470645,2
470646,3
470647,2
470648,4
470649,1
470650,2
470651,4
470652,1
470653,5
470654,3
470655,1
470656,1
470657,5
470658,2
470659,3
470660,1
470661,2
470662,2
470663,2
470664,2
470665,2
470666,2
470667,7
470669,1
470670,2
470671,6
470672,2
470673,4
470674,3
470676,3
470677,1
470678,1
470679,2
470680,2
470681,2
470682,3
470683,1
470684,2
470685,3
470686,1
470687,2
470688,2
470689,1
470690,8
470691,2
470692,4
470693,3
470694,1
470695,2
470696,1
470697,2
470698,1
470699,4
470700,4
470701,3
470702,2
470703,5
470704,3
470705,2
470706,2
470707,2
470708,2
470709,5
470710,1
470712,1
470713,1
470714,8
470715,2
470716,3
470718,4
470719,2
470720,7
470721,3
470722,2
470724,2
470725,1
470726,2
470727,2
470728,4
470729,2
470730,4
470732,2
470733,2
470734,4
470735,2
470736,6
470737,1
470739,2
470740,2
470741,1
470742,4
470744,1
470745,2
470746,2
470747,2
470748,2
470749,1
470750,2
470751,2
470752,1
470753,2
470754,9
470755,2
470756,1
470757,3
470758,2
470759,3
470760,2
470761,3
470762,1
470763,4
470764,2
470765,1
470766,2
470767,1
470768,2
470769,5
470770,1
470771,2
470772,1
470773,3
470774,1
470775,2
470776,1
470777,1
470778,2
470779,1
470780,2
470781,1
470782,8
470783,3
470784,2
470785,5
470786,1
470787,1
470789,2
470790,2
470791,1
470792,1
470793,1
470794,3
470795,3
470796,2
470797,1
470799,2
470800,1
470801,1
470802,2
470803,4
470804,1
470805,1
470806,1
470807,1
470808,1
470809,3
470810,2
470811,2
470812,1
470813,2
470814,2
470815,2
470816,2
470817,3
470818,3
470819,1
470820,2
470821,1
470822,2
470823,3
470826,2
470827,1
470828,2
470829,4
470830,2
470831,4
470832,2
470833,1
470834,2
470835,1
470837,3
470838,6
470839,2
470840,1
470841,2
470843,3
470844,3
470845,4
470846,3
470847,3
470848,1
470850,3
470851,3
470852,1
470853,6
470855,5
470856,1
470857,2
470858,2
470859,2
470860,2
470861,1
470862,3
470863,3
470864,1
470865,2
470867,3
470868,2
470869,3
470870,2
470871,3
470872,5
470873,3
470874,1
470875,1
470876,1
470877,2
470878,1
470879,2
470881,1
470882,2
470883,2
470884,1
470885,1
470886,3
470887,1
470888,4
470889,2
470890,1
470891,4
470892,4
470893,1
470894,2
470895,2
470896,4
470897,3
470898,4
470900,2
470901,1
470902,1
470903,3
470904,6
470905,2
470906,2
470907,2
470908,2
470909,3
470910,6
470911,2
470912,2
470913,5
470914,2
470916,1
470917,2
470918,1
470919,5
470920,2
470921,2
470922,1
470923,3
470924,2
470926,1
470927,1
470928,4
470930,2
470931,1
470932,2
470934,2
470935,3
470936,1
470937,1
470938,3
470939,2
470940,1
470941,2
470942,2
470943,3
470944,2
470945,1
470946,3
470947,1
470948,3
470949,1
470950,2
470951,2
470952,1
470953,1
470954,2
470955,1
470956,2
470957,3
470960,1
470961,1
470963,3
470964,1
470966,2
470967,2
470968,2
470969,1
470970,2
470971,3
470972,1
470973,2
470974,3
470975,2
470976,2
470977,3
470978,3
470979,5
470981,1
470982,3
470983,3
470985,2
470986,1
470987,5
470988,2
470989,1
470990,2
470991,3
470992,2
470993,3
470994,1
470995,1
470996,2
470997,2
470998,2
470999,1
471000,1
471001,2
471002,1
471003,2
471004,2
471005,2
471006,1
471007,1
471008,5
471009,2
471010,1
471011,2
471012,1
471013,3
471014,1
471015,1
471016,5
471017,3
471018,2
471019,3
471020,2
471021,2
471023,2
471024,2
471025,10
471026,2
471027,2
471028,2
471029,1
471030,4
471031,2
471032,3
471033,2
471034,3
471035,3
471036,2
471037,3
471038,3
471039,2
471040,2
471041,1
471042,1
471043,3
471044,5
471045,3
471046,1
471047,2
471048,2
471050,1
471051,3
471052,1
471053,2
471054,2
471055,1
471056,1
471057,3
471058,2
471059,2
471060,3
471061,2
471062,4
471063,2
471064,1
471065,2
471066,2
471068,1
471069,4
471070,4
471071,1
471072,5
471073,2
471075,3
471077,1
471078,5
471079,1
471080,2
471081,2
471082,3
471083,1
471084,1
471086,3
471087,2
471088,2
471089,2
471090,2
471091,9
471092,2
471093,1
471094,5
471095,2
471096,4
471097,2
471098,3
471099,3
471100,1
471101,2
471102,2
471103,1
471105,1
471106,2
471107,1
471108,3
471109,1
471110,3
471111,3
471112,3
471113,2
471114,7
471115,2
471116,3
471117,2
471118,3
471119,2
471120,9
471121,3
471122,2
471123,4
471124,2
471125,3
471126,1
471127,2
471128,1
471129,2
471130,3
471131,2
471132,2
471133,3
471135,2
471136,8
471137,1
471138,2
471139,5
471140,2
471141,3
471142,4
471143,3
471144,2
471145,1
471146,5
471147,1
471148,1
471149,1
471150,3
471151,3
471152,1
471153,2
471154,2
471155,1
471156,1
471157,2
471158,3
471159,3
471160,3
471161,1
471162,1
471163,2
471164,3
471165,4
471166,2
471167,2
471168,8
471169,2
471170,1
471171,2
471172,2
471173,2
471174,2
471175,3
471176,2
471177,2
471178,1
471179,1
471180,3
471181,1
471182,2
471183,1
471184,1
471185,3
471186,2
471188,2
471189,3
471190,2
471191,1
471192,3
471193,2
471194,2
471195,2
471196,2
471197,1
471198,3
471199,1
471200,5
471201,2
471202,2
471203,3
471204,2
471205,1
471206,3
471207,4
471208,2
471209,3
471210,1
471211,2
471212,1
471213,2
471214,7
471215,1
471216,4
471218,2
471219,4
471220,2
471221,1
471222,1
471223,3
471224,2
471225,1
471226,2
471227,6
471228,3
471229,5
471230,1
471231,1
471232,1
471233,4
471234,3
471235,2
471236,1
471237,8
471238,1
471239,4
471241,2
471242,2
471243,1
471244,2
471245,3
471246,5
471247,3
471248,5
471249,2
471250,1
471251,1
471252,2
471253,2
471254,1
471255,6
471256,2
471257,1
471258,3
471259,1
471260,3
471261,4
471262,1
471263,2
471264,3
471265,1
471266,2
471267,2
471268,1
471269,2
471270,3
471271,1
471272,1
471273,2
471274,2
471275,2
471276,1
471277,1
471278,2
471279,3
471280,2
471281,2
471282,4
471283,1
471284,1
471285,2
471286,1
471287,6
471288,3
480001,1
480002,2
480003,4
480004,7
480005,1
480006,1
480007,2
480008,1
480009,2
480010,2
480012,3
480013,2
480014,2
480016,1
480017,1
480018,2
480019,3
480020,2
480021,6
480022,2
480023,2
480024,2
480025,1
480026,1
480027,2
480028,3
480030,2
480031,2
480032,4
480033,2
480034,3
480035,9
480036,2
480037,2
480038,4
480039,3
480040,2
480041,6
480042,6
480043,3
480044,3
480045,3
480046,1
480047,1
480048,2
480049,2
480050,3
480051,2
480052,1
480053,2
480054,5
480055,2
480056,3
480057,2
480058,11
480059,3
480060,2
480062,2
480063,3
480064,3
480065,1
480066,4
480067,1
480068,2
480069,1
480070,3
480071,1
480072,2
480073,3
480074,1
480075,8
480076,7
480077,1
480078,1
480079,2
480080,1
480082,5
480083,1
480084,2
480085,2
480086,2
480087,1
480088,4
480089,2
480090,2
480091,3
480092,3
480093,3
480094,2
480095,2
480096,2
480097,2
480098,2
480099,3
480100,3
480101,2
480102,1
480103,3
480104,5
480105,2
480106,2
480107,6
480108,2
480109,2
480110,2
480111,3
480112,2
480113,5
480114,1
480115,3
480116,1
480117,3
480118,2
480119,8
480120,2
480121,2
480122,1
480123,5
480124,2
480125,1
480126,1
480127,1
480128,1
480129,2
480130,5
480131,1
480132,2
480133,1
480134,4
480135,7
480136,1
480137,2
480138,4
480139,6
480140,2
480141,1
480142,1
480143,1
480144,2
480145,2
480146,2
480147,1
480148,2
480149,2
480150,2
480151,3
480152,1
480153,4
480154,1
480155,1
480156,2
480157,2
480158,2
480159,3
480160,2
480161,1
480162,3
480163,5
480164,4
480165,3
480166,2
480167,1
480168,3
480169,6
480171,4
480172,2
480173,2
480174,3
480176,2
480177,2
480178,8
480179,4
480180,2
480181,2
480182,1
480183,2
480184,8
480185,5
480186,1
480187,3
480188,6
480189,2
480190,6
480191,4
480192,3
480193,2
480194,1
480195,4
480196,4
480197,5
480198,1
480199,2
480200,1
480201,2
480202,4
480203,1
480204,1
480205,3
480206,1
480207,2
480208,2
480209,2
480210,2
480211,3
480212,2
480213,4
480214,2
480215,2
480216,2
480217,4
480218,4
480219,3
480221,2
480222,3
480223,2
480224,2
480225,1
480226,3
480227,3
480228,4
480229,4
480230,5
480231,1
480232,1
480233,2
480234,1
480236,3
480237,2
480238,3
480239,2
480240,1
480242,2
480244,1
480245,2
480246,2
480247,1
480248,2
480249,2
480250,2
480251,2
480252,2
480253,3
480254,2
480255,3
480256,2
480257,2
480258,2
480259,5
480260,4
480261,2
480262,2
480263,4
480264,2
480265,3
480266,3
480267,1
480268,2
480269,5
480270,1
480271,10
480272,2
480273,3
480274,10
480275,3
480276,2
480277,2
480278,2
480279,3
480280,4
480281,10
480282,1
480283,2
480284,1
480285,1
480286,2
480287,2
480288,2
480289,1
480290,2
480291,1
480292,3
480293,7
480294,1
480295,3
480296,2
480297,2
480298,4
480299,3
480300,3
480301,2
480302,2
480303,5
480304,5
480305,4
480306,4
480308,3
480309,1
480310,3
480311,4
480312,1
480313,7
480314,1
480315,2
480316,2
480317,3
480319,2
480320,3
480321,11
480322,2
480323,2
480324,1
480325,2
480326,1
480327,1
480328,4
480329,4
480330,2
480331,3
480332,5
480333,1
480334,2
480335,2
480336,2
480337,1
480338,3
480339,2
480340,7
480341,6
480342,3
480343,1
480344,2
480345,2
480346,2
480347,2
480348,1
480349,2
480350,2
480351,4
480353,2
480354,1
480356,7
480357,2
480358,2
480359,3
480360,1
480361,2
480362,1
480363,2
480364,2
480365,3
480366,3
480367,2
480368,2
480369,3
480370,2
480371,1
480372,1
480373,3
480374,4
480376,2
480377,4
480378,1
480379,2
480380,1
480381,2
480382,2
480383,2
480384,3
480385,1
480386,2
480387,2
480388,2
480389,4
480390,2
480391,2
480392,3
480393,9
480394,2
480395,1
480396,6
480397,3
480398,1
480399,1
480400,1
480401,2
480402,1
480403,1
480404,2
480405,3
480406,5
480407,1
480408,2
480409,3
480410,2
480411,2
480412,2
480413,2
480414,2
480415,8
480416,2
480417,3
480418,1
480419,1
480420,1
480421,2
480422,2
480423,6
480424,1
480425,8
480426,2
480427,1
480428,3
480429,2
480430,1
480431,1
480432,2
480433,4
480434,1
480435,2
480436,1
480437,3
480438,1
480439,3
480440,2
480441,5
480443,3
480444,5
480445,2
480446,2
480447,7
480448,3
480449,2
480450,5
480451,3
480452,2
480453,3
480454,6
480455,3
480456,2
480457,3
480458,2
480459,2
480460,3
480461,4
480462,2
480463,2
480464,1
480465,1
480466,2
480467,3
480468,3
480469,3
480470,2
480471,3
480472,1
480473,2
480474,1
480475,2
480476,5
480477,2
480478,2
480479,2
480480,4
480481,1
480482,3
480483,1
480484,2
480485,2
480486,2
480487,3
480488,3
480489,3
480490,3
480491,3
480492,3
480493,1
480494,3
480495,3
480496,5
480497,3
480499,1
480500,1
480501,2
480502,3
480503,2
480504,1
480505,4
480506,4
480507,1
480508,2
480509,5
480510,5
480511,2
480512,2
480513,2
480514,4
480515,5
480516,3
480517,2
480518,3
480519,2
480520,3
480521,1
480522,2
480523,2
480524,2
480525,5
480526,1
480527,1
480528,1
480529,2
480530,3
480531,3
480532,1
480533,1
480534,5
480535,1
480536,5
480537,5
480538,5
480539,5
480540,1
480541,3
480542,2
480543,4
480545,1
480546,2
480547,4
480548,1
480549,2
480550,1
480551,2
480552,2
480553,3
480554,1
480555,1
480556,1
480557,1
480558,2
480559,2
480560,2
480561,2
480562,1
480563,3
480564,1
480565,2
480566,2
480567,4
480568,4
480569,2
480570,3
480571,1
480572,1
480574,4
480575,2
480576,7
480577,4
480578,2
480579,2
480580,2
480581,2
480582,2
480583,2
480584,4
480585,1
480586,2
480587,1
480588,2
480589,3
480590,1
480591,3
480592,2
480593,2
480594,2
480595,3
480596,1
480597,2
480598,1
480599,2
480600,1
480601,1
480602,3
480603,1
480604,1
480605,7
480606,2
480607,3
480608,3
480609,3
480610,1
480611,2
480612,3
480613,2
480614,2
480615,4
480616,2
480617,7
480618,2
480619,3
480620,2
480621,1
480622,1
480623,1
480624,2
480625,7
480626,2
480627,2
480628,2
480629,4
480630,2
480631,1
480632,1
480633,3
480634,2
480635,4
480637,1
480638,2
480639,6
480640,3
480641,3
480642,2
480643,2
480644,2
480645,2
480646,1
480647,3
480648,2
480649,3
480650,1
480651,2
480652,1
480653,2
480654,3
480655,4
480656,1
480657,2
480658,4
480659,3
480660,2
480661,3
480662,2
480663,2
480664,2
480665,3
480666,5
480668,1
480669,3
480670,2
480671,4
480672,2
480673,2
480674,1
480675,1
480676,2
480677,1
480678,3
480679,3
480680,3
480681,1
480682,1
480683,2
480684,7
480685,2
480687,5
480688,1
480689,1
480690,3
480691,2
480692,1
480693,2
480694,6
480695,2
480696,3
480697,5
480698,2
480699,2
480700,2
480701,17
480702,2
480703,2
480704,6
480705,1
480706,3
480707,1
480708,2
480709,1
480710,2
480711,8
480712,3
480713,3
480714,2
480715,5
480716,1
480717,4
480718,1
480719,1
480720,2
480721,2
480722,2
480723,2
480724,3
480725,2
480726,2
480727,2
480728,6
480729,2
480730,2
480731,2
480732,2
480733,1
480734,5
480735,2
480736,1
480737,2
480738,2
480739,4
480740,6
480742,1
480743,1
480744,2
480745,1
480746,1
480747,4
480748,2
480749,2
480750,2
480751,2
480752,1
480753,2
480754,3
480755,3
480756,6
480757,3
480758,1
480759,2
480760,1
480761,2
480762,4
480763,1
480764,1
480765,4
480766,4
480767,2
480768,3
480769,2
480770,2
480771,3
480772,2
480773,3
480775,3
480776,3
480777,3
480778,3
480779,4
480780,2
480781,3
480782,1
480783,1
480784,2
480785,3
480786,1
480787,3
480788,2
480790,1
480791,1
480792,4
480793,1
480794,6
480795,5
480796,4
480797,7
480798,2
480799,2
480800,2
480801,6
480802,2
480803,2
480804,1
480805,1
480806,1
480807,4
480808,1
480809,1
480810,2
480811,3
480812,3
480813,5
480814,3
480815,1
480816,2
480817,3
480818,2
480819,2
480820,2
480821,2
480822,3
480823,2
480824,1
480825,2
480826,1
480827,2
480828,2
480829,3
480830,2
480831,2
480832,1
480833,4
480834,2
480835,2
480836,2
480837,3
480838,6
480839,1
480840,5
480841,3
480842,2
480843,2
480844,3
480845,2
480846,2
480847,3
480848,2
480849,1
480850,10
480851,1
480852,3
480853,2
480854,2
480855,1
480856,2
480857,4
480858,5
480859,6
480860,2
480861,2
480862,2
480863,3
480864,2
480865,3
480866,2
480867,1
480868,2
480869,3
480870,1
480871,3
480872,4
480873,2
480874,1
480875,1
480877,4
480878,1
480879,3
480880,2
480881,3
480882,1
480883,2
480884,3
480885,1
480886,2
480887,1
480888,2
480889,1
480890,2
480891,3
480892,4
480893,3
480894,2
480895,4
480896,2
480897,4
480898,2
480900,2
480901,2
480902,5
480903,2
480904,4
480905,1
480907,3
480908,4
480909,2
480910,1
480911,3
480912,4
480913,3
480914,2
480915,7
480916,4
480917,2
480918,6
480919,2
480920,2
480921,3
480922,2
480923,1
480924,5
480925,2
480926,3
480927,4
480929,4
480930,3
480931,3
480932,5
480933,2
480934,2
480935,7
480936,3
480937,3
480938,1
480939,3
480940,2
480941,2
480942,6
480943,5
480944,2
480945,2
480946,2
480947,2
480948,3
480949,4
480950,2
480952,1
480953,3
480954,2
480955,2
480956,1
480957,3
480958,4
480959,2
480960,3
480961,6
480962,2
480963,5
480964,1
480965,1
480966,2
480967,2
480968,3
480969,1
480970,3
480971,6
480972,2
480974,3
480975,1
480976,2
480977,2
480979,1
480981,2
480982,1
480983,2
480984,3
480985,3
480986,4
480988,4
480989,2
480990,1
480991,2
480992,1
480993,2
480994,2
480995,1
480996,3
480997,1
480998,1
480999,1
481000,1
481001,2
481002,2
481003,3
481004,2
481005,1
481006,2
481007,2
481008,3
481009,2
481010,1
481011,2
481012,1
481013,1
481014,4
481015,2
481016,1
481017,2
481018,6
481020,3
481021,5
481022,6
481023,2
481024,3
481025,7
481026,2
481027,4
481028,2
481029,4
481030,1
481031,4
481032,3
481033,3
481034,1
481035,3
481036,2
481037,2
481038,2
481039,2
481040,2
481041,1
481042,1
481043,1
481044,2
481045,3
481046,1
481047,2
481048,1
481049,2
481050,1
481051,1
481052,2
481053,1
481054,9
481055,1
481056,1
481057,1
481058,2
481059,3
481060,4
481061,1
481062,2
481063,2
481064,2
481065,2
481066,1
481067,2
481068,2
481069,1
481070,2
481071,5
481072,2
481073,5
481074,2
481075,1
481076,2
481077,2
481078,3
481079,3
481080,2
481081,1
481082,2
481083,3
481084,2
481085,2
481086,2
481087,7
481088,1
481089,4
481090,3
481091,1
481092,2
481093,1
481094,1
481095,3
481096,1
481097,4
481098,2
481099,1
481100,3
481101,6
481102,2
481103,2
481104,2
481105,2
481106,2
481108,1
481109,1
481110,3
481111,3
481112,2
481113,3
481114,4
481115,2
481116,2
481117,4
481118,3
481119,4
481120,2
481121,2
481122,2
481123,1
481124,2
481125,1
481126,1
481127,4
481128,6
481129,5
481130,3
481131,2
481132,3
481133,5
481134,1
481135,2
481136,2
481137,2
481138,1
481139,3
481140,4
481141,2
481142,2
481143,3
481144,2
481145,2
481146,2
481147,2
481148,2
481149,2
481150,1
481151,2
481152,2
481153,3
481154,1
481155,2
481156,3
481157,2
481158,1
481159,3
481160,2
481161,10
481162,2
481163,2
481164,4
481165,1
481166,6
481167,1
481168,2
481169,1
481170,1
481171,2
481172,6
481173,3
481174,8
481175,1
481176,3
481177,5
481178,3
481179,4
481180,1
481181,4
481182,2
481183,2
481184,5
481185,4
481186,4
481187,2
481188,1
481189,2
481190,2
481191,7
481192,1
481193,2
481194,3
481195,8
481196,2
481197,1
481198,2
481199,3
481200,22
481201,5
481202,1
481203,1
481204,1
481205,2
481206,4
481207,2
481209,2
481210,6
481211,2
481212,1
481213,2
481214,3
481216,5
481217,1
481218,3
481219,4
481220,1
481221,3
481223,4
481224,5
481225,2
481226,2
481227,2
481228,4
481229,2
481230,3
481231,3
481232,2
481233,2
481234,1
481235,2
481236,2
481237,2
481238,3
481239,4
481240,3
481241,3
481242,5
481244,3
481245,2
481246,4
481247,1
481249,3
481250,3
481251,3
481252,2
481253,2
481254,2
481255,2
481256,2
481257,1
481258,4
481259,2
481260,5
481261,1
481262,1
481263,2
481264,4
481265,3
481266,2
481267,2
481268,2
481269,3
481270,1
481271,2
481272,2
481273,6
481274,2
481275,1
481277,2
481278,2
481279,3
481280,2
481281,2
481282,3
481283,2
481284,1
481285,1
481286,2
481287,3
481288,2
481289,2
481290,4
481291,2
481292,2
481293,3
481294,4
481295,4
481296,3
481297,1
481298,3
481299,2
481300,4
481301,1
481303,3
481304,1
481305,8
481306,4
481307,6
481308,4
481309,6
481310,1
481311,2
481312,2
481313,2
481314,2
481315,2
481316,3
481317,3
481319,2
481320,1
481321,2
481323,2
481324,1
481325,2
481326,2
481327,2
481328,3
481329,1
481330,7
481331,2
481332,5
481333,2
481334,3
481335,2
481336,1
481337,5
481338,3
481339,4
481340,1
481341,1
481342,6
481343,1
481344,2
481345,1
481346,2
481347,2
481348,1
481349,5
481350,2
481351,2
481352,2
481353,2
481354,20
481355,2
481356,6
481357,6
481358,1
481359,1
481360,3
481361,2
481362,3
481363,3
481364,1
481365,5
481366,5
481367,2
481368,1
481369,2
481370,1
481371,4
481372,9
481373,5
481374,1
481375,2
481376,2
481377,3
481378,4
481379,1
481380,1
481381,1
481382,5
481383,2
481384,1
481385,1
481386,1
481387,3
481388,1
481389,1
481390,1
481391,2
481392,1
481393,1
481394,2
481395,2
481396,1
481397,3
481398,3
481399,1
481400,3
481402,3
481403,2
481404,3
481405,12
481406,3
481407,2
481408,3
481409,2
481410,4
481411,2
481412,1
481413,3
481414,2
481415,2
481416,1
481417,3
481418,2
481419,2
481420,1
481421,3
481422,1
481423,4
481424,9
481425,2
481426,3
481427,5
481428,1
481429,1
481430,2
481431,2
481432,2
481433,2
481434,3
481435,6
481436,3
481437,3
481439,1
481440,2
481441,5
481442,6
481443,2
481444,1
481445,3
481446,2
481447,1
481448,3
481449,1
481450,2
481451,2
481452,3
481453,4
481454,3
481455,3
481456,1
481457,3
481458,1
481459,2
481460,2
481461,5
481462,5
481463,2
481464,3
481465,1
481466,3
481467,1
481468,2
481469,4
481470,3
481471,1
481472,4
481473,2
481474,1
481475,2
481476,8
481477,2
481478,2
481479,1
481480,3
481481,2
481482,2
481483,1
481484,1
481485,1
481486,3
481487,3
481488,3
481489,2
481490,1
481491,4
481492,6
481493,3
481494,1
481495,2
481496,3
481497,3
481498,1
481499,1
481500,5
481501,4
481502,1
481503,4
481504,6
481505,6
481506,2
481507,3
481508,2
481509,1
481510,1
481511,2
481512,2
481513,2
481514,2
481515,2
481516,2
481517,2
481518,4
481519,1
481520,1
481521,2
481522,2
481523,3
481524,1
481525,2
481526,2
481527,3
481529,1
481530,1
481531,1
481532,2
481533,1
481534,4
481535,3
481536,2
481537,2
481538,2
481539,2
481540,1
481541,2
481542,2
481543,2
481544,3
481545,2
481546,2
481547,1
481548,3
481549,3
481551,1
481552,2
481553,2
481554,2
481555,3
481556,2
481558,5
481559,2
481560,4
481561,3
481562,2
481563,4
481564,1
481565,3
481566,4
481567,2
481568,3
481569,2
481570,5
481571,2
481573,2
481574,3
481575,5
481576,3
481577,1
481578,1
481580,5
481581,2
481582,1
481583,2
481584,4
481585,5
481586,1
481587,1
481588,3
481589,1
481590,4
481591,1
481592,2
481593,2
481595,2
481596,1
481597,1
481598,2
481599,5
481600,1
481601,3
481602,8
481603,2
481604,3
481605,1
481606,3
481607,2
481608,2
481609,3
481610,4
481611,3
481612,3
481613,3
481614,8
481615,4
481616,4
481617,1
481618,1
481619,1
481620,3
481621,2
481622,2
481623,1
481624,1
481625,3
481626,1
481627,3
481628,4
481629,8
481630,5
481631,2
481632,2
481633,2
481634,3
481635,3
481636,2
481638,3
481639,2
481640,5
481641,2
481642,4
481643,2
481644,1
481645,3
481646,6
481647,2
481648,5
481649,3
481650,1
481651,2
481652,1
481653,4
481654,1
481655,2
481656,1
481657,3
481658,5
481659,4
481660,2
481661,2
481662,2
481663,2
481664,2
481665,5
481666,4
481667,2
481668,4
481670,4
481671,2
481672,1
481673,4
481674,9
481675,1
481676,1
481677,3
481678,4
481679,2
481680,3
481681,3
481682,2
481683,1
481684,2
481685,3
481686,2
481687,2
481688,3
481689,1
481690,2
481691,3
481692,2
481693,1
481694,2
481695,2
481696,4
481697,1
481698,8
481699,1
481700,2
481701,1
481702,1
481703,2
481704,4
481705,7
481706,1
481707,5
481708,9
481709,1
481710,2
481711,5
481712,1
481713,1
481714,1
481715,2
481716,5
481717,2
481718,3
481719,3
481720,2
481721,2
481722,2
481723,3
481724,4
481725,2
481726,3
481727,2
481728,6
481729,2
481730,1
481732,2
481733,3
481734,3
481735,2
481736,2
481737,5
481738,8
481739,2
481740,1
481741,5
481742,2
481743,4
481744,1
481745,13
481746,2
481747,1
481748,1
481749,3
481750,3
481751,2
481752,4
481753,5
481754,3
481755,2
481756,1
481757,2
481758,2
481759,4
481760,1
481761,2
481762,2
481763,5
481764,1
481765,3
481766,1
481767,1
481768,2
481769,1
481770,2
481771,1
481772,2
481773,2
481774,2
481775,1
481776,3
481777,3
481778,2
481779,3
481780,2
481781,2
481782,4
481783,1
481784,2
481785,2
481786,2
481787,1
481788,1
481789,2
481790,2
481791,2
481792,2
481793,2
481794,5
481795,2
481796,2
481797,2
481798,2
481799,2
481800,5
481801,5
481802,3
481803,2
481804,2
481805,2
481806,2
481807,2
481808,1
481809,2
481810,5
481811,8
481813,1
481814,1
481815,2
481816,1
481817,4
481818,3
481819,1
481820,4
481821,4
481822,2
481823,2
481824,6
481825,2
481826,7
481827,4
481828,2
481829,8
481830,2
481831,1
481832,2
481833,2
481834,1
481835,3
481836,3
481837,1
481838,2
481839,4
481840,1
481841,2
481842,3
481843,1
481844,2
481845,1
481846,4
481847,2
481848,3
481849,2
481850,2
481851,1
481852,2
481853,1
481854,2
481855,7
481856,12
481857,1
481858,2
481859,5
481861,2
481862,3
481863,2
481864,1
481865,5
481866,6
481867,2
481868,2
481869,8
481871,2
481872,2
481873,2
481875,3
481876,1
481877,1
481878,2
481879,3
481880,2
481881,1
481882,3
481883,2
481884,1
481885,4
481886,5
481887,5
481888,2
481889,4
481890,3
481891,5
481892,5
481893,1
481894,3
481895,3
481897,2
481898,2
481899,2
481900,2
481901,1
481902,3
481903,2
481904,3
481905,5
481906,3
481907,2
481908,3
481909,3
481911,2
481912,3
481913,1
481914,1
481915,5
481916,2
481917,2
481918,1
481919,2
481920,2
481921,1
481922,4
481923,2
481924,8
481925,2
481926,3
481927,2
481928,1
481929,1
481930,2
481931,4
481932,4
481933,7
481934,2
481935,2
481936,1
481937,5
481938,2
481939,2
481940,2
481941,3
481942,3
481943,2
481944,3
481945,3
481946,1
481947,3
481948,3
481949,5
481950,2
481951,2
481952,4
481953,3
481954,2
481955,1
481956,2
481957,2
481958,2
481959,3
481960,4
481961,1
481962,1
481963,3
481964,3
481965,3
481966,9
481967,6
481968,4
481969,4
481970,2
481971,2
481972,4
481973,4
481974,2
481975,2
481976,7
481977,3
481978,6
481979,2
481980,2
481982,3
481983,8
481984,7
481985,4
481986,1
481987,6
481988,2
481989,2
481990,2
481991,6
481992,3
481993,2
481995,2
481996,2
481997,2
481998,3
481999,2
482000,5
482001,1
482002,2
482003,2
482004,4
482005,3
482006,4
482007,2
482008,2
482009,3
482010,2
482011,2
482012,2
482013,3
482014,1
482015,1
482016,2
482017,1
482018,1
482019,1
482020,5
482021,6
482022,2
482023,5
482024,2
482025,2
482026,2
482027,2
482028,2
482029,2
482030,3
482031,3
482032,2
482033,4
482034,1
482035,1
482036,3
482037,1
482038,5
482039,2
482040,2
482041,2
482042,2
482043,2
482044,1
482045,10
482046,5
482047,2
482048,4
482049,7
482050,2
482051,2
482052,2
482054,2
482055,4
482056,2
482057,4
482058,1
482059,3
482060,2
482061,4
482062,2
482063,1
482064,3
482065,2
482066,1
482067,1
482068,2
482069,3
482070,7
482071,2
482072,7
482073,1
482074,1
482075,2
482076,1
482077,3
482078,1
482079,2
482080,2
482081,3
482084,7
482085,2
482086,2
482087,2
482088,4
482089,3
482090,3
482091,3
482092,7
482093,1
482094,4
482095,2
482096,1
482097,3
482098,2
482099,1
482100,2
482101,2
482102,5
482103,3
482104,2
482105,2
482106,1
482107,2
482108,3
482109,2
482110,5
482111,4
482112,1
482113,2
482114,1
482115,1
482116,2
482117,2
482118,1
482119,2
482120,1
482121,2
482122,2
482123,2
482124,1
482126,4
482127,2
482128,5
482129,1
482130,1
482131,7
482132,1
482133,4
482134,3
482135,2
482136,2
482137,2
482138,2
482139,1
482140,1
482141,3
482142,3
482143,1
482144,2
482145,2
482146,4
482147,2
482148,6
482149,1
482150,1
482151,1
482152,5
482153,1
482154,2
482155,1
482156,3
482157,3
482158,3
482159,5
482160,4
482161,3
482162,2
482163,1
482164,3
482165,2
482166,2
482167,1
482168,1
482169,2
482170,5
482171,1
482172,2
482173,4
482174,2
482175,2
482176,1
482177,2
482178,2
482179,2
482180,2
482181,1
482182,6
482183,6
482184,2
482185,1
482186,1
482187,2
482188,1
482189,2
482190,2
482191,5
482192,2
482193,2
482194,2
482195,3
482196,3
482197,5
482198,3
482199,2
482200,5
482201,1
482202,6
482203,2
482204,4
482205,2
482206,3
482207,2
482208,2
482209,2
482210,2
482211,2
482212,1
482213,2
482214,1
482215,1
482216,2
482217,2
482218,2
482219,2
482220,1
482221,2
482222,1
482223,3
482224,2
482225,6
482226,3
482227,2
482228,1
482229,3
482230,3
482231,4
482232,4
482233,4
482234,2
482235,1
482236,2
482237,3
482238,4
482239,1
482240,3
482241,1
482242,2
482243,2
482244,4
482245,2
482246,2
482247,2
482248,3
482249,3
482250,7
482252,5
482253,2
482254,7
482255,3
482256,2
482257,6
482258,2
482259,2
482260,2
482261,2
482262,2
482263,5
482264,7
482265,4
482266,1
482267,1
482268,2
482270,1
482271,2
482272,3
482273,2
482274,3
482275,2
482276,2
482277,2
482278,3
482279,6
482280,3
482281,2
482282,1
482283,1
482284,1
482285,2
482286,7
482287,5
482288,3
482289,4
482290,3
482291,2
482292,2
482293,2
482294,2
482295,2
482296,2
482297,3
482298,3
482299,1
482300,3
482301,2
482302,4
482303,2
482304,2
482305,2
482306,2
482307,2
482308,2
482309,3
482310,2
482311,4
482312,1
482313,2
482314,2
482315,1
482316,1
482317,1
482318,2
482319,2
482320,2
482321,2
482322,1
482323,2
482324,1
482325,1
482326,2
482328,6
482330,2
482331,1
482332,3
482333,2
482334,3
482335,1
482336,6
482337,3
482338,1
482339,2
482340,3
482341,1
482342,2
482343,1
482344,1
482345,2
482346,3
482347,3
482348,2
482349,4
482350,2
482351,3
482352,4
482353,1
482354,2
482355,5
482356,1
482357,3
482358,2
482359,1
482360,2
482361,1
482362,3
482363,6
482364,1
482365,4
482366,2
482367,2
482368,2
482369,1
482370,1
482371,3
482372,1
482373,1
482374,1
482375,4
482377,3
482378,2
482379,2
482380,1
482381,3
482382,2
482383,5
482384,4
482385,2
482386,3
482387,1
482388,1
482389,1
482390,1
482391,1
482392,1
482393,5
482394,2
482395,2
482396,3
482397,2
482398,1
482399,2
482400,2
482401,3
482402,2
482403,3
482404,2
482405,1
482406,2
482407,5
482408,1
482409,2
482410,3
482411,3
482412,3
482413,1
482414,1
482415,2
482416,2
482417,1
482418,7
482419,2
482420,1
482421,1
482422,1
482423,1
482424,3
482425,1
482426,5
482427,1
482428,4
482429,2
482430,2
482431,3
482432,1
482433,6
482434,2
482435,2
482436,2
482437,6
482438,1
482439,2
482440,3
482441,2
482442,2
482443,3
482444,3
482445,2
482446,2
482447,3
482448,3
482450,2
482451,2
482452,4
482453,1
482454,1
482455,2
482456,5
482457,2
482458,2
482459,1
482460,3
482461,2
482462,2
482463,3
482464,2
482465,3
482466,3
482467,10
482468,2
482469,2
482470,1
482471,1
482472,1
482473,2
482474,2
482475,8
482476,2
482477,2
482478,3
482479,1
482480,3
482481,5
482482,5
482483,1
482484,2
482485,2
482486,1
482487,2
482488,3
482489,3
482490,2
482491,2
482492,2
482493,2
482494,2
482495,2
482496,2
482497,2
482498,4
482499,2
482500,2
482501,2
482502,1
482503,4
482504,2
482505,2
482506,2
482507,2
482508,2
482509,2
482510,1
482511,1
482512,1
482513,1
482514,2
482515,2
482516,5
482517,1
482518,2
482519,2
482520,2
482521,2
482522,2
482523,2
482524,3
482525,1
482526,3
482527,2
482528,2
482529,6
482530,2
482531,2
482532,4
482533,2
482534,2
482535,3
482536,2
482537,3
482538,6
482539,2
482540,1
482541,2
482542,3
482543,2
482544,2
482545,2
482546,2
482547,4
482548,3
482549,3
482550,2
482551,1
482552,1
482553,2
482554,1
482555,1
482556,2
482557,2
482558,2
482559,1
482560,3
482561,2
482562,1
482563,4
482564,2
482565,2
482566,5
482567,2
482569,1
482570,2
482571,2
482572,1
482573,1
482574,1
482575,4
482576,2
482577,3
482578,1
482579,2
482580,3
482581,2
482582,4
482583,3
482584,2
482585,1
482586,2
482587,1
482588,2
482589,1
482590,2
482591,2
482592,2
482593,4
482594,2
482595,2
482596,2
482597,4
482598,1
482599,1
482600,1
482601,2
482602,1
482603,2
482604,1
482605,2
482606,3
482607,2
482608,2
482609,5
482610,2
482611,2
482612,1
482613,2
482614,2
482615,5
482616,1
482617,1
482618,3
482619,1
482620,2
482621,3
482622,2
482623,1
482624,1
482625,1
482626,6
482627,2
482628,2
482629,2
482630,2
482631,3
482632,2
482634,2
482635,2
482636,3
482637,2
482638,4
482639,1
482640,1
482641,5
482642,3
482643,2
482644,2
482645,4
482646,2
482647,3
482648,2
482649,3
482650,2
482651,1
482654,2
482655,4
482656,2
482657,2
482658,2
482659,5
482660,2
482661,1
482662,1
482663,2
482664,7
482665,2
482666,1
482667,1
482668,1
482669,1
482670,1
482671,2
482672,12
482673,7
482674,1
482675,1
482676,1
482677,2
482678,2
482679,2
482680,1
482681,3
482682,1
482683,2
482684,2
482685,2
482686,8
482687,1
482688,1
482689,1
482690,2
482691,2
482692,1
482693,2
482694,2
482695,3
482696,1
482697,2
482698,1
482700,1
482701,2
482702,4
482703,2
482704,3
482705,1
482706,3
482707,2
482708,4
482709,6
482710,2
482711,2
482712,4
482713,3
482714,1
482715,2
482716,1
482717,4
482718,2
482719,2
482720,5
482721,1
482722,2
482723,3
482724,1
482725,2
482726,2
482727,2
482728,2
482729,2
482730,2
482731,2
482732,3
482733,3
482734,2
482735,1
482736,1
482737,2
482738,4
482739,2
482740,1
482741,2
482742,2
482743,3
482744,4
482745,4
482746,4
482747,2
482748,3
482749,1
482751,2
482752,5
482753,2
482754,2
482755,4
482756,2
482757,3
482758,2
482759,2
482760,2
482761,4
482763,2
482764,2
482765,2
482766,2
482768,3
482769,2
482770,3
482771,1
482772,6
482773,2
482774,2
482775,2
482776,3
482777,2
482778,3
482779,1
482780,4
482781,2
482782,3
482783,3
482784,1
482785,2
482786,1
482787,4
482788,4
482789,2
482790,2
482791,2
482792,2
482793,3
482795,7
482796,3
482797,2
482798,2
482799,1
482800,2
482801,1
482802,2
482803,2
482804,1
482806,1
482807,1
482808,1
482809,4
482810,4
482811,5
482812,2
482813,2
482814,2
482815,2
482816,2
482817,3
482818,3
482819,5
482820,1
482821,2
482822,1
482823,1
482824,3
482825,1
482826,1
482827,1
482828,2
482829,2
482830,3
482831,4
482832,3
482833,2
482834,3
482836,2
482837,3
482838,2
482839,6
482840,1
482841,6
482842,3
482843,2
482844,4
482845,2
482846,7
482848,2
482849,2
482850,2
482851,1
482852,2
482853,2
482854,2
482855,6
482856,1
482857,2
482858,1
482859,1
482860,2
482861,6
482862,4
482863,4
482864,4
482865,2
482866,6
482867,2
482868,1
482869,2
482870,3
482871,4
482872,3
482873,2
482874,2
482875,2
482876,2
482877,1
482878,2
482879,4
482880,3
482881,2
482882,2
482883,1
482884,2
482885,2
482886,1
482887,4
482889,2
482890,1
482891,2
482892,4
482893,2
482894,1
482895,2
482896,2
482897,2
482898,5
482899,1
482900,3
482901,4
482902,2
482903,2
482904,3
482905,1
482906,2
482907,3
482908,2
482909,1
482910,1
482911,6
482912,3
482913,2
482914,3
482915,1
482916,1
482917,2
482918,2
482919,2
482920,2
482921,3
482922,3
482923,2
482924,2
482925,1
482926,2
482927,3
482928,2
482929,2
482930,2
482931,2
482932,1
482933,3
482934,2
482935,2
482936,1
482937,1
482938,1
482939,2
482940,4
482941,1
482942,2
482943,1
482944,4
482945,1
482946,1
482947,3
482948,3
482949,2
482950,2
482951,2
482952,3
482953,1
482954,2
482955,2
482956,2
482957,2
482958,1
482959,1
482960,2
482962,2
482963,2
482964,1
482965,2
482966,2
482967,2
482968,9
482969,1
482970,3
482971,3
482972,1
482973,4
482974,3
482975,2
482976,2
482977,5
482978,2
482979,2
482980,2
482981,3
482982,2
482983,3
482984,1
482985,2
482986,4
482987,3
482988,3
482989,1
482990,3
482991,2
482992,1
482993,1
482994,3
482995,2
482996,3
482997,2
482998,3
482999,1
483000,1
483001,4
483002,1
483003,1
483004,1
483005,4
483006,6
483008,3
483009,2
483010,2
483011,7
483012,1
483013,3
483014,3
483015,2
483016,3
483017,3
483018,5
483019,2
483020,2
483021,6
483022,2
483023,1
483024,2
483025,5
483026,2
483027,3
483028,2
483029,6
483030,2
483031,4
483032,6
483033,1
483034,1
483035,5
483036,1
483037,7
483038,7
483039,2
483040,2
483041,4
483042,1
483043,2
483044,2
483045,2
483046,1
483047,1
483048,5
483049,2
483050,1
483051,15
483052,2
483053,1
483054,3
483055,1
483056,2
483057,4
483058,2
483059,2
483060,2
483062,2
483063,2
483064,1
483065,2
483066,1
483067,3
483068,2
483069,5
483070,2
483071,2
483072,2
483073,1
483074,1
483075,2
483076,1
483077,2
483078,4
483079,2
483080,4
483081,2
483082,2
483083,3
483084,3
483085,2
483086,4
483087,2
483088,2
483089,6
483090,2
483091,1
483092,1
483093,1
483094,1
483095,1
483096,4
483097,1
483098,5
483099,2
483100,1
483101,2
483102,2
483103,2
483104,1
483105,2
483106,8
483107,4
483108,1
483109,3
483110,1
483111,2
483112,3
483113,3
483114,1
483115,2
483116,3
483117,1
483118,2
483119,4
483120,3
483121,1
483122,3
483123,3
483124,8
483125,2
483126,6
483127,3
483128,1
483129,4
483130,1
483131,4
483132,1
483133,2
483134,3
483135,2
483136,2
483137,1
483138,1
483139,4
483140,1
483141,3
483142,2
483143,2
483144,2
483145,2
483146,1
483147,2
483148,1
483150,1
483151,1
483152,3
483153,2
483154,1
483155,2
483156,4
483157,2
483158,2
483159,2
483160,2
483161,2
483162,5
483163,2
483164,1
483165,2
483166,1
483167,2
483168,2
483169,4
483170,1
483171,3
483172,2
483173,2
483174,2
483175,4
483176,2
483177,3
483178,2
483179,4
483180,1
483181,7
483182,5
483183,2
483184,4
483185,4
483186,2
483187,6
483188,6
483189,4
483190,2
483191,2
483192,2
483193,2
483194,3
483195,3
483196,7
483197,6
483198,2
483199,8
483200,2
483201,2
483202,2
483204,1
483205,3
483206,2
483207,2
483208,1
483209,2
483210,6
483211,2
483212,2
483213,2
483214,5
483215,6
483216,2
483217,3
483218,2
483219,1
483220,3
483221,1
483222,2
483223,7
483224,1
483225,2
483226,2
483227,3
483229,2
483230,3
483231,2
483232,3
483233,8
483234,2
483235,1
483236,1
483237,2
483238,1
483239,2
483240,2
483241,2
483242,3
483243,2
483244,1
483245,2
483246,3
483247,1
483248,3
483249,3
483250,1
483251,2
483252,3
483253,3
483254,2
483255,3
483256,3
483257,1
483259,2
483260,2
483261,5
483263,1
483264,2
483265,2
483266,2
483267,2
483268,1
483269,2
483270,2
483271,4
483272,2
483273,2
483274,4
483275,2
483276,3
483277,3
483278,3
483279,2
483280,4
483281,1
483282,1
483283,4
483284,2
483285,1
483286,2
483287,2
483288,3
483289,1
483290,2
483291,4
483292,1
483293,1
483294,1
483295,1
483297,2
483298,3
483299,2
483300,2
483301,2
483302,2
483303,1
483304,2
483305,5
483306,2
483307,3
483308,1
483309,2
483310,4
483311,5
483312,2
483313,2
483314,1
483315,2
483316,1
483317,2
483318,2
483319,2
483320,4
483321,2
483322,1
483323,1
483324,3
483325,2
483326,1
483327,3
483328,3
483329,2
483330,4
483331,3
483332,6
483333,2
483334,2
483335,2
483336,2
483337,1
483338,3
483339,2
483340,4
483341,3
483342,3
483343,5
483344,1
483345,1
483346,1
483347,1
483348,1
483349,2
483350,2
483351,3
483352,2
483353,4
483354,1
483355,2
483356,2
483357,6
483358,3
483359,1
483360,8
483361,2
483362,9
483363,3
483364,1
483365,3
483366,2
483367,1
483368,1
483369,1
483370,3
483371,2
483372,2
483374,2
483375,2
483376,2
483377,2
483378,3
483379,2
483380,5
483381,2
483382,2
483383,2
483384,1
483385,2
483386,7
483387,2
483388,6
483389,8
483390,2
483391,2
483392,3
483393,9
483394,2
483395,10
483396,2
483397,3
483398,2
483400,4
483401,6
483402,2
483403,2
483404,3
483405,3
483406,1
483407,2
483408,6
483409,2
483410,6
483411,1
483412,2
483413,4
483414,2
483415,2
483416,2
483417,2
483418,3
483419,6
483420,3
483421,2
483422,2
483423,2
483424,3
483426,3
483427,4
483428,5
483429,3
483430,2
483431,3
483432,1
483433,1
483434,4
483435,3
483436,2
483437,3
483438,2
483439,1
483440,3
483441,1
483442,6
483443,2
483444,2
483445,1
483446,1
483447,6
483448,6
483449,2
483450,2
483451,2
483452,6
483453,1
483454,3
483455,9
483456,2
483457,2
483458,11
483459,2
483460,1
483461,3
483462,3
483463,2
483464,2
483465,5
483466,2
483467,2
483468,3
483469,2
483470,6
483471,3
483472,6
483473,3
483474,2
483475,1
483476,3
483477,2
483479,6
483480,5
483481,2
483482,3
483483,2
483484,2
483485,4
483486,2
483487,2
483488,2
483489,2
483490,1
483491,1
483492,1
483493,2
483494,1
483495,3
483496,1
483497,2
483498,3
483499,3
483500,3
483501,2
483502,4
483503,1
483504,2
483505,2
483506,3
483507,6
483508,2
483509,4
483510,2
483511,2
483512,3
483513,2
483514,1
483515,2
483516,1
483517,2
483518,5
483519,3
483520,2
483521,4
483522,4
483523,3
483524,2
483525,2
483526,2
483527,6
483528,2
483529,6
483531,1
483532,1
483533,2
483534,2
483535,2
483536,2
483537,1
483538,2
483539,1
483540,1
483541,1
483542,3
483543,3
483544,2
483545,3
483546,1
483547,1
483548,3
483549,2
483550,3
483551,2
483552,1
483553,4
483554,2
483555,2
483556,1
483557,2
483558,5
483559,2
483560,3
483561,2
483562,2
483563,2
483564,1
483565,1
483566,2
483567,1
483568,2
483569,3
483570,4
483571,2
483572,2
483573,2
483574,3
483576,3
483577,1
483578,3
483579,2
483580,2
483581,3
483582,4
483583,1
483584,3
483585,1
483586,4
483587,1
483588,6
483589,2
483590,4
483591,1
483592,3
483593,3
483594,2
483595,2
483596,3
483597,3
483598,2
483599,7
483600,2
483601,2
483602,2
483603,3
483604,1
483605,3
483606,1
483607,2
483608,2
483609,3
483610,2
483611,5
483612,2
483613,10
483614,1
483615,2
483616,1
483617,3
483618,2
483619,1
483620,3
483621,2
483622,1
483623,3
483624,2
483625,2
483626,3
483627,1
483628,1
483629,1
483630,2
483631,2
483632,1
483633,2
483634,1
483635,2
483636,2
483637,3
483638,2
483639,2
483640,2
483641,3
483642,2
483643,3
483644,2
483645,1
483646,2
483647,2
483648,1
483649,3
483650,1
483651,2
483653,1
483654,1
483655,2
483656,3
483657,1
483658,5
483659,1
483660,6
483661,2
483662,2
483663,3
483664,2
483665,1
483666,2
483667,2
483668,1
483669,2
483670,3
483671,3
483672,2
483673,1
483674,8
483675,1
483676,2
483677,2
483678,4
483680,2
483681,5
483682,2
483683,2
483684,2
483685,1
483686,2
483687,3
483688,3
483690,2
483691,4
483692,5
483693,2
483694,3
483695,1
483696,11
483697,2
483700,3
483701,3
483702,1
483703,4
483704,7
483705,1
483707,2
483708,2
483709,3
483710,3
483711,3
483712,2
483713,2
483714,3
483715,1
483717,1
483718,2
483719,5
483720,2
483721,6
483722,2
483723,6
483724,2
483725,5
483726,6
483727,2
483728,1
483729,2
483730,1
483731,2
483732,2
483733,4
483734,1
483735,1
483736,4
483737,2
483738,1
483739,3
483740,3
483741,3
483742,1
483743,2
483744,2
483745,2
483746,1
483747,2
483748,4
483749,1
483750,3
483751,1
483752,3
483753,2
483754,2
483755,1
483756,2
483757,2
483758,2
483759,2
483760,2
483761,1
483762,5
483763,1
483764,3
483765,1
483766,6
483767,2
483768,2
483769,3
483770,2
483771,2
483772,2
483773,4
483774,1
483775,3
483776,3
483777,2
483778,6
483779,1
483780,2
483781,1
483782,2
483783,3
483784,5
483785,3
483786,2
483787,2
483789,2
483791,2
483792,1
483793,8
483794,1
483795,3
483796,2
483797,2
483798,1
483799,10
483800,3
483801,4
483802,2
483803,2
483804,1
483805,2
483806,4
483807,7
483808,1
483809,2
483810,1
483811,1
483812,2
483813,2
483814,2
483815,3
483816,3
483817,3
483818,2
483819,3
483820,4
483821,2
483822,3
483823,4
483824,1
483825,4
483826,2
483827,1
483828,2
483829,3
483830,2
483831,1
483832,4
483833,4
483834,5
483835,5
483836,2
483837,2
483838,7
483839,2
483840,2
483841,1
483842,1
483844,1
483845,3
483846,12
483848,3
483849,3
483850,2
483851,1
483852,1
483853,4
483854,4
483855,3
483856,1
483857,1
483858,2
483859,2
483860,1
483861,3
483862,2
483863,2
483864,2
483865,2
483866,1
483867,1
483868,2
483869,13
483870,2
483871,1
483872,3
483873,3
483874,4
483875,3
483876,3
483877,3
483878,4
483879,4
483880,4
483881,1
483883,2
483884,9
483885,2
483886,3
483887,2
483888,2
483889,2
483890,1
483891,1
483892,2
483893,2
483894,2
483895,2
483896,4
483897,2
483898,4
483899,3
483900,2
483901,2
483902,1
483903,4
483904,3
483905,2
483906,2
483907,3
483908,4
483909,3
483910,2
483911,2
483912,3
483913,2
483914,1
483916,2
483917,2
483918,1
483919,6
483920,3
483921,3
483922,5
483923,1
483924,1
483925,1
483926,3
483927,5
483928,2
483929,2
483930,2
483931,1
483932,2
483933,1
483934,2
483935,2
483936,2
483937,2
483938,2
483939,1
483940,1
483941,5
483942,3
483943,2
483944,3
483945,3
483946,2
483948,2
483949,2
483950,6
483951,3
483952,1
483953,3
483954,2
483955,2
483956,11
483957,5
483958,2
483959,3
483961,3
483962,2
483963,2
483964,3
483965,2
483966,3
483967,3
483968,7
483969,4
483970,1
483971,2
483972,1
483973,1
483976,3
483977,7
483978,2
483979,4
483980,4
483981,4
483982,1
483983,3
483984,4
483985,2
483986,1
483987,2
483988,2
483989,3
483990,5
483991,3
483992,2
483993,3
483994,4
483995,2
483996,2
483997,5
490001,2
490002,2
490003,3
490004,11
490005,2
490006,2
490007,2
490008,3
490009,2
490010,3
490011,1
490012,3
490013,3
490014,2
490015,2
490016,4
490017,3
490018,1
490019,1
490020,2
490021,4
490022,2
490023,2
490024,4
490025,3
490026,2
490027,4
490028,3
490029,4
490030,3
490031,4
490032,4
490033,5
490035,6
490036,1
490037,1
490038,4
490039,2
490040,2
490041,1
490042,2
490044,1
490045,4
490046,5
490047,4
490048,3
490049,2
490051,3
490052,7
490053,2
490054,1
490055,4
490056,3
490057,2
490058,2
490059,2
490060,6
490061,2
490062,2
490063,5
490064,5
490065,2
490066,1
490067,2
490068,2
490069,3
490070,2
490071,3
490072,3
490073,2
490074,2
490075,4
490076,2
490077,2
490078,3
490079,1
490080,2
490081,1
490082,1
490083,2
490084,3
490085,2
490086,3
490087,2
490088,4
490089,2
490090,6
490091,3
490092,2
490093,3
490094,1
490095,2
490096,6
490097,1
490098,1
490099,1
490100,2
490101,5
490102,5
490103,1
490104,2
490105,1
490106,1
490107,6
490108,5
490109,1
490110,2
490111,1
490112,1
490113,3
490114,2
490115,1
490116,1
490117,2
490118,3
490119,7
490120,2
490121,1
490122,1
490123,4
490124,2
490125,3
490126,1
490128,2
490129,3
490130,5
490131,2
490132,2
490133,3
490134,1
490135,3
490136,1
490137,2
490138,3
490139,3
490140,2
490141,2
490142,4
490143,2
490144,1
490145,2
490147,3
490148,5
490149,3
490150,4
490151,2
490152,2
490153,1
490154,2
490155,1
490156,4
490157,1
490158,1
490159,2
490160,2
490161,9
490162,4
490163,3
490164,3
490165,1
490166,2
490167,2
490168,4
490169,2
490170,4
490171,1
490172,1
490173,3
490174,2
490175,5
490176,1
490177,8
490178,2
490179,2
490180,1
490181,2
490182,1
490183,2
490184,3
490185,4
490186,1
490187,1
490188,5
490189,5
490190,1
490191,2
490192,2
490193,4
490194,1
490195,1
490196,4
490197,1
490198,2
490199,3
490200,2
490201,5
490202,3
490203,4
490204,2
490205,2
490206,2
490207,1
490208,2
490209,2
490210,1
490211,2
490212,2
490213,1
490214,2
490215,2
490216,1
490218,3
490219,2
490220,1
490221,1
490222,2
490223,3
490224,3
490225,2
490226,2
490227,2
490228,2
490229,1
490230,1
490231,3
490232,3
490233,1
490234,2
490235,2
490236,3
490237,2
490238,2
490240,2
490241,2
490242,3
490243,1
490244,2
490245,3
490246,3
490247,1
490248,2
490249,4
490250,1
490251,2
490252,2
490253,2
490254,4
490255,1
490256,2
490257,2
490259,2
500001,1
500002,3
500003,3
500004,1
500005,3
500006,1
500007,3
500008,2
500009,1
500010,1
500011,1
500012,2
500013,4
500014,1
500015,2
500016,3
500017,1
500018,3
500020,1
500021,4
500022,2
500023,4
500024,2
500025,1
500026,3
500027,2
500028,1
500029,1
500031,1
500032,7
500033,3
500034,1
500035,4
500036,2
500037,1
500038,2
500039,2
500040,2
500041,1
500042,2
500043,1
500044,2
500045,1
500046,6
500047,3
500048,3
500049,2
500050,4
500051,1
500052,3
500053,2
500054,2
500055,2
500056,2
500057,3
500059,3
500060,3
500061,1
500062,1
500063,3
500064,1
500065,2
500066,4
510001,2
510002,2
510003,4
510004,1
510005,1
510006,1
510007,3
510008,2
510009,6
510010,2
510011,2
510012,1
510013,2
510014,1
510015,1
510016,1
510017,1
510018,3
510019,2
510020,2
510021,3
510022,1
510023,2
510024,1
510025,1
510026,2
510027,2
510028,3
510029,1
510030,2
510031,5
510032,2
510033,1
510034,2
510035,2
510036,1
510037,2
510038,1
510039,2
510040,2
510041,1
510042,2
510043,3
510044,1
510045,3
510046,1
510047,1
510048,1
510049,2
510050,2
510051,2
510052,2
510053,2
510054,2
510055,2
510056,4
510057,1
510058,3
510059,1
510060,2
510061,3
510062,2
510063,3
510064,3
510065,1
510066,2
510067,2
510068,3
510069,2
510070,2
510071,2
510072,1
510073,2
510074,1
510075,2
510076,3
510077,2
510078,2
510079,2
510080,2
510081,1
510082,2
510083,2
510084,2
510085,2
510086,1
510087,4
510088,1
510089,2
510090,2
510091,1
510092,2
510093,1
510094,1
510095,1
510096,2
510097,3
510098,1
510099,2
510100,2
510101,1
510102,2
510103,2
510104,1
510106,1
510107,2
510108,4
510109,2
510110,2
510111,3
510112,2
510113,1
510114,1
510115,3
510116,3
510117,2
510118,1
510119,3
510120,3
510121,2
510122,1
510123,2
510124,2
510126,2
510127,5
510128,1
510129,1
510130,2
510131,2
510132,2
510133,6
510134,1
510135,3
510136,2
510137,1
510138,1
510139,3
510140,1
510141,2
510142,2
510143,2
510144,4
510145,2
510146,2
510147,3
510148,2
510149,3
510150,3
510151,2
510152,2
510153,2
510154,2
510155,2
510156,1
510157,3
510158,1
510159,3
510160,3
510161,2
510162,2
510163,4
510164,2
510165,2
510166,3
510167,2
510168,1
510169,2
510170,2
510171,5
510172,2
510173,1
510174,3
510175,3
510176,1
510177,2
510178,1
510179,3
510180,2
510181,2
510182,1
510183,2
510184,2
510185,2
510187,1
510188,1
510189,3
510190,1
510191,2
510192,2
510193,1
510195,3
510196,4
510197,1
510198,3
510199,2
510200,3
510201,2
510202,3
510203,1
510204,1
510205,3
510206,1
510207,1
510208,2
510209,2
510210,2
510211,2
510212,2
510213,3
510214,2
510215,1
510216,2
510217,3
510218,2
510219,2
510220,3
510221,3
510222,1
510223,5
510224,2
510225,1
510226,2
510227,3
510228,1
510229,1
510230,2
510231,3
510232,3
510233,4
510234,3
510235,4
510236,3
510237,2
510238,6
510239,1
510240,3
510241,1
510242,1
510243,2
510244,2
510245,1
510246,2
510247,2
510248,2
510249,8
510250,2
510251,1
510252,2
510253,4
510254,3
510255,4
510256,5
510257,2
510258,2
510259,2
510260,1
510261,2
510262,2
510263,2
510264,3
510266,1
510267,2
510268,3
510269,2
510270,2
510271,1
510272,1
510273,2
510274,1
510275,1
510276,4
510277,4
510278,3
510279,1
510280,3
510281,2
510282,2
510283,3
510284,2
510285,2
510286,1
510287,6
510288,5
510289,1
510290,2
510291,1
510292,2
510293,3
510294,2
510295,5
510296,2
510297,3
510298,2
510299,2
510300,3
510301,2
510302,1
510303,2
510304,3
510305,2
510306,2
510307,2
510308,1
510309,1
510310,3
510311,1
510312,1
510313,1
510314,1
510315,3
510316,1
510317,2
510318,3
510319,4
510320,2
510321,2
510322,2
510323,7
510324,1
510325,1
510326,2
510327,2
510328,4
510329,1
510331,1
510332,4
510335,2
510336,2
510337,2
510338,2
510339,1
510340,2
510341,1
510342,1
510343,2
510344,1
510345,1
510346,3
510347,3
510348,2
510349,2
510350,5
510351,2
510352,4
510353,1
510354,2
510355,3
510356,2
510357,4
510358,2
510359,3
510360,3
510361,1
510362,2
510363,2
510364,4
510365,1
510366,2
510367,1
510368,2
510369,2
510370,2
510371,4
510372,1
510373,2
510374,1
510375,1
510376,1
510377,1
510378,2
510379,1
510380,1
510381,1
510382,1
510383,3
510384,2
510385,3
510386,3
510387,2
510388,1
510389,2
510390,2
510391,1
510392,2
510393,2
510394,2
510395,3
510396,1
510397,2
510398,1
510399,2
510400,2
510401,3
510403,2
510404,2
510405,5
510406,1
510407,2
510408,2
510409,2
510410,1
510411,1
510412,1
510413,1
510414,1
510415,3
510416,2
510417,1
510418,2
510419,2
510420,1
510421,3
510422,1
510423,3
510424,3
510425,3
510426,2
510427,1
510428,2
510429,1
510430,1
510431,1
510432,1
510433,1
510434,7
510435,2
510436,3
510437,1
510438,1
510439,2
510440,1
510441,2
510442,2
510443,5
510444,4
510445,2
510446,2
510447,2
510448,5
510449,2
510450,1
510451,2
510452,2
510453,2
510454,2
510455,2
510456,3
510457,2
510458,1
510459,2
510460,1
510461,5
510462,2
510463,1
510464,2
510465,2
510466,2
510467,2
510468,2
510469,3
510470,4
510471,1
510472,3
510473,2
510475,1
510477,2
510478,1
510479,1
510480,2
510482,2
510483,2
510484,2
510485,1
510486,2
510487,2
510488,1
510489,1
510490,1
510491,1
510492,5
510493,1
510494,2
510495,2
510496,2
510497,2
510498,1
510499,2
510500,2
510501,2
510502,3
510503,1
510504,2
510505,2
510506,2
510507,3
510508,4
510509,1
510510,1
510511,1
510512,2
510513,4
510514,2
510515,1
510516,2
510517,1
510518,3
510519,2
510520,3
510521,8
510522,2
510523,2
510524,1
510525,1
510526,2
510527,1
510528,4
510529,2
510530,2
510531,5
510532,3
510533,2
510534,1
510535,2
510536,2
510537,1
510538,1
510539,2
510540,4
510541,1
510542,1
510543,4
510544,3
510545,3
510546,4
510547,2
510548,2
510549,1
510550,7
510551,2
510552,2
510553,2
510554,2
510555,2
510556,2
510557,1
510558,1
510560,2
510561,2
510562,2
510563,1
510564,3
510565,2
510567,1
510568,2
510570,2
510571,1
510572,2
510573,2
510574,2
510575,2
510576,3
510577,2
510578,2
510579,1
510580,2
510582,3
510583,2
510584,2
510585,5
510586,2
510587,1
510588,1
510589,2
510590,3
510591,2
510592,1
510593,2
510594,6
510595,2
510596,3
510597,2
510598,2
510599,2
510600,1
510601,3
510602,2
510603,3
510604,1
510605,6
510606,1
510607,2
510608,2
510609,1
510610,1
510611,2
510612,2
510613,1
510614,1
510615,2
510616,2
510617,5
510618,1
510619,2
510620,4
510621,2
510622,2
510623,1
510624,1
510625,1
510626,3
510627,1
510628,3
510629,1
510630,1
510631,2
510632,3
510633,2
510634,1
510635,2
510636,4
510637,2
510638,4
510639,1
510640,2
510641,5
510642,2
510643,3
510644,2
510645,3
510646,2
510647,1
510648,2
510649,1
510650,3
510651,3
510652,1
510653,5
510654,1
510655,1
510656,1
510657,2
510658,1
510659,1
510660,1
510661,2
510662,1
510664,2
510665,2
510666,1
510667,1
510669,2
510670,1
510671,2
510672,2
510673,2
510674,3
510675,2
510676,2
510677,2
510678,1
510679,7
510680,1
510681,2
510682,4
510683,2
510684,3
510685,2
510686,2
510687,4
510688,2
510689,2
510690,1
510691,3
510692,2
510693,2
510694,3
510695,2
510696,1
510697,2
510698,1
510699,3
510700,1
510701,1
510702,1
510703,2
510704,2
510705,1
510706,1
510707,2
510708,2
510709,1
510710,1
510711,2
510712,2
510713,2
510714,1
510715,2
510716,2
510717,1
510718,3
510719,2
510720,1
510721,4
510722,3
510723,2
510724,2
510725,3
510726,1
510727,1
510728,2
510729,2
510730,2
510731,2
510732,1
510733,1
510734,2
510735,2
510738,1
510739,1
510740,4
510742,1
510743,2
510744,2
510745,2
510746,1
510747,4
510748,5
510749,2
510750,2
510751,1
510752,1
510753,5
510754,4
510755,1
510756,2
510757,2
510758,1
510759,1
510760,2
510761,2
510763,3
510764,1
510765,2
510766,1
510767,1
510768,2
510769,4
510770,1
510771,2
510772,2
510773,3
510774,1
510775,7
510776,1
510777,2
510778,1
510779,3
510780,4
510781,3
510782,1
510783,4
510784,2
510785,2
510786,2
510787,1
510788,2
510789,1
510790,1
510791,2
510792,2
510793,2
510795,4
510796,1
510797,2
510798,2
510799,1
510800,2
510801,3
510802,2
510803,4
510804,3
510805,2
510806,1
510807,4
510808,7
510809,2
510810,3
510811,1
510812,2
510813,2
510814,4
510815,1
510816,1
510817,2
510818,3
510819,4
510820,2
510821,1
510823,2
510824,2
510825,1
510826,1
510827,1
510828,1
510829,1
510830,1
510831,1
510832,1
510833,2
510834,3
510835,2
510836,2
510837,3
510838,1
510839,1
510840,6
510841,2
510842,1
510843,1
510844,3
510845,3
510846,2
510847,3
510848,2
510849,2
510850,2
510851,1
510852,2
510853,3
510854,2
510855,1
510856,1
510857,2
510858,1
510859,2
510860,3
510861,5
510862,1
510863,2
510864,2
510865,5
510866,2
510867,2
510868,2
510869,1
510870,2
510871,1
510872,2
510873,2
510874,1
510875,2
510876,2
510877,2
510878,1
510879,2
510880,1
530001,2
530002,3
530005,1
530006,2
530007,1
530008,4
530009,3
530010,3
530011,2
530012,2
530013,2
530014,7
530015,4
530016,2
530017,3
530019,2
530020,1
530021,3
530022,3
530023,1
530024,3
530025,1
530026,1
530027,2
530028,1
530029,7
530030,2
530031,2
530032,3
530033,2
530034,3
530036,2
530037,2
530038,6
530039,1
530042,2
530043,2
530044,1
530045,2
530046,3
530047,5
530048,2
530049,3
530050,1
530051,2
530052,2
530053,1
530055,2
530056,2
530057,2
530058,1
530059,1
530060,1
530061,5
530062,1
530063,2
530064,1
530066,1
530067,2
530068,2
530069,3
530070,3
530071,2
530072,5
530073,1
530074,2
530075,1
530076,2
530077,3
530078,5
530079,2
530080,3
530081,2
530082,2
530083,2
530084,2
530085,2
530087,1
530088,3
530089,2
530090,4
530091,3
530093,3
530095,3
530096,5
530098,3
530099,2
530100,3
530101,3
530103,1
530104,3
530105,1
530106,1
530107,2
530108,4
530109,2
530110,1
530111,2
530112,6
530114,3
530115,2
530116,1
530117,1
530118,1
530119,2
530121,3
530122,3
530123,4
530124,2
530125,1
530126,3
530127,1
530128,2
530129,3
530130,5
530131,1
530132,5
530133,3
530134,4
530135,2
530136,4
530137,3
530138,4
530139,2
530140,1
530141,3
530142,1
530143,1
530144,2
530145,2
530146,1
530147,1
530148,2
530149,2
530150,2
530151,2
530152,1
530155,4
530158,1
530159,2
530160,2
530161,1
530162,2
530163,2
530165,2
530166,2
530167,2
530168,2
530169,1
530170,2
530174,1
530175,2
530176,1
530177,1
530178,2
530179,3
530180,7
530181,3
530182,2
530183,1
530185,3
530186,1
530187,2
530188,2
530189,1
530190,2
530191,1
530192,3
530193,2
530194,1
530195,2
530196,2
530198,2
530199,4
530200,3
530201,2
530202,1
530203,1
530204,2
530205,1
530206,2
530207,1
530208,2
530209,3
530210,7
530211,1
530212,1
530213,1
530214,4
530215,4
530216,3
530217,2
530218,2
530219,3
530220,4
530221,2
530222,1
530223,5
530224,2
530226,2
530227,4
530229,2
530230,2
530231,5
530232,3
530233,2
530234,1
530235,2
530236,1
530237,1
530238,3
530240,1
530241,4
530242,2
530243,3
530244,2
530245,7
530246,1
530247,2
530248,4
530249,4
530250,2
530251,2
530252,3
530253,1
530254,1
530255,1
530256,2
530257,1
530258,2
530259,2
530260,2
530261,3
530262,2
530263,4
530264,2
530265,1
530266,1
530267,1
530268,2
530269,4
530270,2
530271,2
530273,2
530274,8
530275,2
530276,3
530277,2
530278,2
530279,3
530280,2
530281,2
530282,1
530283,1
530284,3
530285,2
530286,3
530287,3
530288,2
530289,3
530290,3
530291,1
530292,3
530293,1
530294,1
530295,1
530296,1
530297,6
530298,1
530299,2
530302,1
530303,4
530304,2
530305,2
530306,3
530307,2
530308,3
530309,4
530310,2
530311,2
530312,1
530313,2
530314,4
530315,1
530316,2
530317,1
530318,2
530319,1
530320,1
530322,2
530323,4
530324,2
530325,2
530326,1
530327,4
530328,2
530329,4
530330,1
530332,10
530333,3
530335,1
530336,2
530337,3
530338,1
530339,7
530340,2
530341,2
530342,1
530343,2
530344,1
530345,9
530346,2
530347,2
530348,5
530349,3
530350,1
530351,2
530352,4
530353,2
530354,2
530356,3
530357,2
530358,1
530359,2
530360,3
530361,2
530362,2
530363,2
530364,3
530365,1
530366,6
530367,1
530368,3
530369,3
530370,1
530371,3
530372,1
530373,2
530374,4
530375,2
530376,2
530378,2
530379,1
530380,1
530381,2
530382,4
530383,1
530384,2
530385,1
530386,1
530387,4
530388,2
530389,2
530390,2
530391,3
530392,2
530393,5
530394,3
530395,3
530396,4
530397,9
530398,3
530399,4
530400,5
530401,1
530402,3
530403,5
530404,3
530405,2
530406,4
530408,1
530409,3
530410,2
530411,3
530412,2
530413,1
530414,9
530415,4
530416,2
530417,1
530418,1
530419,1
530420,3
530421,3
530422,3
530423,5
530424,2
530425,3
530426,1
530427,1
530428,2
530429,3
530430,1
530431,2
530432,5
530433,6
530434,2
530435,2
530436,1
530437,9
530438,4
530439,4
530440,3
530441,3
530442,2
530443,1
530444,4
530445,1
530446,2
530447,1
530448,3
530449,1
530450,3
530451,3
530452,3
530453,2
530456,5
530457,2
530458,2
530459,5
530460,5
530461,3
530462,2
530463,2
530464,1
530465,1
530466,2
530467,3
530468,2
530469,2
530470,2
530471,1
530472,4
530473,2
530474,2
530475,2
530476,3
530477,3
530478,1
530479,1
530480,1
530481,1
530482,1
530483,1
530484,2
530485,1
530486,3
530487,4
530489,1
530491,2
530492,1
530493,1
530494,2
530495,3
530496,1
530498,3
530499,6
530500,1
530501,1
530502,1
530503,3
530504,5
530505,1
530506,1
530507,2
530508,2
530509,2
530510,2
530511,2
530512,3
530514,3
530515,2
530516,9
530517,5
530518,1
530519,6
530520,2
530521,2
530522,2
530523,2
530524,1
530525,3
530526,1
530527,1
530529,9
530532,3
530533,2
530534,2
530535,4
530536,2
530537,6
530538,2
530539,2
530540,5
530541,2
530542,1
530543,1
530544,2
530546,3
530547,3
530548,2
530549,2
530550,2
530551,4
530552,3
530553,1
530554,2
530555,1
530556,2
530557,4
530558,2
530559,3
530562,2
530563,3
530564,5
530565,1
530566,3
530567,2
530568,1
530569,2
530570,2
530571,1
530572,2
530573,5
530574,4
530575,3
530576,3
530577,2
530578,1
530579,2
530580,1
530581,1
530582,2
530583,2
530584,1
530585,1
530586,2
530587,3
530588,1
530589,2
530590,3
530591,2
530592,2
530593,2
530594,2
530595,8
530596,2
530597,1
530598,3
530599,2
530600,5
530601,2
530602,3
530603,2
530604,3
530605,2
530606,1
530607,2
530608,2
530611,3
530612,2
530613,1
530614,4
530615,2
530616,2
530617,2
530618,3
530619,2
530620,2
530621,2
530622,4
530623,2
530624,1
530625,2
530626,3
530627,3
530628,1
530629,5
530630,3
530631,8
530632,4
530633,5
530634,2
530635,2
530636,3
530637,1
530638,2
530639,5
530640,2
530641,2
530642,2
530643,3
530644,2
530646,2
530647,1
530648,2
530649,4
530650,1
530651,2
530652,3
530653,1
530654,3
530655,1
530656,1
530657,2
530658,2
530659,2
530660,2
530661,3
530662,3
530663,1
530664,2
530665,3
530666,4
530667,2
530668,2
530669,1
530670,2
530671,1
530672,7
530673,3
530674,2
530675,2
530676,2
530677,2
530678,2
530679,2
530680,3
530681,4
530682,2
530683,4
530684,2
530686,1
530687,1
530688,2
530689,1
530690,3
530691,2
530692,3
530693,3
530694,7
530695,3
530696,2
530697,7
530699,2
530700,3
530701,2
530702,2
530703,2
530704,4
530705,2
530706,2
530707,2
530708,2
530709,2
530710,19
530712,3
530713,2
530714,4
530715,2
530716,1
530717,2
530718,3
530719,4
530720,3
530721,2
530722,2
530723,2
530724,2
530725,1
530726,2
530727,2
530728,2
530730,2
530731,3
530732,3
530734,2
530735,6
530736,3
530737,4
530738,3
530739,2
530740,2
530741,2
530742,1
530743,1
530744,3
530746,1
530747,2
530748,7
530750,2
530751,4
530752,4
530753,2
530754,1
530755,2
530756,1
530757,1
530758,4
530759,1
530760,1
530761,2
530762,3
530763,2
530766,1
530767,1
530768,2
530769,2
530770,3
530771,4
530772,2
530773,6
530774,2
530775,2
530776,2
530777,1
530779,3
530780,2
530781,1
530782,1
530783,1
530784,2
530785,2
530786,2
530787,4
530788,1
530789,2
530790,1
530791,2
530793,2
530794,2
530797,2
540001,3
540002,3
540003,1
540004,2
540005,1
540006,5
540007,1
540008,1
540009,2
540010,1
540011,2
540012,1
540013,1
540014,1
540015,2
540016,3
540017,1
540018,5
540019,2
540020,3
540021,2
540022,1
540023,3
540024,4
540025,3
540026,1
540027,3
540028,1
540029,2
540030,1
540031,5
540032,3
540033,3
540034,2
540035,2
540036,3
540037,5
540038,1
540039,1
540040,1
540041,3
540042,3
540043,2
540044,9
540045,3
540046,2
540047,6
540048,2
540049,1
540050,1
540051,1
540052,3
540053,5
540054,3
540055,2
540056,1
540057,4
540058,2
540059,1
540060,5
540061,2
540062,1
540063,1
540064,1
540065,2
540066,9
540067,1
540069,3
540070,1
540071,2
540072,4
540073,2
540074,2
540075,2
540076,2
540077,1
540078,2
540079,3
540080,5
540081,1
540082,4
540083,2
540084,3
540085,2
540086,4
540087,1
540088,3
540089,2
540090,4
540091,1
540092,2
540093,2
540094,2
540095,1
540096,5
540097,2
540098,1
540099,2
540100,3
540101,3
540102,2
540103,2
540104,2
540105,2
540106,1
540107,2
540108,1
540109,1
540110,1
540111,4
540112,6
540113,3
540114,1
540115,1
540116,2
540117,1
540118,5
540119,3
540120,1
540121,5
540122,1
540123,2
540124,1
540125,3
540126,5
540127,3
540128,1
540129,1
540130,1
540131,4
540132,3
540133,1
540134,2
540135,3
540136,2
540137,6
540138,1
540139,3
540140,1
540141,5
540142,4
540143,2
540144,2
540145,2
540146,4
540147,3
540148,2
540149,2
540150,1
540151,1
540152,2
540153,4
540154,2
540155,1
540156,4
540157,2
540158,4
540159,2
540160,1
540161,4
540162,2
540163,7
540164,1
540165,4
540166,2
540167,10
540168,1
540169,2
540170,2
540171,3
540172,2
540173,2
540174,4
540175,1
540176,1
540177,1
540178,1
540179,5
540180,2
540181,2
540182,2
540183,1
540184,3
540185,2
540186,2
540187,2
540188,5
540189,1
540190,3
540191,1
540192,2
540193,5
540194,7
540195,2
540196,2
540197,2
540198,1
540199,2
540200,3
540201,4
540202,1
540203,2
540204,3
540205,1
540206,2
540207,2
540208,2
540209,1
540210,2
540211,4
540212,2
540213,1
540214,2
540215,1
540216,2
540217,3
540218,8
540219,2
540220,2
540221,3
540222,2
540223,1
540224,2
540225,1
540226,1
540227,4
540228,1
540229,6
540230,1
540231,3
540232,4
540233,5
540234,2
550001,2
550002,2
550003,3
550005,3
550006,1
550007,1
550008,2
550009,2
550010,3
550011,4
550012,3
550013,1
550014,1
550015,2
550016,6
550017,4
550018,5
550019,1
550020,2
550021,4
550022,2
550023,1
550024,1
550025,1
550026,3
550027,3
550028,6
550029,5
550030,7
550031,3
550032,3
550033,1
550034,1
550035,2
550036,3
550037,2
550038,9
550039,2
550040,2
550041,2
550042,3
550043,2
550044,1
550045,4
550046,4
550047,2
550048,2
550049,3
550050,4
550051,2
550052,2
550053,4
550054,1
550055,3
550056,5
550057,2
550058,3
550059,4
550060,1
550061,3
550062,2
550063,3
550064,1
550065,2
550066,2
550067,6
550068,1
550069,3
550070,2
550072,1
550073,1
550074,4
550075,1
550076,1
550077,2
550078,6
550079,1
550080,1
550081,3
550082,1
550083,1
550084,4
550085,4
550086,4
550087,2
550088,1
550089,2
550090,1
550091,2
550092,2
550093,1
550094,2
550095,2
550096,1
550097,1
550098,4
550099,3
550100,2
550101,1
550102,2
550103,4
550104,2
550105,2
550106,1
550107,2
550108,3
550109,3
550110,4
550111,2
550112,1
550113,2
550114,2
550115,3
550116,5
550117,3
550118,2
550119,7
550120,2
550121,2
550122,4
550123,1
550124,2
550125,1
550126,1
550127,2
550128,3
550129,1
550130,2
550131,2
550132,1
550134,1
550135,2
550136,3
550137,4
550138,1
550139,3
550140,1
550141,2
550142,2
550143,2
550144,2
550145,2
550146,2
550147,1
550148,2
550149,2
550150,2
550151,5
550152,1
550153,1
550154,4
550155,1
550156,2
550157,5
550158,2
550159,5
550160,1
550161,2
550162,3
550163,4
550164,1
550165,1
550167,2
550168,2
550169,2
550170,3
550171,1
550172,5
550173,4
550174,14
550175,2
550176,2
550177,1
550178,2
550179,1
550180,3
550181,1
550182,3
550183,2
550184,2
550185,1
550186,2
550187,2
550188,3
550189,4
550190,2
550191,1
550192,3
550193,5
550194,2
550195,3
550196,1
550197,1
550198,1
550199,1
550200,2
550201,2
550202,1
550203,1
550204,5
550205,2
550206,6
550207,2
550208,6
550209,2
550210,1
550211,5
550212,1
550213,1
550214,3
550215,7
550216,2
550217,2
550218,3
550219,2
550220,2
550221,2
550222,2
550223,1
550224,3
550225,1
550226,3
550228,12
550229,2
550230,1
550231,4
550232,2
550233,3
550234,1
550235,5
550236,1
550237,2
550238,1
550239,1
550240,3
550241,2
550242,2
550243,1
550244,2
550245,3
550246,1
550247,1
550248,3
550249,2
550250,1
550251,4
550253,2
550255,2
550256,1
550257,3
550258,2
550259,3
550260,5
550261,1
550262,4
550263,1
550264,1
550265,2
550266,3
550267,2
550268,2
550269,6
550270,2
550271,2
550272,3
550273,2
550274,3
550275,2
550276,1
550277,1
550278,6
550279,3
550280,2
550281,2
550282,2
550283,3
550284,2
550285,5
550286,3
550287,5
550288,2
550290,1
550291,1
550292,3
550293,3
550294,2
550295,1
550296,1
550297,2
550298,1
550299,1
550300,1
550301,2
550302,2
550303,1
550304,3
550305,4
550306,3
550307,2
550308,2
550309,2
550310,2
550311,3
550312,1
550313,2
550314,1
550315,6
550316,1
550317,1
550318,1
550319,2
550320,2
550321,1
550322,2
550323,2
550324,1
550325,1
550326,5
550327,2
550328,3
550329,3
550330,2
550331,1
550332,2
550333,4
550335,2
550337,1
550338,1
550339,3
550340,3
550341,4
550342,3
550343,2
550344,10
550345,1
550346,1
550347,3
550348,2
550349,2
550350,9
550351,1
550352,1
550353,2
550354,1
550355,1
550356,3
550357,1
550358,3
550359,1
550360,2
550361,5
550362,3
550363,3
550364,3
550365,3
550366,3
550367,2
550368,2
550369,1
550370,1
550371,2
550372,1
550373,1
550374,1
550375,4
550376,2
550377,1
550378,2
550379,3
550380,2
550381,2
550382,2
550384,5
550385,2
550386,2
550387,2
550388,2
550389,7
550390,1
550391,4
550392,1
550393,1
550394,2
550395,2
550396,8
550397,4
550398,2
550399,4
550400,1
550401,2
550402,3
550403,6
550404,3
550405,2
550407,1
550408,1
550409,1
550410,1
550411,2
550412,2
550413,12
550414,1
550416,3
550417,3
550418,1
550419,2
550422,1
550423,3
550424,3
550425,6
550426,2
550427,1
550428,2
550429,2
550430,4
550431,1
550432,2
550433,2
550434,5
550435,3
550436,1
550437,1
550438,2
550439,1
550440,1
550441,5
550442,3
550443,2
550444,1
550445,2
550446,2
550447,1
550448,1
550449,1
550450,1
550451,3
550452,3
550454,2
550455,5
550456,3
550457,1
550458,1
550459,2
550460,2
550461,1
550462,1
550463,6
550464,1
550465,3
550466,3
550467,2
550468,5
550469,1
550470,1
550471,2
550472,3
550473,1
550474,3
550476,2
550477,2
550478,1
550479,3
550480,2
550481,1
550482,3
550483,1
550484,2
550485,3
550486,3
550487,3
550488,1
550489,1
550490,2
550491,3
550492,2
550493,2
550494,3
550495,2
550496,2
550497,3
550498,3
550499,4
550500,2
550501,4
550502,2
550504,2
550505,2
550506,2
550507,1
550508,2
550509,2
550510,2
550511,3
550512,3
550513,2
550514,4
550515,4
550516,6
550517,2
550518,1
550519,3
550520,3
550521,2
550522,8
550523,1
550524,3
550525,3
550526,3
550527,2
550528,2
550529,4
550530,2
550531,1
550533,2
550534,1
550535,1
550536,2
550537,1
550538,2
550539,1
550540,1
550541,1
550542,1
550543,1
550545,1
550546,1
550547,2
550548,1
550549,1
550550,1
550551,1
550552,2
550553,1
560001,3
560002,2
560003,2
560004,5
560005,3
560006,2
560007,12
560008,4
560009,3
560010,2
560011,3
560012,3
560013,1
560014,2
560015,2
560016,3
560017,2
560018,2
560019,3
560020,3
560021,2
560022,3
560023,4
560024,3
560025,1
560026,2
560027,3
560028,5
560029,4
560030,2
560031,2
560032,1
560033,1
560034,2
560035,3
560036,7
560037,3
560038,1
560039,3
560040,1
560041,4
560042,6
560043,2
560044,1
560045,1
560046,5
560047,2
560048,2
560049,1
560050,3
560051,1
560052,1
560053,1
560054,4
560055,2
560056,2
560057,3
560058,2
560059,3
560060,2
560061,1
560062,3
560063,1
560064,7
560065,1
560066,2
560067,2
560068,4
560069,2
560070,5
560071,1
560072,4
560073,2
560074,1
560075,4
560076,1
560077,2
560078,1
560079,1
560080,1
560081,3
560082,2
560083,3
560084,2
560085,3
560086,2
560087,2
560088,1
560089,1
560090,3
560091,1
560092,1
560093,2
560094,1
560095,2
560096,1
560097,1
560098,1
560099,1
560100,1
560101,2
560102,1
560103,2
560104,1
560105,1
560106,3
560107,2
560108,4
560109,2
560110,4
560111,1
560112,1
560113,3
560114,1
560115,2
560116,3
560117,6
560118,1
560119,2
560120,6
560121,1
