ST_CASE,VEHICLE_RECORD_COUNT
10001,1
10002,1
10003,1
10004,1
10005,1
10006,1
10007,2
10008,1
10009,1
10010,2
10011,1
10012,1
10013,2
10014,1
10015,2
10016,1
10017,2
10018,1
10019,2
10020,2
10021,1
10022,1
10023,2
10024,1
10025,1
10026,3
10027,1
10028,1
10029,3
10030,2
10031,2
10032,2
10033,1
10034,2
10035,2
10037,2
10038,1
10039,1
10040,2
10041,1
10042,1
10043,1
10044,1
10045,3
10046,2
10047,2
10048,1
10049,1
10050,1
10051,2
10052,1
10053,1
10054,1
10055,2
10056,1
10057,2
10058,1
10059,2
10060,2
10061,1
10062,1
10063,1
10064,2
10065,1
10066,2
10067,1
10068,1
10069,2
10070,2
10071,2
10072,1
10073,2
10074,2
10075,2
10076,2
10077,1
10078,1
10079,1
10080,2
10081,1
10082,1
10083,2
10084,2
10085,2
10086,1
10087,1
10088,1
10089,2
10090,2
10091,2
10092,1
10093,1
10094,4
10095,1
10096,2
10097,2
10098,2
10099,2
10100,3
10101,1
10102,2
10103,1
10104,1
10105,1
10106,2
10107,1
10108,2
10109,1
10110,1
10111,2
10112,1
10113,1
10114,1
10115,1
10116,1
10117,1
10118,1
10119,1
10120,2
10121,1
10122,2
10123,1
10124,2
10125,2
10126,2
10127,1
10128,2
10129,1
10130,1
10131,1
10132,2
10133,2
10134,2
10136,1
10137,1
10138,1
10139,2
10140,1
10141,1
10142,1
10143,2
10144,2
10145,1
10146,2
10147,2
10148,2
10149,2
10150,2
10151,1
10152,2
10153,2
10154,2
10155,3
10156,2
10157,1
10158,1
10159,2
10160,3
10161,1
10162,1
10163,1
10164,2
10165,1
10166,1
10167,1
10168,1
10169,1
10170,2
10171,3
10172,1
10173,1
10174,2
10175,1
10176,2
10177,1
10178,2
10179,1
10180,1
10181,2
10182,1
10183,1
10184,1
10185,2
10186,1
10187,1
10188,1
10189,1
10190,1
10191,2
10192,1
10193,1
10194,1
10195,2
10196,1
10197,2
10198,2
10199,2
10200,1
10201,2
10202,1
10203,2
10204,3
10205,1
10206,1
10207,3
10208,2
10209,1
10210,1
10211,2
10212,2
10213,2
10214,2
10215,1
10217,2
10218,2
10219,1
10220,1
10221,2
10222,1
10223,1
10224,2
10225,1
10226,2
10227,1
10228,1
10229,1
10230,1
10231,3
10232,2
10233,2
10234,4
10235,2
10236,1
10237,2
10238,1
10239,2
10240,1
10241,2
10242,1
10243,1
10244,2
10245,1
10246,1
10247,1
10248,2
10249,1
10250,2
10251,1
10252,1
10253,1
10254,2
10255,1
10256,1
10257,2
10258,1
10259,3
10260,1
10261,2
10262,1
10263,1
10264,1
10265,1
10266,1
10267,1
10268,1
10269,1
10270,1
10271,2
10272,1
10273,2
10274,2
10275,1
10276,1
10277,1
10278,1
10279,1
10280,2
10281,2
10282,1
10283,1
10284,2
10285,4
10286,2
10287,1
10288,1
10289,1
10290,1
10291,1
10292,1
10293,1
10294,1
10295,1
10296,1
10297,1
10298,2
10299,4
10300,1
10301,1
10302,2
10303,2
10304,4
10305,1
10306,1
10307,1
10308,2
10309,2
10310,1
10311,2
10312,1
10313,2
10314,1
10315,1
10316,2
10317,2
10318,1
10319,2
10320,1
10322,2
10323,1
10324,1
10325,1
10326,2
10327,1
10328,2
10329,1
10330,1
10331,1
10332,2
10333,1
10334,3
10335,2
10336,2
10337,1
10338,2
10339,1
10340,1
10341,1
10342,1
10343,1
10344,3
10345,2
10346,1
10347,7
10348,2
10349,1
10350,3
10351,1
10352,3
10353,1
10354,1
10355,1
10356,2
10357,1
10358,1
10359,2
10360,2
10361,1
10362,1
10363,1
10364,2
10365,1
10366,1
10367,2
10368,2
10369,1
10370,3
10371,2
10372,1
10373,1
10374,1
10375,2
10376,1
10377,1
10378,1
10379,1
10380,1
10381,1
10382,1
10383,1
10384,1
10385,1
10386,2
10387,2
10388,2
10389,2
10390,2
10391,2
10392,2
10393,2
10394,2
10395,1
10396,1
10397,1
10398,1
10399,2
10400,2
10401,1
10402,1
10403,1
10404,1
10405,2
10406,2
10407,2
10408,2
10409,1
10410,1
10411,1
10412,1
10413,2
10414,2
10415,2
10416,2
10417,2
10418,2
10419,2
10420,2
10421,1
10422,1
10423,1
10424,3
10425,1
10426,1
10427,1
10428,2
10429,3
10430,1
10431,2
10432,2
10433,1
10434,1
10435,2
10436,1
10437,2
10438,1
10439,1
10440,1
10441,1
10442,2
10443,1
10445,1
10446,1
10447,2
10448,2
10449,1
10450,2
10451,1
10452,1
10453,4
10454,3
10455,1
10456,1
10457,1
10458,1
10459,1
10460,1
10461,1
10462,2
10463,2
10464,2
10465,2
10466,1
10467,2
10468,2
10469,2
10470,1
10471,1
10472,3
10473,4
10474,1
10475,4
10476,1
10477,1
10478,1
10479,1
10480,2
10481,2
10482,2
10483,1
10484,1
10485,1
10486,1
10487,1
10488,1
10489,1
10490,2
10491,1
10492,2
10493,2
10494,1
10495,2
10496,2
10497,2
10498,1
10499,3
10500,1
10501,2
10502,1
10503,2
10504,1
10505,1
10506,1
10507,2
10508,1
10509,1
10510,2
10511,1
10512,1
10513,1
10514,2
10515,2
10516,1
10517,1
10518,1
10519,1
10520,2
10521,1
10522,1
10523,1
10524,1
10525,1
10527,1
10528,1
10529,1
10530,3
10531,1
10532,2
10533,1
10534,2
10535,1
10536,1
10537,3
10538,2
10539,1
10540,2
10541,2
10542,1
10543,1
10544,1
10545,1
10546,3
10547,2
10548,2
10549,2
10550,1
10551,1
10552,2
10553,1
10554,2
10555,1
10556,1
10557,1
10558,2
10559,2
10560,1
10561,2
10562,1
10563,1
10564,1
10565,1
10566,1
10567,1
10568,1
10569,1
10570,1
10571,2
10572,2
10573,1
10574,1
10575,1
10576,1
10577,1
10578,1
10579,1
10580,2
10581,3
10582,2
10583,3
10584,1
10585,2
10586,2
10587,2
10589,3
10590,2
10591,2
10592,1
10593,1
10594,2
10595,3
10596,2
10597,2
10598,2
10599,2
10600,1
10601,1
10602,1
10603,2
10604,2
10605,1
10606,1
10607,1
10608,1
10609,1
10610,2
10611,1
10612,2
10614,2
10615,1
10616,1
10617,1
10618,2
10619,1
10620,1
10621,2
10622,1
10623,1
10624,1
10625,1
10626,2
10627,1
10628,1
10629,2
10630,1
10631,2
10632,1
10633,1
10634,1
10635,1
10636,1
10637,1
10638,3
10639,1
10640,2
10641,2
10642,2
10643,1
10644,2
10645,1
10646,1
10647,1
10648,2
10649,1
10650,1
10651,2
10652,3
10653,1
10654,2
10655,1
10656,2
10657,1
10658,2
10659,2
10660,2
10661,1
10662,2
10663,2
10664,2
10665,2
10666,2
10667,3
10668,2
10669,1
10670,2
10671,2
10672,1
10673,1
10674,1
10675,1
10676,1
10677,1
10678,2
10679,1
10680,1
10681,2
10682,1
10683,2
10684,1
10685,2
10686,1
10687,1
10688,1
10689,2
10690,1
10691,2
10692,1
10693,2
10694,2
10695,1
10696,2
10697,3
10698,2
10699,1
10700,2
10701,1
10702,1
10703,2
10704,2
10705,2
10706,1
10708,2
10709,1
10710,2
10711,4
10712,3
10713,1
10714,5
10715,1
10716,2
10717,1
10718,1
10719,1
10720,1
10721,1
10722,1
10723,1
10724,1
10725,1
10726,2
10727,2
10728,2
10729,1
10730,3
10731,1
10732,2
10733,1
10734,1
10735,1
10736,2
10738,2
10739,2
10740,2
10741,2
10742,1
10743,2
10744,1
10745,2
10746,1
10747,1
10748,2
10749,1
10750,1
10751,1
10752,1
10753,1
10754,1
10755,1
10756,1
10757,1
10758,1
10759,2
10761,3
10762,2
10763,1
10764,2
10765,2
10766,6
10767,2
10768,3
10769,2
10770,2
10771,2
10772,1
10773,2
10774,1
10775,2
10776,3
10777,2
10778,1
10779,1
10780,1
10781,1
10782,1
10783,1
10784,1
10785,3
10786,1
10787,1
10788,1
10789,1
10790,2
10792,1
10793,2
10794,1
10795,3
10796,3
10797,1
10798,5
10799,1
10800,2
10801,2
10802,2
10803,1
10804,1
10805,1
10806,1
10807,1
10808,1
10809,1
10810,3
10811,1
10812,1
10813,1
10814,1
10815,1
10816,1
10817,2
10818,3
10819,1
10820,2
10821,1
10822,1
10823,1
10824,1
10826,2
10827,3
10828,1
10829,1
10830,3
10831,1
10832,1
10833,1
10834,2
10835,3
10836,2
10837,2
10838,2
10839,2
10840,1
10842,1
10843,1
10844,1
10845,1
10846,1
10847,1
10848,1
10849,2
10850,2
10851,6
10852,4
10853,2
10854,3
10855,1
10856,1
10857,4
10858,1
10859,2
10860,2
10861,2
10862,4
10863,1
10864,1
10865,1
10866,2
10867,1
10868,2
10869,2
10870,1
10871,1
10872,2
10873,1
10874,2
10875,2
10876,2
10877,2
10878,2
10879,3
10880,2
10881,1
10883,2
10884,1
10885,2
10886,1
10887,1
10888,4
10889,1
10890,2
10891,2
10892,1
10893,2
10894,1
10895,1
10896,1
10897,1
10898,3
10899,1
10900,3
10901,1
10902,2
10903,1
10904,1
10905,2
10906,2
10907,1
10908,1
20001,2
20002,2
20004,2
20005,1
20006,2
20007,2
20008,2
20009,2
20010,2
20011,3
20013,2
20014,1
20015,1
20016,1
20017,1
20018,1
20019,2
20020,3
20021,1
20022,3
20023,1
20024,1
20025,1
20027,1
20028,1
20029,1
20030,1
20031,1
20032,3
20033,1
20034,1
20035,1
20036,1
20037,1
20038,1
20039,1
20040,1
20041,2
20042,2
20043,3
20044,2
20045,1
20046,1
20047,2
20048,2
20049,2
20050,2
20051,2
20052,1
20053,2
20054,1
20055,1
20056,2
20060,1
20061,1
20062,2
20063,1
40001,3
40002,2
40003,1
40004,1
40005,2
40006,4
40007,2
40008,1
40009,2
40010,2
40011,2
40012,1
40013,2
40014,1
40015,2
40016,2
40018,2
40019,1
40020,1
40021,5
40022,1
40023,1
40024,4
40025,2
40026,2
40027,2
40028,1
40029,3
40030,1
40032,2
40033,1
40034,6
40035,2
40036,1
40037,2
40038,1
40039,1
40040,2
40042,1
40043,2
40044,3
40045,2
40046,1
40047,1
40048,2
40049,2
40050,3
40051,1
40052,2
40053,1
40054,1
40055,2
40056,1
40057,2
40058,3
40059,2
40060,2
40061,1
40062,2
40063,1
40064,2
40065,2
40066,2
40068,2
40069,1
40070,3
40071,3
40073,2
40074,1
40075,1
40076,1
40077,2
40078,1
40079,1
40080,1
40081,2
40082,1
40083,1
40084,2
40085,1
40086,4
40087,6
40088,2
40089,2
40090,1
40091,2
40092,2
40093,2
40094,1
40095,2
40096,1
40097,2
40098,1
40099,3
40100,1
40101,2
40102,1
40103,1
40104,1
40105,2
40106,2
40107,1
40108,1
40109,1
40110,1
40111,2
40112,1
40113,1
40114,1
40115,2
40116,2
40117,1
40118,1
40119,1
40120,1
40121,2
40122,2
40123,2
40124,1
40125,1
40126,1
40127,2
40128,4
40129,1
40130,1
40131,2
40132,1
40133,2
40134,1
40135,2
40136,3
40137,3
40138,2
40139,1
40140,1
40141,2
40142,1
40143,2
40144,3
40145,1
40146,1
40147,1
40148,1
40149,2
40150,2
40152,1
40153,1
40154,2
40155,1
40156,1
40157,2
40158,1
40159,1
40160,5
40161,2
40162,1
40163,1
40164,1
40165,2
40167,2
40168,1
40169,2
40171,1
40172,2
40174,1
40175,1
40176,2
40177,2
40178,1
40179,1
40181,3
40182,1
40183,1
40184,2
40185,1
40186,2
40187,2
40188,1
40189,1
40190,1
40191,1
40192,2
40193,2
40194,1
40195,1
40196,2
40197,1
40198,2
40199,2
40200,1
40201,1
40202,1
40203,2
40204,1
40205,1
40206,1
40207,1
40208,2
40209,2
40210,1
40211,2
40212,5
40213,2
40214,1
40215,2
40216,1
40217,2
40218,2
40219,1
40220,2
40221,1
40223,2
40224,2
40225,2
40226,1
40227,1
40228,2
40229,1
40230,1
40231,2
40232,1
40233,1
40234,1
40235,2
40236,2
40237,2
40238,1
40239,1
40240,1
40241,1
40242,2
40243,2
40244,1
40246,2
40247,1
40248,1
40249,1
40250,3
40251,1
40252,2
40253,1
40254,4
40255,1
40256,1
40257,1
40258,1
40259,4
40260,7
40261,2
40262,1
40263,2
40264,1
40265,1
40266,1
40267,2
40268,1
40269,1
40270,2
40271,1
40272,2
40273,3
40274,1
40276,2
40277,1
40278,1
40279,1
40280,2
40281,5
40282,2
40283,1
40284,1
40285,1
40286,2
40287,2
40288,1
40290,1
40291,2
40292,3
40293,2
40295,1
40296,1
40297,2
40298,1
40299,1
40300,2
40301,2
40302,2
40303,1
40304,1
40305,2
40306,1
40307,2
40308,1
40309,4
40310,1
40313,1
40314,3
40315,1
40316,1
40317,1
40318,2
40319,1
40320,1
40321,2
40322,2
40323,3
40324,1
40325,1
40326,2
40327,2
40328,2
40329,1
40330,2
40331,2
40332,1
40333,2
40334,1
40335,2
40336,1
40337,4
40338,2
40339,1
40340,3
40341,2
40342,2
40343,3
40344,2
40345,2
40346,1
40347,1
40348,2
40349,2
40350,2
40351,2
40352,1
40353,2
40354,2
40355,1
40356,1
40357,2
40358,2
40359,2
40360,2
40361,2
40362,1
40363,3
40364,2
40365,2
40366,2
40367,2
40368,4
40369,1
40370,1
40371,1
40372,2
40373,2
40374,1
40375,1
40376,1
40377,1
40378,2
40379,2
40380,2
40381,2
40382,1
40383,2
40384,3
40385,1
40386,1
40387,1
40388,2
40389,1
40390,1
40391,1
40392,1
40393,1
40394,1
40395,4
40396,2
40397,2
40398,2
40399,1
40400,1
40401,2
40402,1
40403,1
40404,1
40405,1
40406,2
40407,3
40408,1
40409,2
40410,2
40411,2
40412,1
40413,1
40414,2
40415,1
40416,2
40417,2
40418,2
40419,1
40420,2
40421,2
40422,1
40423,2
40424,1
40425,2
40426,1
40427,1
40428,2
40429,2
40430,2
40431,1
40432,2
40433,2
40434,1
40435,2
40436,2
40437,1
40438,1
40439,1
40440,3
40441,2
40442,1
40443,2
40444,3
40445,2
40446,1
40447,1
40448,1
40449,1
40450,1
40451,1
40452,2
40453,1
40454,2
40455,1
40456,1
40457,1
40458,2
40459,2
40460,1
40461,2
40462,1
40463,1
40464,3
40465,2
40466,1
40467,2
40468,1
40469,1
40470,2
40472,2
40473,2
40474,1
40475,1
40476,2
40477,3
40478,2
40479,1
40480,4
40481,3
40482,1
40483,2
40484,2
40485,1
40486,2
40487,1
40488,2
40489,1
40490,1
40491,1
40492,1
40493,1
40494,2
40495,1
40496,2
40497,1
40498,1
40499,2
40500,3
40501,2
40502,1
40503,2
40504,2
40505,1
40506,1
40507,1
40508,1
40509,1
40510,1
40511,1
40512,5
40513,1
40514,1
40516,1
40517,1
40518,2
40519,1
40520,1
40521,1
40522,2
40523,2
40524,2
40525,2
40526,1
40527,2
40528,3
40529,2
40530,2
40531,2
40532,1
40533,4
40534,1
40535,2
40536,1
40537,2
40538,2
40539,1
40540,2
40541,1
40542,1
40543,1
40544,2
40545,2
40546,2
40547,1
40548,2
40549,2
40550,2
40551,1
40552,2
40553,1
40554,1
40555,2
40556,2
40557,1
40558,1
40559,2
40560,2
40561,2
40562,2
40563,1
40564,4
40565,4
40566,2
40567,2
40568,2
40569,1
40570,1
40572,2
40573,2
40574,3
40575,1
40576,2
40577,1
40578,1
40579,1
40580,2
40581,2
40582,2
40584,2
40585,2
40586,2
40587,1
40588,1
40589,1
40590,1
40591,2
40592,1
40593,4
40594,3
40595,1
40596,2
40597,2
40598,3
40599,2
40600,2
40601,1
40602,1
40603,2
40604,2
40606,2
40607,2
40608,2
40609,2
40610,2
40611,2
40612,3
40613,2
40614,2
40615,3
40616,2
40617,1
40618,2
40619,2
40620,1
40621,3
40623,1
40624,2
40625,2
40626,6
40627,3
40628,2
40629,2
40630,3
40631,2
40632,1
40633,2
40634,1
40635,1
40636,1
40637,3
40638,1
40639,3
40640,1
40641,2
40642,2
40643,3
40644,1
40645,2
40646,1
40647,1
40648,2
40649,2
40650,2
40651,2
40652,2
40653,2
40654,2
40655,2
40656,1
40657,1
40658,1
40659,1
40660,1
40661,2
40662,1
40664,1
40665,1
40666,1
40668,2
40669,2
40670,1
40671,1
40672,1
40673,6
40674,1
40675,2
40676,1
40677,1
40678,1
40679,1
40680,2
40681,1
40682,1
40683,2
40684,2
40685,2
40686,2
40687,1
40688,2
40689,2
40690,2
40692,2
40693,2
40694,4
40695,1
40696,3
40697,3
40698,3
40699,2
40700,1
40702,2
40703,2
40704,2
40705,1
40706,2
40707,2
40708,4
40709,1
40710,2
40711,3
40712,1
40713,1
40714,1
40715,1
40717,1
40718,1
40719,2
40720,2
40722,1
40723,1
40724,2
40725,2
40726,2
40727,1
40728,1
40729,2
40731,1
40732,1
40733,2
40734,3
40735,1
40736,1
40737,1
40738,3
40739,1
40740,2
40741,1
40742,1
40743,1
40744,4
40746,2
40747,1
40748,5
40749,3
40750,1
40751,2
40752,2
40753,2
40754,2
40755,2
40756,1
40757,2
40758,2
40759,1
40761,2
40762,1
40763,1
40764,2
40765,2
40766,1
40767,1
40768,1
40769,2
40770,1
40771,2
40772,1
40773,1
40774,1
40775,2
40776,3
40777,2
40778,1
40779,2
40780,1
40781,1
40782,1
40783,2
40784,1
40785,2
40786,1
40788,2
40789,1
40790,2
40791,2
40792,1
40793,1
40794,4
40795,1
40796,2
40797,2
40798,1
40799,2
40800,2
40801,2
40802,2
40803,2
40804,2
40805,2
40806,1
40807,2
40808,1
40809,2
40810,1
40811,1
40812,1
40813,2
40814,1
40815,1
40816,2
40817,3
40818,1
40819,1
40820,2
40821,3
40822,2
40823,1
40824,2
40825,2
40826,1
40827,1
40828,2
40829,3
40830,2
40832,1
40833,3
40834,1
40835,1
40836,1
40837,2
40838,2
40840,1
40841,2
40842,3
40843,1
40844,2
40845,3
40846,1
40847,3
40848,2
40849,1
40850,3
40851,1
40852,1
40853,1
40854,2
40856,2
40857,1
40858,2
40859,1
40860,1
40861,1
40862,3
40864,1
40865,1
40866,1
40867,2
40868,1
40869,2
40870,2
40871,3
40872,1
40873,1
40874,3
40875,2
40876,2
40877,1
40878,2
40879,2
40880,3
40881,2
40882,2
40883,2
40884,2
40885,1
40886,2
40887,1
40888,1
40889,2
40890,1
40891,1
40892,2
40893,1
40894,1
40895,1
40896,2
40897,3
40898,2
40899,1
40900,2
40901,1
40902,1
40903,2
40904,1
40905,2
40906,2
40907,3
40908,1
40909,2
40910,1
40911,1
40912,3
40913,1
40914,1
40915,2
40916,1
40917,2
40918,2
40919,2
40920,2
40921,2
40922,1
40923,2
40924,1
40925,4
40926,2
40927,1
40928,2
40929,1
40931,1
40932,1
40933,1
40934,2
40935,2
40937,2
40938,1
40939,2
40940,1
40941,2
40942,1
40943,1
40944,1
40945,2
40946,1
40947,2
40948,1
40949,1
40950,3
40951,1
40952,2
40953,1
40954,2
40955,1
40956,2
40957,1
40958,1
40959,2
40960,1
40961,2
40962,2
40963,1
40964,1
40965,2
40968,1
40969,1
40970,1
40971,1
40973,1
40974,1
40975,1
40977,1
40978,2
40979,2
40980,2
40981,2
40982,1
40983,1
40984,1
40985,1
40986,2
40987,1
40988,2
40989,1
40990,1
40991,1
40992,1
40993,1
40994,2
40995,1
40996,2
40997,2
40998,2
40999,3
41000,1
41001,2
41002,1
41003,1
41004,1
41005,1
41006,1
41007,1
41008,1
41009,1
41010,2
41011,3
41012,2
41013,1
41014,2
41015,2
41017,1
41018,1
41019,2
41020,1
41021,2
41022,1
41023,1
41024,2
41025,1
41026,2
41027,2
41028,2
41029,1
41030,3
41031,1
41032,1
41033,2
41034,4
41035,2
41036,5
41037,5
41039,1
41040,1
41042,2
41043,2
41044,3
41045,2
41046,1
41047,2
41048,1
41049,2
41050,2
41051,1
41052,2
41053,1
41054,2
41056,2
41057,1
41058,2
41059,1
41060,2
41061,3
41062,3
41063,1
41064,1
41065,1
41066,1
41067,1
41068,1
41069,2
41070,3
41071,2
41072,1
41073,2
41074,2
41075,2
41076,3
41077,1
41078,2
41079,1
41080,1
41081,3
41082,1
41083,1
41084,1
41085,1
41086,2
41087,1
41088,1
41090,1
41091,1
41092,1
41093,1
41094,1
41095,1
41096,2
41097,1
41098,2
41099,2
41100,1
41101,1
41102,1
41103,2
41104,1
41105,2
41106,1
41107,1
41108,2
41109,1
41110,2
41111,1
41112,1
41113,1
41114,1
41115,1
41117,1
41118,1
41119,1
41120,2
41121,2
41122,2
41123,1
41124,1
41125,1
41126,2
41127,1
41128,1
41129,1
41130,1
41131,1
41132,1
41133,1
41134,2
41135,1
41136,1
41137,2
41138,1
41139,1
41140,2
41141,1
41142,1
41143,1
41144,1
41145,2
41146,1
41147,1
41148,1
41149,1
41150,1
41151,1
41152,1
41153,1
41154,1
41155,1
41156,4
41157,2
41158,2
41159,2
41160,1
41161,1
41162,1
41163,1
41164,1
41165,3
41166,3
41167,2
41168,1
41169,1
41170,2
41171,2
41172,2
41173,2
41174,2
41175,1
41176,1
41177,1
41178,1
41179,1
41180,1
41181,2
41182,2
41183,1
41184,2
41185,1
41186,2
41187,2
41188,2
41189,2
41190,2
41191,2
41192,2
41193,1
41194,1
41195,1
41196,1
41197,2
41198,1
41199,1
41200,1
41201,2
41202,2
41203,1
41204,2
41205,2
41206,2
41207,1
41208,4
41209,4
41210,2
41211,1
41212,1
41213,2
41214,2
41215,1
41216,1
41217,1
41218,1
41219,1
41220,1
41221,2
41222,1
41224,1
41225,1
41226,2
41227,1
41228,1
41229,1
41230,1
41231,2
41232,1
41233,2
41234,1
41235,1
41236,2
41237,2
41238,2
41241,2
41243,2
41244,1
41245,1
41246,1
41247,1
41248,1
41249,1
41250,1
41251,1
50001,2
50002,1
50003,2
50004,1
50005,1
50006,2
50007,2
50008,2
50009,1
50010,1
50011,1
50012,1
50013,1
50014,2
50015,1
50016,1
50017,2
50018,2
50019,1
50020,1
50021,3
50022,2
50023,1
50024,1
50025,2
50026,1
50027,1
50028,1
50029,2
50030,1
50031,2
50032,1
50033,1
50034,1
50035,3
50036,1
50037,1
50038,2
50039,1
50040,1
50041,1
50042,1
50043,1
50044,1
50045,2
50047,1
50048,1
50049,2
50050,1
50051,2
50052,1
50053,1
50054,1
50055,2
50056,1
50058,1
50059,1
50060,1
50061,1
50062,1
50063,1
50064,1
50065,2
50066,1
50067,1
50068,2
50070,1
50071,2
50072,1
50073,3
50074,1
50075,2
50076,1
50077,1
50078,2
50079,2
50080,1
50081,1
50082,2
50083,1
50084,2
50085,2
50086,1
50087,2
50088,1
50089,2
50090,1
50091,3
50092,1
50093,1
50094,1
50095,2
50096,2
50097,1
50098,1
50099,2
50100,1
50101,1
50102,1
50103,1
50104,2
50105,2
50106,2
50108,2
50109,1
50110,1
50111,2
50112,1
50113,1
50114,2
50115,1
50116,2
50117,2
50118,1
50119,2
50120,2
50121,1
50122,1
50123,1
50124,1
50125,3
50126,1
50127,1
50128,1
50129,2
50130,2
50131,2
50133,3
50134,2
50135,1
50136,1
50137,1
50138,2
50139,2
50140,1
50141,1
50142,1
50143,1
50144,1
50145,1
50146,1
50147,2
50148,1
50149,2
50150,1
50151,1
50152,1
50153,1
50154,2
50155,3
50156,2
50157,2
50158,1
50159,1
50161,1
50162,4
50163,1
50164,2
50165,2
50166,1
50167,2
50168,1
50169,2
50170,1
50171,1
50172,1
50173,2
50174,3
50175,2
50176,2
50177,2
50178,3
50179,1
50180,2
50181,1
50182,1
50183,2
50184,1
50185,1
50186,1
50187,1
50188,1
50189,1
50190,1
50191,3
50192,1
50193,2
50194,3
50195,1
50196,1
50197,1
50198,2
50199,2
50200,2
50201,1
50202,2
50203,1
50204,1
50205,1
50206,1
50207,2
50208,1
50209,3
50210,1
50211,2
50212,2
50213,2
50214,1
50215,1
50217,2
50218,1
50219,2
50220,2
50221,2
50222,1
50223,1
50224,2
50225,1
50226,2
50227,2
50228,1
50229,2
50230,1
50231,1
50232,2
50233,1
50234,1
50235,1
50236,1
50237,1
50238,2
50239,1
50240,2
50241,2
50242,1
50243,1
50244,2
50245,1
50246,2
50247,1
50248,1
50249,2
50250,3
50251,3
50252,2
50253,2
50254,3
50255,1
50256,1
50257,1
50258,1
50259,1
50260,2
50261,1
50262,2
50263,1
50264,1
50265,1
50266,1
50267,1
50268,1
50269,4
50270,2
50271,3
50272,2
50273,1
50274,1
50275,2
50276,1
50277,2
50278,2
50279,2
50280,1
50281,2
50282,2
50283,1
50284,1
50285,2
50286,1
50287,1
50288,1
50289,1
50290,1
50291,2
50292,2
50293,1
50294,1
50295,2
50296,1
50297,1
50298,1
50299,1
50300,2
50301,1
50302,1
50303,1
50304,1
50305,1
50306,2
50307,1
50308,2
50309,2
50310,2
50311,2
50312,1
50313,2
50314,1
50315,1
50316,2
50317,3
50318,1
50319,2
50320,2
50321,1
50322,1
50323,2
50324,1
50325,1
50326,2
50327,1
50328,1
50329,1
50330,3
50331,1
50332,1
50333,1
50334,1
50335,1
50336,2
50337,1
50338,2
50339,3
50340,2
50341,2
50342,2
50344,1
50345,2
50346,1
50347,1
50348,3
50349,1
50350,1
50352,1
50353,2
50354,1
50355,1
50356,2
50357,2
50358,2
50359,6
50360,2
50361,2
50362,2
50363,2
50364,2
50365,2
50366,1
50367,1
50368,1
50369,1
50370,1
50371,4
50372,1
50373,1
50374,1
50375,1
50376,1
50377,2
50378,3
50379,2
50380,3
50381,1
50382,1
50383,1
50384,1
50385,4
50386,1
50387,2
50388,2
50389,2
50390,1
50391,1
50392,1
50393,3
50394,1
50395,1
50396,2
50397,1
50398,1
50399,2
50400,1
50401,1
50402,2
50403,2
50404,1
50405,1
50406,1
50407,2
50408,1
50409,1
50410,1
50412,1
50413,2
50414,2
50415,2
50416,2
50417,3
50418,1
50419,2
50420,1
50421,1
50422,1
50423,2
50424,2
50425,1
50426,4
50427,2
50428,2
50429,1
50430,1
50431,1
50432,2
50433,3
50434,2
50435,1
50436,2
50437,2
50438,2
50439,1
50440,1
50441,1
50442,2
50443,1
50444,1
50445,1
50446,1
50447,1
50448,2
50449,1
50450,1
50451,1
50452,1
50453,2
50454,1
50455,1
50456,1
50457,1
50458,3
50459,2
50460,1
50461,2
50462,1
50463,1
50464,1
50465,1
50466,2
50467,2
50468,2
50469,16
50470,1
50471,1
50472,1
50473,1
50474,2
50475,2
50476,1
50477,1
50478,2
50479,1
50480,2
50481,3
50482,3
50483,2
50484,1
50485,2
50486,1
50489,2
50490,2
50491,1
50492,3
50493,1
50494,1
50495,1
50496,1
50497,2
50498,1
50499,1
50500,2
50501,1
50502,2
50503,1
50505,3
50506,1
50507,1
50508,2
50509,2
50510,2
50511,3
50512,3
50513,2
50514,1
50515,1
50516,2
50517,2
50518,1
50519,2
50520,1
50521,1
50522,1
50523,2
50524,1
50526,1
50527,1
50528,1
50529,1
50530,1
50531,1
50532,2
50533,2
50534,1
50535,2
50536,2
50537,1
50538,2
50539,2
50540,1
50541,4
50542,2
50543,3
50544,2
50545,2
50546,1
50547,1
50548,1
50549,2
50550,4
50551,2
50553,1
50554,3
50555,1
50556,3
50557,1
60001,2
60002,1
60003,1
60004,1
60005,1
60006,2
60007,1
60008,1
60009,1
60010,1
60011,1
60012,1
60013,2
60014,1
60015,1
60016,1
60017,1
60018,1
60019,3
60020,1
60021,2
60022,1
60023,1
60024,1
60025,2
60026,2
60027,1
60028,1
60029,2
60030,1
60031,1
60032,2
60033,1
60034,1
60035,2
60036,2
60037,2
60038,2
60039,1
60040,2
60041,1
60042,1
60043,1
60044,1
60045,1
60046,1
60047,2
60048,1
60049,1
60050,1
60051,1
60052,1
60053,1
60054,2
60055,1
60057,1
60058,1
60059,1
60060,2
60061,1
60062,2
60063,2
60064,1
60065,1
60066,1
60067,2
60068,2
60069,1
60070,2
60071,1
60072,2
60073,2
60074,1
60075,1
60076,1
60077,1
60078,2
60079,1
60080,2
60081,2
60082,1
60083,1
60084,1
60085,1
60086,1
60087,1
60088,1
60089,4
60090,1
60091,1
60092,2
60093,2
60094,2
60095,2
60096,1
60097,1
60098,1
60099,2
60100,2
60101,1
60102,1
60103,2
60104,1
60105,1
60106,2
60107,3
60108,1
60109,4
60110,1
60111,1
60112,2
60113,1
60114,2
60115,1
60116,1
60117,1
60118,1
60119,2
60120,1
60121,2
60122,1
60123,2
60125,2
60126,1
60127,2
60128,1
60129,1
60130,1
60131,1
60132,1
60133,1
60134,1
60135,1
60136,2
60137,3
60138,1
60139,6
60140,1
60141,2
60142,3
60143,2
60144,1
60145,2
60146,1
60147,1
60148,1
60149,1
60150,1
60151,2
60152,1
60153,1
60154,1
60155,2
60156,1
60157,3
60158,1
60159,1
60160,3
60161,1
60162,2
60163,1
60164,2
60165,1
60166,1
60167,7
60168,1
60169,1
60170,1
60171,2
60172,1
60173,1
60174,2
60175,1
60176,1
60177,3
60178,1
60179,2
60180,1
60181,2
60182,1
60183,1
60184,2
60185,1
60186,2
60187,2
60188,2
60189,2
60191,2
60193,2
60194,2
60195,3
60196,1
60197,3
60198,1
60199,2
60200,1
60201,2
60202,1
60203,1
60204,2
60205,1
60206,1
60207,1
60208,4
60209,2
60210,3
60211,1
60212,2
60213,1
60214,1
60215,1
60216,3
60217,2
60218,2
60219,1
60220,1
60221,2
60222,1
60224,2
60225,2
60226,2
60227,1
60228,1
60229,1
60230,2
60231,2
60232,1
60233,1
60234,1
60235,4
60236,2
60237,1
60238,1
60239,1
60240,2
60241,1
60242,2
60243,1
60244,1
60245,1
60246,2
60247,1
60248,1
60249,2
60250,1
60251,2
60252,1
60253,1
60254,2
60255,3
60256,1
60257,1
60258,2
60259,1
60260,1
60261,3
60262,2
60263,1
60264,1
60265,2
60266,1
60267,4
60268,1
60269,1
60270,1
60271,2
60272,3
60273,1
60274,2
60275,1
60276,2
60277,2
60278,1
60279,1
60280,2
60281,1
60282,1
60283,1
60284,3
60285,1
60286,1
60287,1
60288,1
60289,2
60290,1
60291,2
60292,1
60293,2
60294,2
60295,2
60296,1
60297,1
60298,1
60299,1
60300,1
60301,1
60302,1
60303,1
60304,1
60305,1
60306,1
60307,1
60308,1
60309,1
60310,4
60311,1
60312,2
60313,2
60314,1
60315,2
60316,1
60317,2
60318,1
60319,1
60320,1
60321,2
60322,1
60323,2
60324,1
60325,3
60326,2
60327,1
60328,1
60329,5
60330,2
60331,1
60332,1
60333,1
60334,1
60335,1
60336,2
60337,2
60338,1
60339,1
60340,1
60341,2
60342,1
60343,2
60344,1
60345,2
60346,2
60347,1
60348,1
60349,1
60350,1
60351,1
60352,1
60353,2
60354,1
60355,1
60356,2
60357,3
60358,1
60359,2
60360,2
60361,1
60362,1
60363,1
60364,2
60365,1
60366,1
60367,2
60368,1
60369,1
60370,3
60371,2
60372,1
60373,3
60374,2
60375,1
60376,2
60377,1
60378,3
60380,3
60381,1
60382,2
60383,2
60384,3
60385,1
60386,1
60387,1
60388,3
60389,1
60390,2
60391,2
60392,2
60393,1
60394,1
60395,1
60396,1
60397,1
60398,1
60399,1
60400,1
60401,1
60402,1
60403,3
60404,1
60405,1
60406,2
60407,2
60408,1
60410,2
60411,3
60412,1
60413,1
60414,2
60415,2
60416,1
60417,2
60418,2
60419,1
60420,1
60421,1
60423,1
60424,1
60425,2
60426,1
60427,1
60428,1
60429,1
60430,4
60431,1
60432,2
60433,1
60434,1
60435,2
60436,1
60437,2
60438,1
60439,1
60440,1
60441,1
60442,1
60443,2
60444,2
60445,5
60446,2
60447,1
60448,2
60449,2
60450,1
60451,1
60452,2
60453,1
60454,1
60455,1
60456,1
60457,1
60458,2
60459,2
60460,1
60461,3
60462,2
60463,1
60464,1
60465,1
60466,2
60467,1
60468,1
60469,1
60470,1
60471,2
60472,1
60473,1
60474,2
60475,2
60476,1
60477,1
60478,1
60479,1
60480,2
60481,1
60482,1
60483,1
60484,2
60485,2
60486,1
60487,1
60488,1
60489,1
60490,2
60491,2
60492,1
60493,1
60494,1
60495,2
60496,1
60497,3
60498,2
60499,2
60500,1
60501,1
60502,1
60503,1
60504,1
60505,2
60506,1
60507,1
60508,1
60509,1
60510,1
60511,1
60512,1
60513,1
60514,1
60515,1
60516,2
60517,2
60518,1
60519,4
60520,1
60521,4
60522,1
60523,2
60524,2
60525,1
60527,2
60528,1
60529,1
60530,2
60531,3
60532,1
60533,1
60534,2
60535,2
60536,2
60537,1
60538,1
60539,1
60540,3
60541,2
60542,1
60543,1
60544,1
60545,1
60546,1
60547,1
60548,2
60549,1
60550,1
60551,2
60552,1
60553,2
60554,1
60555,1
60556,2
60557,2
60558,3
60559,1
60560,1
60561,1
60562,1
60563,1
60564,1
60565,1
60566,2
60567,1
60568,3
60569,2
60570,2
60571,2
60572,3
60573,1
60574,1
60575,1
60577,1
60578,1
60579,1
60580,2
60581,1
60582,1
60583,1
60584,2
60585,1
60586,1
60587,1
60588,2
60589,3
60590,1
60591,1
60592,2
60593,1
60594,2
60595,4
60596,3
60597,1
60598,2
60599,1
60600,1
60601,1
60602,2
60603,1
60604,1
60605,2
60606,2
60607,2
60608,1
60609,2
60610,1
60611,2
60612,1
60613,2
60614,1
60615,1
60616,1
60617,2
60618,3
60619,1
60620,2
60621,2
60623,1
60624,1
60625,1
60626,2
60627,3
60628,1
60629,2
60630,2
60631,2
60632,1
60633,1
60634,1
60635,2
60636,2
60637,1
60638,1
60639,2
60640,2
60641,2
60642,2
60643,1
60644,1
60645,2
60646,1
60647,1
60648,1
60649,1
60650,2
60651,1
60652,1
60653,1
60654,1
60655,1
60656,1
60657,1
60658,1
60659,2
60660,2
60661,1
60663,2
60664,1
60665,2
60666,1
60667,1
60668,1
60669,3
60670,1
60671,1
60672,1
60673,2
60674,3
60675,1
60676,1
60677,1
60678,1
60679,2
60680,2
60681,2
60682,1
60683,2
60684,1
60685,1
60686,2
60687,2
60688,1
60689,1
60690,1
60691,1
60692,2
60693,1
60694,1
60695,1
60697,2
60698,1
60699,2
60700,1
60701,1
60702,3
60703,1
60704,1
60705,2
60706,1
60707,2
60708,2
60709,1
60710,1
60711,1
60712,2
60713,2
60714,1
60715,1
60716,1
60717,1
60718,1
60720,1
60721,1
60722,1
60723,2
60725,1
60726,1
60727,1
60728,1
60729,1
60730,1
60731,2
60732,2
60733,1
60734,2
60735,2
60736,1
60737,3
60738,1
60739,2
60740,2
60741,1
60742,2
60743,1
60744,2
60745,2
60747,1
60748,1
60749,2
60750,4
60751,2
60752,1
60753,2
60754,2
60755,2
60756,1
60757,1
60758,1
60759,1
60760,1
60761,1
60762,2
60763,2
60764,1
60765,1
60766,1
60767,2
60768,1
60770,1
60771,1
60772,2
60773,1
60774,1
60775,2
60776,1
60777,2
60778,1
60779,1
60780,1
60781,2
60782,1
60783,1
60784,2
60785,2
60786,1
60787,1
60788,1
60789,1
60790,2
60791,4
60792,3
60793,2
60794,1
60795,2
60796,1
60797,2
60798,2
60799,3
60800,1
60801,1
60802,1
60803,2
60804,3
60805,1
60806,1
60807,1
60809,1
60810,1
60811,2
60812,3
60813,2
60814,1
60815,1
60816,1
60817,2
60818,2
60819,1
60820,1
60821,1
60822,2
60823,1
60824,1
60825,1
60826,1
60827,2
60828,1
60829,2
60830,2
60831,2
60832,2
60833,1
60834,2
60835,2
60836,2
60837,2
60838,2
60839,2
60840,1
60841,2
60842,2
60843,2
60844,1
60845,1
60846,1
60847,1
60848,1
60849,1
60850,3
60851,3
60852,1
60853,2
60854,2
60855,1
60856,1
60858,1
60859,1
60860,5
60861,3
60862,1
60863,1
60864,2
60865,1
60866,1
60867,2
60868,1
60869,1
60870,1
60871,2
60872,3
60873,1
60874,1
60875,1
60876,3
60877,2
60878,1
60879,2
60880,1
60881,1
60882,2
60883,3
60884,1
60885,2
60886,1
60887,1
60888,1
60889,1
60890,1
60891,2
60892,1
60893,1
60894,2
60895,2
60896,1
60897,1
60898,1
60899,1
60900,2
60901,1
60902,2
60903,2
60904,3
60905,2
60906,2
60907,1
60908,1
60909,2
60910,2
60911,1
60912,1
60913,2
60914,1
60915,1
60916,1
60917,1
60918,1
60919,2
60920,1
60921,1
60922,1
60923,1
60924,2
60925,2
60927,3
60928,1
60929,1
60930,1
60931,1
60932,1
60933,1
60934,2
60935,1
60936,1
60937,1
60938,1
60939,2
60940,1
60942,1
60943,1
60944,1
60945,1
60946,1
60947,2
60948,2
60949,1
60950,1
60951,1
60952,2
60953,1
60954,1
60955,3
60956,1
60957,1
60958,1
60959,1
60960,1
60961,2
60962,1
60963,2
60964,1
60965,1
60967,3
60968,1
60969,2
60970,2
60971,1
60972,1
60973,1
60974,1
60975,1
60977,1
60978,1
60979,2
60980,2
60981,2
60982,1
60983,1
60984,2
60985,1
60986,1
60987,1
60988,1
60989,1
60990,2
60991,4
60992,1
60993,2
60994,1
60995,2
60996,1
60997,1
60998,1
60999,1
61000,2
61001,1
61003,2
61004,2
61005,2
61006,2
61007,2
61008,1
61009,1
61010,1
61011,1
61012,1
61013,2
61014,1
61016,1
61017,1
61018,2
61019,2
61020,1
61021,1
61022,1
61023,1
61024,1
61025,1
61026,2
61027,1
61028,1
61029,1
61030,1
61031,1
61032,1
61033,1
61034,1
61035,3
61036,2
61037,4
61038,4
61039,2
61040,1
61041,2
61042,2
61043,3
61044,2
61045,1
61046,1
61047,3
61048,1
61050,2
61051,1
61052,2
61053,1
61054,1
61055,1
61056,1
61057,3
61058,1
61059,2
61060,1
61061,1
61062,1
61063,2
61064,2
61065,2
61066,1
61067,4
61068,2
61069,2
61070,3
61071,1
61072,2
61073,2
61074,1
61075,1
61076,2
61077,1
61078,1
61079,1
61080,2
61081,1
61082,2
61083,1
61084,1
61085,1
61086,2
61087,1
61089,1
61090,2
61091,1
61092,1
61093,1
61094,1
61095,1
61096,1
61097,2
61098,1
61099,1
61100,2
61101,3
61102,1
61103,2
61104,1
61105,3
61106,2
61107,1
61108,1
61109,2
61110,2
61111,2
61112,1
61113,1
61114,1
61115,1
61116,3
61117,1
61118,2
61119,2
61120,2
61121,1
61122,3
61123,1
61124,1
61125,1
61126,2
61127,1
61128,1
61130,1
61131,1
61132,1
61133,1
61134,1
61135,2
61136,1
61137,2
61138,1
61139,1
61140,1
61141,1
61142,1
61143,2
61144,1
61145,1
61146,1
61147,1
61148,3
61149,3
61150,1
61151,1
61152,2
61153,2
61154,1
61155,1
61156,3
61157,2
61158,1
61159,1
61160,1
61161,1
61162,1
61163,1
61164,1
61165,1
61166,1
61167,1
61168,2
61169,1
61170,1
61171,2
61172,1
61173,1
61174,2
61175,1
61176,2
61177,2
61178,1
61179,1
61180,3
61181,1
61182,1
61183,2
61184,2
61185,2
61186,1
61187,2
61188,1
61189,1
61190,1
61191,2
61192,1
61193,1
61194,1
61195,2
61196,1
61197,2
61198,2
61199,1
61200,1
61201,1
61202,2
61203,1
61204,1
61205,1
61206,2
61207,1
61208,1
61209,3
61210,1
61211,2
61212,3
61213,1
61214,1
61215,1
61216,2
61217,3
61218,1
61219,1
61220,1
61221,1
61222,1
61223,1
61224,1
61225,2
61226,1
61227,1
61228,1
61229,1
61230,1
61231,1
61232,2
61233,1
61234,3
61235,2
61237,1
61238,2
61239,2
61240,1
61241,1
61242,2
61243,2
61244,2
61245,1
61246,1
61247,2
61248,2
61249,1
61250,1
61251,1
61252,1
61253,1
61254,1
61255,1
61256,1
61257,1
61258,1
61259,1
61260,2
61261,1
61262,1
61263,2
61264,1
61265,1
61266,2
61267,1
61268,1
61269,1
61270,2
61271,2
61272,1
61273,1
61274,2
61275,2
61276,1
61277,1
61278,2
61279,2
61280,1
61281,1
61282,1
61283,2
61284,1
61285,1
61286,1
61287,1
61288,1
61289,2
61290,2
61291,1
61292,2
61293,2
61294,2
61295,1
61296,2
61297,1
61298,3
61299,2
61300,2
61301,2
61302,1
61303,2
61304,2
61305,1
61306,2
61307,1
61308,1
61309,3
61310,2
61311,1
61312,1
61313,2
61314,1
61315,1
61316,1
61317,1
61318,1
61319,1
61320,1
61321,1
61322,2
61323,1
61324,1
61325,1
61326,6
61327,1
61328,1
61329,1
61330,2
61331,2
61332,1
61333,2
61334,2
61335,2
61336,2
61337,1
61338,2
61339,1
61340,2
61341,1
61342,1
61343,1
61344,3
61345,2
61346,1
61347,1
61348,3
61349,1
61350,1
61351,1
61352,3
61353,1
61354,1
61355,2
61356,2
61357,2
61358,1
61359,1
61360,1
61361,2
61362,1
61363,1
61364,1
61365,5
61366,1
61367,1
61368,1
61369,1
61370,1
61371,1
61372,2
61373,1
61374,2
61375,1
61376,2
61377,2
61378,1
61379,3
61380,1
61381,1
61382,1
61383,1
61384,2
61385,2
61386,2
61387,2
61388,2
61389,3
61390,1
61391,2
61392,1
61393,2
61394,1
61395,1
61396,2
61397,1
61398,1
61399,1
61400,1
61401,1
61402,1
61403,1
61404,2
61405,1
61406,1
61407,2
61408,1
61409,5
61410,1
61411,1
61412,2
61413,1
61414,2
61415,2
61416,1
61417,2
61418,2
61419,1
61420,1
61421,1
61422,1
61423,1
61424,1
61425,1
61426,1
61427,1
61428,1
61429,1
61430,2
61431,1
61432,2
61433,1
61434,1
61435,1
61436,2
61437,2
61438,1
61439,1
61440,2
61441,3
61442,1
61443,2
61444,1
61445,2
61446,1
61447,1
61448,2
61449,2
61450,1
61451,1
61452,1
61453,1
61454,1
61455,3
61456,1
61457,1
61458,1
61459,1
61460,1
61461,1
61462,1
61464,1
61465,2
61466,3
61467,1
61468,1
61469,1
61470,1
61471,2
61472,2
61473,3
61474,1
61475,1
61476,2
61477,1
61478,3
61479,1
61480,1
61482,1
61483,1
61484,2
61485,1
61486,1
61487,1
61488,1
61489,2
61490,1
61491,2
61492,1
61493,2
61494,2
61495,1
61496,1
61497,1
61498,2
61499,1
61500,1
61501,2
61502,1
61503,1
61504,2
61505,1
61506,1
61507,5
61508,1
61510,1
61511,1
61512,1
61513,1
61514,2
61515,1
61516,1
61517,1
61518,2
61519,2
61520,2
61521,1
61522,1
61523,1
61524,1
61525,2
61526,1
61527,1
61528,2
61529,1
61530,3
61531,2
61532,1
61533,1
61534,1
61535,1
61536,1
61537,1
61538,1
61539,1
61540,1
61541,1
61542,2
61543,1
61544,1
61545,1
61546,1
61547,1
61548,1
61549,1
61550,1
61551,2
61552,1
61553,1
61554,2
61555,2
61556,1
61558,2
61559,1
61560,2
61561,2
61562,1
61563,2
61564,1
61565,2
61566,1
61567,2
61568,2
61569,2
61570,2
61571,1
61572,1
61573,1
61574,1
61575,3
61576,2
61577,1
61578,1
61579,2
61580,1
61581,1
61582,1
61583,1
61584,2
61585,2
61586,2
61587,1
61588,2
61589,1
61590,1
61591,1
61592,2
61593,3
61594,2
61595,2
61596,1
61597,1
61598,2
61599,1
61600,2
61601,2
61602,1
61603,3
61604,1
61605,2
61606,2
61607,1
61608,2
61609,1
61610,1
61611,3
61612,1
61613,1
61614,1
61615,1
61616,2
61617,1
61618,2
61619,2
61620,1
61621,2
61622,3
61623,1
61624,3
61625,2
61626,1
61627,1
61628,1
61629,1
61630,1
61631,2
61632,3
61633,2
61634,2
61635,1
61636,2
61637,1
61638,3
61639,2
61640,1
61641,1
61642,1
61643,2
61644,2
61645,2
61646,1
61647,2
61648,1
61649,2
61650,1
61651,1
61652,1
61653,2
61655,1
61656,1
61657,2
61658,2
61659,1
61660,1
61661,2
61662,2
61663,2
61664,2
61665,1
61666,1
61667,1
61668,2
61669,1
61670,2
61671,1
61672,2
61673,2
61674,1
61675,2
61676,1
61677,1
61678,1
61679,1
61680,2
61681,2
61682,1
61683,3
61684,2
61685,4
61686,1
61687,2
61688,2
61689,2
61690,1
61691,1
61692,1
61693,1
61694,3
61695,5
61696,2
61697,1
61698,1
61699,5
61700,1
61701,1
61702,1
61703,1
61704,1
61705,4
61706,3
61707,2
61708,1
61709,1
61710,1
61711,1
61712,1
61713,2
61714,2
61715,1
61716,1
61717,1
61718,1
61719,1
61720,1
61721,2
61722,2
61723,1
61724,1
61725,1
61726,1
61727,1
61728,1
61729,1
61730,3
61731,1
61732,1
61733,2
61734,2
61735,2
61736,2
61737,1
61738,2
61739,2
61740,2
61741,2
61742,2
61743,2
61744,2
61745,1
61746,1
61747,3
61748,1
61749,1
61750,2
61751,1
61752,1
61753,2
61754,2
61755,1
61756,1
61757,2
61758,1
61759,1
61760,1
61761,1
61762,2
61763,1
61764,2
61765,2
61766,4
61767,2
61768,3
61769,1
61770,2
61771,2
61772,2
61773,2
61774,1
61775,1
61776,1
61777,1
61778,1
61779,2
61780,1
61781,1
61782,2
61783,1
61784,1
61785,1
61786,1
61787,1
61788,1
61789,2
61790,1
61791,1
61792,2
61793,1
61794,2
61795,1
61796,1
61797,1
61798,1
61799,1
61800,1
61801,1
61802,1
61803,1
61804,1
61805,2
61806,1
61807,1
61808,2
61809,1
61810,2
61811,1
61812,1
61813,1
61814,1
61815,1
61816,2
61817,1
61818,1
61819,1
61820,1
61821,2
61823,1
61824,1
61825,1
61826,2
61827,2
61828,1
61829,1
61830,1
61831,1
61832,2
61833,1
61834,1
61835,3
61836,1
61837,2
61838,1
61839,1
61840,1
61841,2
61842,2
61843,2
61844,1
61845,1
61846,2
61847,2
61848,1
61849,1
61850,1
61851,1
61852,1
61853,1
61854,1
61856,1
61857,2
61858,1
61859,2
61860,2
61861,1
61862,1
61863,2
61864,2
61865,1
61866,2
61867,3
61868,1
61869,2
61870,2
61871,2
61872,3
61873,1
61874,1
61875,1
61876,2
61877,1
61878,1
61879,2
61880,3
61881,2
61882,1
61883,1
61884,2
61885,1
61886,1
61887,1
61888,1
61889,1
61890,1
61891,1
61892,1
61893,1
61894,1
61895,1
61896,1
61897,1
61898,1
61899,1
61900,2
61901,1
61902,1
61903,1
61904,3
61905,3
61906,1
61907,2
61908,1
61909,1
61910,2
61911,2
61912,2
61913,2
61915,2
61916,2
61917,1
61918,1
61919,1
61920,1
61921,2
61923,1
61924,2
61925,1
61926,2
61927,1
61928,2
61929,1
61930,1
61931,2
61932,1
61933,1
61934,1
61935,4
61936,2
61937,2
61938,1
61939,2
61940,1
61941,2
61942,1
61943,2
61944,1
61945,1
61946,1
61947,1
61948,2
61949,2
61950,2
61951,2
61952,1
61953,2
61954,2
61955,1
61957,2
61958,1
61959,1
61960,1
61961,1
61962,1
61963,1
61964,1
61965,1
61966,1
61967,2
61968,2
61969,4
61970,3
61971,1
61972,1
61973,2
61974,1
61975,1
61976,1
61977,2
61978,1
61979,1
61980,1
61981,2
61982,1
61983,1
61984,2
61985,1
61986,3
61987,2
61988,1
61989,2
61990,2
61991,2
61992,2
61993,2
61994,1
61995,2
61996,1
61997,1
61998,1
61999,1
62000,1
62001,2
62002,2
62003,2
62004,1
62005,1
62006,3
62007,2
62009,1
62010,1
62011,1
62012,1
62013,1
62014,1
62015,1
62016,1
62017,1
62018,1
62019,1
62020,1
62021,2
62022,4
62023,2
62024,2
62025,1
62026,1
62027,2
62028,1
62029,1
62030,1
62031,1
62032,1
62033,2
62034,2
62035,1
62036,1
62037,1
62038,2
62039,1
62040,1
62041,1
62042,1
62043,2
62044,2
62045,1
62046,2
62047,1
62048,2
62049,2
62050,3
62051,1
62052,1
62053,2
62054,3
62055,1
62056,1
62057,2
62058,1
62059,2
62060,2
62061,2
62062,2
62063,1
62064,2
62065,1
62066,1
62067,1
62068,1
62069,1
62070,2
62071,2
62072,1
62073,1
62074,1
62075,2
62076,1
62077,2
62078,1
62079,2
62080,1
62081,1
62082,1
62083,2
62084,1
62085,1
62086,1
62087,1
62088,1
62089,1
62090,1
62091,1
62092,1
62093,2
62094,2
62095,1
62096,1
62097,1
62098,1
62099,1
62100,1
62101,1
62102,2
62103,1
62105,1
62106,2
62107,1
62108,2
62109,1
62110,1
62111,3
62112,2
62113,1
62114,2
62115,1
62116,1
62117,2
62118,2
62119,2
62120,1
62121,2
62122,2
62123,1
62124,2
62125,1
62126,1
62127,2
62128,2
62129,2
62130,1
62131,2
62132,1
62133,6
62134,1
62135,2
62136,1
62137,1
62138,1
62139,1
62140,2
62141,1
62142,1
62143,4
62144,1
62145,2
62146,2
62148,1
62149,1
62150,4
62151,1
62152,1
62153,1
62154,2
62155,4
62156,1
62157,2
62158,1
62159,2
62160,1
62161,1
62162,2
62163,4
62164,1
62165,1
62166,2
62167,2
62168,2
62169,2
62170,3
62171,1
62172,1
62173,1
62174,1
62175,1
62176,3
62177,2
62178,2
62179,1
62180,1
62181,1
62182,1
62183,1
62184,2
62185,1
62186,2
62187,1
62188,2
62189,2
62190,2
62191,1
62192,2
62193,2
62194,1
62195,2
62196,1
62197,1
62198,1
62199,1
62200,1
62201,1
62202,1
62203,1
62204,1
62205,1
62206,1
62207,1
62208,2
62209,2
62210,2
62211,1
62212,2
62213,1
62214,5
62215,1
62216,1
62217,3
62218,1
62219,2
62220,1
62221,1
62222,1
62223,2
62224,1
62225,1
62226,1
62227,2
62228,1
62229,1
62230,1
62231,1
62232,1
62233,1
62234,2
62235,1
62236,2
62237,1
62239,1
62240,1
62241,2
62242,1
62243,2
62244,1
62245,2
62246,3
62247,2
62248,2
62249,1
62250,2
62251,1
62252,1
62253,2
62254,1
62255,2
62256,2
62257,2
62258,1
62259,2
62260,2
62261,1
62262,3
62263,2
62264,2
62265,1
62266,1
62267,2
62268,5
62269,3
62270,2
62271,1
62272,1
62273,1
62274,1
62275,1
62276,1
62277,4
62278,1
62279,1
62280,2
62281,2
62282,3
62283,1
62284,1
62285,2
62286,1
62287,2
62288,1
62289,2
62290,1
62291,1
62292,1
62293,1
62294,1
62295,2
62296,2
62297,2
62298,2
62299,1
62300,1
62301,1
62302,1
62303,1
62304,1
62305,1
62306,3
62307,1
62308,2
62309,1
62310,1
62311,2
62312,1
62313,1
62314,2
62315,1
62316,3
62317,2
62318,1
62319,1
62320,1
62321,2
62322,2
62323,1
62324,3
62325,2
62326,1
62327,1
62328,1
62329,2
62330,2
62331,1
62332,1
62333,3
62334,1
62335,2
62336,2
62337,1
62338,1
62339,2
62340,4
62341,2
62342,2
62343,1
62344,1
62345,1
62346,1
62347,1
62348,1
62349,2
62350,2
62351,2
62352,1
62353,2
62354,1
62355,1
62356,2
62357,3
62358,1
62359,3
62360,1
62361,2
62362,1
62363,1
62364,1
62365,1
62366,2
62367,1
62368,1
62369,2
62370,1
62371,2
62372,3
62373,1
62374,1
62375,1
62376,1
62378,1
62379,1
62380,1
62381,1
62382,2
62383,1
62384,2
62385,1
62386,1
62387,1
62388,1
62389,1
62390,1
62391,2
62392,1
62393,1
62394,1
62395,2
62396,1
62397,1
62399,2
62400,1
62401,1
62402,1
62403,2
62404,2
62405,1
62406,1
62407,1
62409,3
62410,2
62411,1
62412,1
62413,2
62414,1
62415,2
62416,1
62417,1
62418,1
62419,2
62420,2
62421,2
62422,1
62423,2
62424,2
62425,2
62426,1
62427,1
62428,1
62429,1
62430,2
62431,1
62432,1
62433,1
62434,1
62435,1
62436,1
62437,1
62438,1
62439,1
62440,2
62441,1
62442,1
62443,2
62444,1
62445,1
62446,1
62447,3
62448,1
62449,1
62450,1
62451,1
62452,1
62453,3
62454,1
62455,1
62456,1
62457,2
62458,2
62459,1
62460,1
62461,3
62462,1
62463,1
62464,1
62465,1
62466,1
62467,1
62468,1
62469,1
62470,1
62471,2
62472,2
62473,1
62474,1
62475,3
62476,2
62477,1
62478,1
62479,3
62480,1
62481,1
62482,2
62483,1
62484,1
62485,1
62486,3
62487,1
62488,1
62489,1
62490,5
62491,1
62492,2
62493,3
62494,1
62495,2
62496,1
62497,1
62498,1
62499,2
62500,2
62501,2
62502,1
62503,1
62504,1
62505,1
62506,1
62507,1
62508,1
62509,2
62510,2
62511,1
62512,1
62513,1
62514,2
62515,1
62516,1
62517,1
62518,1
62519,1
62520,2
62521,1
62522,2
62523,1
62524,1
62525,2
62526,1
62527,1
62528,1
62529,3
62530,1
62531,2
62532,3
62533,1
62534,2
62535,2
62536,1
62537,2
62538,2
62539,1
62540,1
62541,2
62542,1
62543,1
62544,2
62545,2
62546,1
62547,2
62548,1
62549,1
62550,1
62551,1
62552,1
62553,1
62554,1
62555,1
62556,2
62557,1
62558,1
62559,1
62560,1
62561,2
62562,2
62563,3
62564,3
62565,2
62566,1
62567,2
62568,2
62569,2
62570,1
62571,1
62572,2
62573,2
62574,1
62575,2
62576,1
62577,1
62578,1
62579,1
62580,1
62581,1
62582,3
62583,1
62584,1
62585,1
62586,1
62587,2
62588,1
62589,1
62590,1
62591,1
62592,2
62593,2
62594,1
62595,2
62596,1
62597,2
62598,4
62599,2
62600,1
62601,1
62602,2
62603,2
62604,2
62605,2
62606,1
62607,4
62608,3
62609,1
62610,4
62611,1
62612,2
62613,2
62614,4
62615,1
62616,1
62617,1
62618,1
62619,1
62620,1
62621,1
62622,1
62623,1
62624,1
62625,1
62626,1
62627,2
62628,2
62629,2
62630,1
62631,2
62632,1
62633,1
62634,1
62635,1
62636,2
62637,1
62638,1
62639,2
62640,1
62641,1
62642,2
62643,2
62644,2
62645,2
62646,1
62647,1
62648,1
62649,1
62650,2
62651,1
62652,1
62653,1
62654,1
62655,1
62657,2
62658,1
62659,1
62660,3
62661,2
62662,2
62663,1
62664,1
62665,2
62666,1
62667,1
62668,2
62669,2
62670,2
62672,1
62673,1
62674,1
62675,1
62676,2
62677,2
62678,1
62679,3
62680,2
62681,1
62682,2
62683,2
62684,1
62685,1
62686,1
62687,1
62688,2
62689,1
62690,1
62691,2
62692,1
62693,1
62694,1
62695,1
62696,1
62697,1
62698,1
62699,3
62700,2
62701,1
62702,1
62703,1
62704,1
62705,2
62706,1
62707,2
62708,2
62709,1
62710,1
62711,2
62712,3
62713,1
62714,1
62715,1
62716,1
62717,1
62718,2
62719,1
62720,1
62721,2
62722,1
62723,1
62724,1
62725,2
62726,5
62727,1
62728,1
62729,2
62730,4
62731,1
62732,1
62733,4
62734,2
62735,2
62736,1
62737,2
62738,1
62739,1
62740,1
62741,2
62742,1
62743,1
62744,2
62745,1
62746,1
62747,3
62748,1
62749,1
62750,1
62751,2
62752,1
62753,1
62754,1
62755,2
62756,1
62757,2
62758,2
62759,3
62760,3
62761,2
62762,1
62763,1
62764,1
62765,1
62766,4
62767,2
62768,1
62769,2
62770,1
62771,2
62772,1
62773,3
62774,1
62775,1
62776,2
62777,2
62778,1
62779,1
62780,2
62781,5
62782,1
62783,4
62784,1
62785,1
62786,1
62787,1
62788,1
62789,1
62790,1
62791,1
62792,1
62793,2
62794,1
62795,1
62796,1
62797,1
62798,2
62799,1
62800,1
62801,2
62802,3
62803,2
62804,1
62805,1
62806,1
62807,2
62808,2
62809,2
62810,1
62811,2
62812,2
62813,1
62814,1
62815,2
62816,1
62817,2
62818,1
62819,1
62820,1
62821,1
62822,1
62823,1
62825,2
62826,2
62827,1
62828,1
62829,1
62830,2
62831,2
62832,2
62833,2
62834,1
62835,2
62836,1
62837,2
62838,1
62839,1
62840,2
62841,1
62842,1
62843,1
62844,1
62845,2
62846,1
62847,1
62848,2
62849,1
62850,2
62851,2
62852,3
62853,1
62854,1
62855,1
62856,1
62857,2
62858,1
62859,1
62860,2
62861,3
62862,3
62863,1
62864,1
62865,2
62866,1
62867,2
62868,2
62869,1
62870,2
62871,1
62872,3
62873,2
62874,2
62875,1
62876,2
62877,2
62878,2
62879,1
62880,1
62881,4
62882,2
62883,1
62884,2
62885,2
62886,1
62887,2
62888,2
62889,1
62890,2
62891,3
62892,1
62893,1
62894,1
62895,2
62897,1
62898,1
62899,1
62900,2
62901,1
62902,1
62903,3
62904,2
62905,1
62906,3
62907,3
62908,1
62909,1
62910,1
62911,2
62912,1
62913,2
62914,2
62915,3
62916,2
62917,2
62918,1
62919,2
62920,1
62921,2
62922,2
62923,1
62924,1
62925,1
62926,1
62927,1
62928,1
62929,1
62930,1
62931,1
62932,2
62933,1
62934,2
62935,2
62936,1
62937,1
62938,2
62939,1
62940,2
62941,1
62942,2
62943,1
62944,2
62945,3
62946,1
62947,2
62948,1
62949,1
62950,1
62951,1
62952,1
62953,1
62954,2
62955,1
62956,1
62957,4
62958,3
62959,1
62960,1
62961,3
62962,2
62963,3
62964,1
62966,1
62967,2
62968,1
62969,1
62970,1
62971,2
62972,2
62973,1
62974,1
62975,1
62976,1
62977,2
62978,2
62979,1
62980,1
62981,2
62982,3
62983,2
62984,3
62985,1
62986,2
62987,1
62988,2
62989,3
62990,2
62991,1
62992,1
62993,1
62994,4
62995,1
62996,1
62997,1
62998,1
62999,1
63000,1
63001,2
63002,2
63003,2
63004,2
63005,1
63006,1
63007,1
63008,1
63009,5
63010,1
63011,1
63012,1
63013,1
63014,1
63015,1
63016,2
63017,1
63018,1
63019,1
63020,1
63021,2
63022,2
63023,1
63024,2
63025,10
63026,1
63027,1
63028,1
63029,1
63030,1
63031,1
63032,1
63033,2
63034,1
63035,2
63036,4
63037,1
63038,2
63039,1
63040,2
63041,1
63042,2
63043,2
63044,2
63045,2
63046,2
63047,2
63048,1
63049,1
63050,2
63051,2
63052,2
63053,1
63054,2
63055,2
63056,1
63057,2
63058,1
63059,2
63060,1
63061,1
63062,1
63063,2
63064,1
63065,1
63066,1
63067,2
63068,1
63069,6
63070,2
63071,1
63072,2
63073,3
63074,1
63075,2
63076,1
63077,2
63078,1
63079,1
63080,1
63081,1
63082,2
63083,2
63084,2
63085,1
63086,1
63087,1
63088,1
63089,2
63090,1
63091,2
63092,1
63093,2
63094,2
63095,2
63096,1
63097,2
63098,2
63099,1
63100,1
63101,1
63102,1
63103,1
63104,4
63105,1
63106,1
63107,2
63108,1
63109,2
63110,1
63111,2
63112,3
63113,2
63114,1
63115,1
63116,1
63117,1
63118,1
63119,1
63120,1
63121,2
63122,3
63123,2
63124,1
63125,4
63126,3
63127,1
63128,2
63129,2
63130,4
63131,3
63133,2
63134,3
63135,1
63136,2
63137,1
63138,1
63139,2
63140,1
63141,1
63142,1
63143,1
63144,3
63145,1
63146,4
63147,2
63148,2
63149,1
63150,2
63151,2
63152,1
63153,1
63154,2
63155,1
63156,2
63157,1
63158,1
63159,1
63160,1
63161,1
63162,2
63163,2
63164,2
63165,2
63166,1
63167,2
63168,1
63169,3
63170,1
63171,2
63172,1
63173,1
63174,2
63175,2
63176,2
63177,1
63178,1
63179,1
63180,1
63181,1
63182,1
63183,1
63184,1
63185,1
63186,1
63187,2
63188,2
63189,3
63190,4
63192,2
63193,1
63194,3
63195,2
63196,2
63197,2
63198,1
63199,1
63200,1
63201,1
63202,2
63203,1
63204,1
63205,1
63206,1
63207,1
63208,1
63209,1
63210,1
63211,2
63212,1
63213,1
63214,1
63215,2
63216,2
63217,2
63218,2
63219,2
63220,2
63221,2
63222,2
63223,1
63224,3
63225,1
63226,1
63227,1
63228,1
63229,2
63230,2
63231,1
63232,1
63233,2
63234,2
63235,3
63236,1
63237,2
63238,2
63239,1
63240,1
63241,1
63242,1
63243,1
63244,1
63245,2
63246,1
63247,1
63248,1
63249,2
63250,2
63251,1
63252,2
63253,3
63254,1
63255,1
63256,1
63257,1
63258,1
63259,1
63260,1
63261,1
63262,1
63263,2
63264,1
63265,1
63266,2
63267,1
63268,1
63269,1
63270,1
63271,1
63272,1
63273,1
63274,2
63275,1
63276,1
63277,1
63278,2
63279,2
63280,1
63281,3
63282,1
63283,1
63284,2
63285,2
63286,2
63287,1
63288,1
63290,1
63291,3
63292,3
63293,2
63294,1
63295,1
63296,1
63297,2
63298,3
63299,3
63300,1
63301,1
63302,1
63303,2
63304,1
63305,1
63306,1
63307,3
63308,2
63309,1
63310,1
63311,3
63312,1
63313,3
63314,1
63315,1
63316,1
63317,2
63318,1
63319,2
63320,1
63321,2
63322,1
63323,1
63324,1
63325,1
63326,2
63327,3
63328,1
63329,1
63330,2
63331,1
63332,5
63333,2
63334,1
63335,4
63336,2
63337,3
63338,2
63339,2
63340,3
63341,1
63342,2
63343,2
63344,2
63345,1
63346,3
63347,1
63348,1
63349,3
63350,1
63351,3
63352,1
63353,3
63354,2
63355,2
63356,1
63357,3
63358,6
63359,2
63360,3
63361,1
63362,1
63363,1
63364,3
63365,2
63366,1
63367,2
63368,2
63369,1
63370,1
63371,1
63372,1
63373,2
63374,1
63375,1
63376,1
63377,2
63378,1
63379,1
63380,2
63381,2
63382,1
63383,2
63384,1
63385,2
63386,1
63387,1
63388,1
63389,1
63390,1
63391,1
63392,1
63393,1
63394,3
63395,1
63396,1
63397,2
63398,2
63399,2
63400,2
63401,2
63402,2
63403,2
63404,2
63405,1
63406,1
63407,2
63408,3
63409,2
63410,2
63411,1
63412,3
63413,2
63414,1
63415,1
63416,2
63417,2
63418,3
63419,3
63420,1
63421,1
63422,1
63423,1
63424,1
63425,3
63426,2
63427,1
63428,1
63429,1
63430,4
63431,2
63432,3
63433,2
63434,1
63435,2
63436,2
63437,1
63438,3
63439,3
63440,1
63441,2
63442,1
63443,1
63444,2
63445,2
63446,1
63447,3
63448,1
63449,2
63450,1
63451,1
63452,1
63453,1
63454,1
63455,4
63456,6
63457,2
63458,1
63459,1
63461,1
63462,1
63463,1
63464,1
63465,1
63466,1
63467,1
63468,3
63469,1
63470,1
63471,1
63472,1
63473,1
63474,3
63475,3
63476,1
63477,1
63478,1
63479,1
63480,1
63481,1
63482,1
63483,1
63484,1
63486,2
63487,1
63488,2
63490,1
63491,1
63492,1
63493,2
63494,1
63495,1
63496,2
63497,2
63498,2
63499,1
63500,1
63501,1
63502,1
63503,1
63504,1
63505,1
63506,1
63507,1
63508,1
63509,2
63510,2
63511,1
63512,2
63513,1
63514,1
63515,1
63516,2
63517,1
63518,2
63519,2
63520,2
63521,2
63522,2
63523,1
63525,2
63526,1
63527,3
63528,1
63529,1
63530,1
63531,1
63532,2
63533,1
63534,1
63535,1
63536,2
63537,1
63538,1
63539,2
63540,1
63541,4
63542,1
63543,2
63544,1
63545,3
63546,1
63547,1
63548,2
63549,1
63550,1
63551,4
63552,2
63553,2
63554,2
63555,3
63556,1
63557,2
63558,1
63559,1
63560,2
63561,1
63562,3
63563,1
63564,4
63565,2
63566,2
63567,1
63568,2
63569,2
63570,1
63571,1
63572,3
63573,2
63574,1
63575,1
63576,2
63577,1
63578,1
63579,2
63580,1
63581,1
63582,1
63583,1
63584,1
63585,1
63586,1
63587,1
63588,1
63589,1
63590,1
63591,1
63592,1
63593,1
63594,2
63595,1
63596,2
63597,2
63598,1
63599,2
63600,2
63601,1
63602,3
63603,1
63605,2
63606,1
63607,2
63608,1
63609,2
63610,1
63611,1
63612,1
63613,2
63614,1
63615,1
63616,1
63617,1
63618,1
63619,1
63620,3
63621,2
63622,2
63623,2
63624,1
63625,1
63626,1
63627,1
63628,1
63629,2
63630,2
63631,1
63632,2
63633,2
63634,3
63635,2
63636,2
63637,1
63638,2
63639,1
63640,2
63641,1
63642,2
63643,1
63644,1
63645,1
63646,1
63647,1
63648,1
63649,2
63650,2
63651,2
63652,1
63653,2
63654,1
63655,1
63656,1
63657,1
63658,1
63659,1
63660,2
63661,2
63662,2
63663,1
63664,1
63665,1
63666,1
63667,1
63668,1
63669,1
63670,1
63671,1
63672,1
63673,2
63674,1
63675,1
63676,1
63677,2
63678,2
63679,1
63680,1
63681,1
63682,2
63683,2
63684,2
63685,1
63686,2
63687,1
63688,2
63689,1
63690,2
63691,1
63692,1
63693,1
63694,1
63695,1
63696,1
63697,5
63698,1
63699,1
63700,1
63701,1
63702,1
63703,1
63704,2
63705,2
63706,1
63707,2
63708,1
63709,2
63710,1
63711,1
63712,4
63713,3
63714,2
63715,4
63716,1
63717,1
63718,1
63719,3
63720,1
63721,2
63722,2
63723,1
63724,2
63725,1
63726,1
63727,1
63728,1
63729,1
63730,2
63731,1
63732,1
63733,2
63734,1
63735,2
63736,2
63737,1
63738,3
63739,2
63740,1
63741,1
63742,1
63743,1
63744,1
63745,1
63746,1
63747,1
63749,1
63750,2
63751,2
63752,1
63753,1
63754,1
63755,1
63756,3
63757,2
63758,1
63759,1
63760,1
63761,3
63762,1
63763,1
63764,1
63765,2
63766,1
63767,1
63768,2
63769,1
63770,2
63772,1
63773,1
63774,2
63775,2
63776,1
63777,1
63778,2
63779,2
63780,1
63781,1
63782,1
63783,1
63784,2
63785,1
63786,1
63787,1
63789,1
63790,2
63791,1
63792,3
63793,1
63794,2
63795,1
63796,1
63797,1
63798,2
63799,1
63800,1
63801,1
63802,1
63803,4
63804,1
63805,1
63806,1
63807,2
63808,1
63809,2
63810,1
63812,1
63813,2
63814,2
63815,3
63816,2
63817,1
63818,1
63819,2
63820,1
63821,2
63822,3
63823,1
63824,4
63825,1
63826,5
63828,2
63829,1
63830,2
63831,1
63832,1
63833,1
63834,1
63835,1
63836,1
63837,2
63838,1
63839,1
63840,2
63841,1
63842,2
63843,2
63844,1
63845,3
63846,2
63847,1
63848,7
63849,1
63850,1
63851,1
63852,2
63853,1
63854,2
63855,1
63856,1
63857,1
63858,1
63859,1
63860,1
63861,1
63862,4
63863,1
63864,1
63865,1
63866,1
63867,1
63868,1
63869,3
63870,2
63871,2
63872,1
63873,1
63874,2
63875,1
63876,1
63877,1
63878,1
63879,1
63880,1
63881,1
63882,3
63883,1
63884,1
63885,2
63886,1
63887,1
63888,2
63889,2
63890,1
80001,1
80002,1
80003,2
80004,2
80005,2
80006,2
80007,2
80008,1
80009,2
80010,2
80011,1
80012,1
80013,3
80014,2
80015,5
80016,2
80017,2
80018,1
80019,1
80020,1
80021,4
80022,2
80023,1
80024,2
80025,4
80026,1
80027,1
80028,1
80029,1
80030,1
80031,7
80032,1
80033,2
80034,2
80035,2
80036,2
80037,2
80038,2
80039,1
80040,2
80041,1
80042,2
80043,2
80044,1
80045,1
80046,1
80047,2
80048,2
80049,1
80050,1
80051,2
80052,2
80053,1
80054,2
80055,1
80056,1
80057,3
80058,1
80059,4
80060,2
80061,1
80062,1
80063,1
80064,2
80065,1
80066,1
80067,3
80068,2
80069,3
80070,1
80071,1
80072,2
80073,2
80074,1
80075,1
80076,2
80077,1
80078,1
80079,1
80080,4
80081,1
80082,1
80083,2
80084,1
80085,1
80086,1
80087,2
80088,2
80089,4
80090,1
80091,1
80092,2
80093,2
80094,1
80095,2
80096,1
80097,2
80098,1
80099,2
80100,1
80101,2
80102,1
80103,1
80104,1
80105,1
80106,1
80107,1
80108,1
80109,2
80110,2
80112,1
80113,1
80114,2
80115,2
80116,2
80117,1
80118,2
80119,1
80120,1
80121,2
80122,1
80123,2
80124,2
80125,1
80126,2
80127,2
80128,1
80129,1
80130,2
80131,2
80132,1
80133,1
80134,1
80135,1
80136,1
80137,1
80138,2
80139,1
80140,2
80141,1
80142,1
80143,2
80144,2
80145,1
80146,1
80147,1
80148,1
80149,1
80150,2
80151,3
80152,1
80153,1
80154,2
80155,1
80156,1
80157,2
80158,1
80159,2
80160,1
80161,1
80162,2
80163,1
80164,1
80165,1
80166,1
80167,1
80168,1
80169,1
80170,2
80171,3
80172,1
80173,2
80174,2
80175,1
80176,1
80177,2
80178,3
80179,1
80180,1
80181,1
80182,1
80183,1
80184,2
80185,2
80186,1
80187,1
80188,2
80189,1
80190,1
80191,1
80192,1
80193,1
80194,1
80195,1
80196,1
80197,2
80198,1
80199,2
80200,3
80201,2
80202,3
80203,1
80204,2
80205,2
80206,1
80207,1
80208,2
80209,1
80210,2
80211,2
80212,4
80213,1
80214,1
80215,1
80216,1
80217,1
80218,2
80219,1
80220,2
80221,1
80222,1
80223,1
80224,1
80225,2
80226,2
80227,2
80228,1
80229,2
80230,1
80231,2
80232,2
80233,1
80234,2
80235,1
80236,2
80237,1
80238,1
80239,1
80240,1
80241,1
80242,2
80243,2
80244,1
80245,1
80246,1
80247,1
80248,1
80249,2
80250,1
80251,1
80252,2
80253,1
80254,2
80255,1
80256,2
80257,2
80258,2
80259,1
80260,2
80261,1
80262,2
80263,2
80264,3
80265,1
80266,1
80267,1
80268,1
80269,1
80270,2
80271,1
80272,2
80273,2
80274,2
80275,1
80276,1
80277,1
80278,1
80279,1
80280,1
80281,2
80282,1
80283,1
80284,1
80285,1
80286,1
80287,2
80288,1
80289,1
80290,2
80291,2
80292,1
80293,1
80294,2
80295,1
80296,1
80297,3
80298,2
80299,2
80300,1
80301,1
80302,2
80303,4
80304,1
80305,1
80306,3
80307,2
80308,1
80309,1
80310,2
80311,1
80312,1
80313,2
80314,1
80315,1
80316,2
80317,2
80318,3
80319,1
80320,2
80321,1
80322,1
80323,2
80324,1
80325,1
80326,2
80327,1
80328,3
80329,2
80330,2
80331,1
80332,1
80333,2
80334,3
80335,1
80336,1
80337,2
80338,2
80339,1
80340,1
80341,2
80342,1
80343,1
80344,1
80345,1
80346,2
80347,1
80348,1
80349,2
80350,2
80351,1
80352,2
80353,2
80354,2
80355,1
80356,1
80357,2
80358,1
80359,2
80360,1
80361,1
80362,2
80363,1
80364,1
80365,1
80366,1
80367,2
80368,1
80369,1
80370,2
80371,2
80372,1
80373,1
80374,2
80375,3
80376,2
80377,1
80378,1
80379,1
80380,1
80381,1
80382,1
80383,1
80384,1
80385,1
80386,2
80387,2
80388,3
80389,1
80390,1
80391,2
80392,3
80393,1
80394,2
80395,2
80396,1
80397,1
80398,2
80399,1
80400,1
80401,1
80402,1
80403,1
80404,1
80405,1
80406,2
80407,1
80408,1
80409,1
80410,1
80411,2
80412,1
80413,1
80414,2
80415,1
80416,1
80417,1
80418,2
80419,1
80420,1
80421,1
80422,2
80423,2
80424,1
80425,1
80426,1
80427,1
80428,1
80429,1
80430,1
80431,2
80432,3
80433,2
80434,1
80435,1
80436,1
80437,1
80438,2
80439,1
80440,1
80441,1
80442,1
80443,2
80444,2
80445,3
80446,2
80447,2
80448,2
80449,1
80450,1
80451,2
80452,3
80453,1
80454,2
80455,3
80456,2
80457,1
80458,1
80459,1
80460,2
80461,3
80462,1
80463,2
80464,2
80465,1
80466,1
80467,2
80468,2
80469,1
80470,1
80471,3
80472,1
80473,1
80474,1
80475,2
80476,1
80477,1
80478,1
80479,2
80480,1
80481,1
80482,2
80483,2
80484,1
80485,2
80486,1
80487,1
80488,2
80489,1
80490,1
80491,2
80492,2
80493,1
80494,2
80495,2
80496,2
80497,2
80498,1
80499,2
80500,2
80501,1
80502,1
80503,3
80504,2
80505,2
80506,2
80507,1
80508,1
80509,1
80510,3
80511,2
80512,1
80513,1
80514,2
80515,1
80516,2
80517,1
80518,1
80519,1
80520,1
80521,1
80522,2
80523,1
80524,2
80525,1
80526,1
80527,2
80528,1
80529,2
80530,2
80531,1
80532,1
80533,2
80534,1
80535,1
80536,1
80537,2
80538,2
80539,2
80540,3
80541,2
80542,1
80543,1
80544,2
80545,1
80546,2
80547,2
80548,1
80549,2
80550,1
80551,1
80552,1
80553,1
80554,2
80555,2
80556,1
80557,1
80558,1
80559,1
80560,1
80561,2
80562,7
80563,1
80564,3
80565,1
80566,2
80567,1
80568,1
80569,1
80570,1
80571,2
80572,1
80573,2
80574,1
80575,1
80576,1
80577,2
80578,1
80579,1
80580,2
80581,1
80582,1
80583,2
80584,3
80585,1
80586,1
80587,1
80588,1
80589,2
80590,2
80591,3
80592,3
80593,1
80594,2
80595,2
80596,1
80597,1
80598,1
80599,2
80600,2
80601,2
80602,1
80603,2
80604,1
80605,2
80606,1
80607,2
80608,1
80609,1
80610,2
80611,1
80612,1
80613,1
80614,1
80615,1
80616,1
80617,2
80618,1
80619,3
80620,1
80621,2
80622,2
80623,1
80624,1
80625,2
80626,1
80627,2
80628,1
80629,2
80630,1
80631,2
80632,1
80633,1
80634,2
80635,2
80636,1
80637,2
80638,1
80639,1
80640,2
80641,1
80642,1
80643,1
80644,1
80645,2
80646,4
80647,1
80648,2
80649,1
80650,1
80651,1
80652,1
80653,2
80654,3
80655,2
80656,1
80657,1
80658,1
80659,1
80660,1
80661,1
80662,2
80663,1
80664,1
80665,1
80666,2
80667,1
90001,2
90002,1
90003,1
90004,1
90005,3
90006,2
90007,1
90008,3
90009,1
90010,1
90011,1
90012,1
90013,1
90014,1
90015,2
90016,2
90018,1
90019,2
90020,1
90021,1
90022,1
90023,1
90024,3
90025,1
90026,2
90027,1
90028,2
90029,2
90030,1
90031,1
90032,3
90034,1
90035,1
90036,2
90037,1
90038,1
90039,1
90040,2
90041,1
90042,2
90043,2
90044,2
90045,1
90046,2
90048,2
90049,2
90051,1
90052,2
90053,1
90054,2
90055,2
90056,2
90057,1
90058,1
90060,2
90061,2
90062,1
90063,1
90064,1
90065,1
90066,2
90067,1
90068,1
90069,1
90070,2
90071,2
90072,2
90073,1
90074,2
90075,3
90076,2
90077,3
90078,1
90079,1
90080,1
90081,1
90082,1
90083,1
90084,1
90085,2
90086,4
90087,2
90088,2
90089,3
90090,1
90091,1
90092,1
90093,1
90094,2
90095,1
90096,1
90097,2
90098,1
90099,2
90100,1
90101,1
90102,2
90103,1
90104,1
90105,1
90106,1
90107,1
90108,1
90109,2
90110,2
90111,2
90112,1
90113,1
90114,2
90115,2
90116,1
90117,1
90118,1
90119,1
90120,1
90121,3
90122,2
90124,2
90125,2
90126,2
90127,2
90128,2
90130,2
90131,1
90132,2
90133,1
90134,3
90136,1
90138,2
90139,1
90140,2
90141,2
90142,2
90143,1
90144,2
90145,2
90146,2
90147,1
90148,3
90149,2
90150,2
90151,1
90152,1
90153,1
90154,1
90155,1
90156,1
90157,1
90158,2
90159,2
90160,1
90161,1
90162,2
90163,2
90164,2
90165,2
90166,1
90167,3
90168,1
90170,1
90171,2
90172,1
90173,1
90174,2
90175,2
90176,1
90177,1
90178,2
90179,1
90180,3
90181,1
90182,2
90183,1
90184,2
90185,2
90186,1
90187,1
90188,2
90189,2
90190,1
90191,1
90192,1
90193,1
90194,1
90195,2
90196,1
90197,2
90198,1
90199,2
90200,1
90201,1
90202,1
90203,1
90204,1
90205,2
90206,2
90207,1
90208,1
90209,2
90210,1
90211,2
90212,1
90213,1
90214,1
90215,1
90216,2
90217,5
90218,1
90219,1
90220,2
90221,1
90222,1
90223,2
90224,2
90225,1
90226,2
90227,3
90228,1
90229,1
90230,1
90231,2
90232,2
90233,1
90234,2
90235,1
90236,1
90237,2
90238,1
90239,1
90240,1
90241,1
90242,1
90243,1
90244,1
90245,2
90246,2
90247,2
90248,2
90249,2
90250,2
90251,1
90252,1
90253,2
90254,1
90255,2
90256,1
90257,2
90258,1
90259,2
90261,2
90262,2
90263,2
90264,1
90265,2
90266,1
90267,1
90268,2
90269,3
90270,1
90271,1
90272,1
90273,1
90274,3
90275,2
90276,2
90277,3
90278,1
90279,2
90280,1
90281,2
90282,1
90283,3
90284,1
90285,1
90286,2
90287,1
90288,1
90289,1
90290,2
90291,1
90292,1
90293,1
90294,2
90295,2
90296,1
90297,1
90298,1
90299,1
90300,1
100001,1
100002,2
100003,1
100004,2
100005,2
100006,1
100007,1
100008,2
100009,2
100010,1
100011,2
100012,2
100013,1
100014,1
100015,2
100016,2
100017,1
100018,2
100019,2
100020,2
100021,1
100022,1
100023,1
100024,1
100025,1
100026,3
100027,1
100028,1
100029,1
100030,2
100031,1
100032,2
100033,2
100034,2
100035,2
100036,1
100037,1
100038,1
100039,3
100040,2
100041,3
100042,1
100043,1
100044,1
100045,2
100046,1
100047,1
100048,2
100049,2
100050,1
100051,3
100052,1
100053,2
100054,2
100055,1
100056,1
100057,1
100058,2
100059,2
100060,2
100061,1
100062,1
100063,1
100064,1
100065,1
100066,3
100067,2
100068,2
100069,1
100070,2
100071,2
100072,2
100073,1
100074,3
100075,1
100076,3
100077,1
100078,2
100079,1
100080,1
100081,2
100082,1
100083,2
100084,1
100085,2
100086,4
100087,1
100088,2
100089,1
100090,2
100091,2
100092,1
100093,2
100094,1
100095,1
100096,2
100097,1
100098,1
100099,1
100100,1
100101,1
100102,2
100103,2
100104,1
100105,1
100106,2
100107,1
100108,1
100109,1
100110,1
100111,1
100112,2
100113,3
100114,1
100115,1
100116,3
100117,1
100119,1
100120,1
100121,1
100123,1
100124,3
100125,1
100126,1
100127,1
100128,1
100129,2
100130,2
110001,2
110002,1
110003,1
110004,2
110005,1
110006,4
110007,2
110008,1
110010,1
110011,2
110012,1
110013,1
110014,1
110015,1
110016,3
110017,2
110018,2
110019,1
110020,1
110021,1
110022,2
110023,1
110024,1
110025,2
110026,1
110027,1
110028,2
110029,1
110030,1
110031,1
110032,1
110033,1
110034,2
110035,1
110036,1
110037,1
110038,1
110039,1
110040,4
120002,2
120003,1
120004,2
120005,1
120006,2
120007,1
120008,1
120009,2
120010,2
120011,1
120012,3
120013,1
120014,2
120016,2
120017,1
120018,5
120019,2
120020,1
120021,1
120022,1
120023,1
120025,2
120026,2
120027,2
120028,2
120029,2
120031,1
120032,2
120034,2
120035,2
120036,1
120037,1
120038,1
120039,1
120040,1
120041,1
120042,1
120043,2
120044,1
120045,1
120046,1
120047,3
120048,2
120049,1
120050,2
120051,1
120052,2
120053,1
120054,3
120055,1
120056,1
120057,2
120059,2
120060,1
120061,1
120062,1
120063,1
120064,1
120066,2
120067,2
120068,2
120070,1
120072,2
120073,2
120074,1
120076,1
120077,1
120078,2
120079,2
120080,1
120081,2
120082,1
120083,2
120084,1
120086,3
120087,1
120088,2
120089,2
120090,1
120091,4
120092,1
120093,1
120094,2
120095,1
120096,2
120097,2
120098,2
120100,2
120101,1
120102,2
120103,1
120104,21
120105,2
120106,2
120107,1
120108,1
120109,1
120110,2
120111,4
120113,2
120114,1
120115,1
120116,3
120117,2
120118,1
120119,5
120120,2
120121,3
120122,2
120123,1
120124,2
120125,2
120126,1
120127,3
120128,2
120129,2
120131,2
120132,2
120133,1
120134,3
120135,1
120136,1
120137,2
120138,1
120140,2
120141,1
120142,1
120143,1
120144,1
120145,1
120146,1
120147,2
120148,2
120150,2
120151,2
120152,1
120153,1
120154,1
120155,1
120156,2
120157,1
120158,2
120159,1
120160,1
120161,1
120162,2
120163,1
120165,1
120166,2
120167,1
120168,2
120169,1
120170,1
120171,2
120172,1
120173,2
120174,2
120175,3
120176,1
120177,1
120178,1
120179,2
120181,4
120182,2
120183,2
120184,2
120185,2
120186,1
120187,1
120189,2
120191,2
120192,1
120193,1
120194,1
120195,1
120196,2
120197,2
120198,1
120199,2
120200,1
120201,2
120202,1
120203,1
120204,1
120205,1
120206,1
120207,3
120208,1
120209,1
120210,2
120211,1
120212,1
120213,1
120214,2
120215,2
120216,1
120217,2
120218,1
120219,2
120220,2
120221,2
120222,1
120223,2
120224,1
120225,3
120226,2
120227,2
120228,2
120229,1
120230,2
120231,1
120232,2
120233,2
120234,1
120235,1
120236,1
120237,1
120238,4
120239,2
120240,1
120241,1
120242,2
120243,1
120244,2
120245,2
120246,1
120247,2
120248,1
120249,1
120250,2
120251,1
120252,1
120253,1
120254,2
120255,2
120256,2
120257,2
120258,2
120259,1
120260,2
120262,1
120263,1
120264,1
120265,1
120266,3
120267,1
120268,1
120269,2
120271,1
120272,2
120273,1
120275,1
120276,1
120277,2
120278,1
120279,1
120280,1
120281,1
120282,1
120283,1
120284,2
120285,1
120286,1
120287,2
120288,1
120289,1
120290,1
120291,2
120292,2
120293,2
120294,2
120295,2
120296,1
120298,1
120299,1
120300,1
120301,2
120302,1
120303,1
120304,1
120305,2
120306,2
120307,2
120308,2
120309,1
120311,2
120313,1
120314,1
120315,1
120316,1
120317,2
120318,3
120319,1
120320,1
120321,1
120323,2
120324,2
120325,1
120326,2
120327,1
120328,2
120330,1
120331,1
120332,2
120333,1
120334,1
120335,1
120336,2
120337,2
120338,2
120339,3
120340,1
120341,1
120342,2
120343,1
120344,1
120345,1
120346,1
120347,1
120348,1
120349,2
120350,2
120351,2
120352,2
120353,2
120354,1
120355,1
120356,4
120357,1
120358,1
120359,2
120360,1
120361,1
120362,1
120363,1
120364,1
120365,1
120366,1
120367,2
120368,2
120369,1
120370,2
120371,1
120372,2
120373,1
120374,1
120375,2
120376,1
120377,2
120379,1
120380,1
120381,1
120382,2
120383,2
120384,1
120385,2
120386,2
120387,1
120389,1
120390,1
120391,2
120392,2
120393,2
120394,1
120395,2
120396,2
120397,1
120398,1
120399,1
120401,1
120402,1
120403,1
120404,2
120405,2
120406,2
120407,1
120408,2
120409,2
120410,1
120411,1
120412,2
120413,2
120414,2
120415,1
120416,1
120417,2
120418,1
120419,1
120420,2
120421,1
120422,1
120423,1
120424,1
120425,3
120426,1
120427,3
120428,1
120429,1
120430,2
120431,1
120432,1
120433,1
120434,2
120435,2
120436,1
120437,1
120438,2
120439,2
120440,3
120441,3
120442,1
120443,2
120444,1
120445,1
120446,1
120448,1
120449,1
120450,1
120451,1
120452,3
120453,1
120454,2
120455,1
120456,1
120457,1
120458,1
120459,1
120460,2
120461,1
120462,1
120463,2
120464,2
120465,2
120466,3
120467,1
120468,2
120469,2
120470,2
120471,2
120472,2
120473,1
120474,1
120475,2
120476,2
120477,1
120478,2
120479,2
120480,1
120481,2
120482,2
120483,1
120484,1
120485,1
120486,1
120487,2
120488,2
120489,1
120490,1
120491,2
120492,2
120493,1
120494,2
120495,1
120496,1
120497,1
120498,1
120499,2
120500,2
120501,2
120502,1
120503,2
120504,1
120505,2
120506,1
120508,2
120509,2
120510,2
120511,1
120512,1
120513,1
120514,1
120515,4
120516,2
120517,1
120518,1
120519,2
120520,2
120521,1
120522,2
120523,1
120524,3
120525,1
120526,3
120527,2
120528,2
120529,2
120530,2
120531,1
120532,4
120533,1
120534,1
120535,2
120536,2
120537,3
120538,4
120539,5
120540,2
120541,1
120542,2
120543,1
120544,1
120545,1
120546,2
120547,1
120548,1
120549,2
120550,1
120551,2
120552,2
120553,1
120555,1
120556,2
120557,1
120558,2
120559,2
120560,1
120561,1
120562,2
120563,1
120564,1
120565,2
120566,3
120567,1
120568,2
120569,6
120570,1
120571,1
120572,1
120573,3
120574,2
120575,2
120576,2
120578,1
120579,1
120580,1
120581,1
120582,2
120583,2
120584,1
120585,3
120586,2
120587,1
120588,2
120589,1
120590,3
120591,1
120592,1
120593,2
120594,2
120595,1
120596,1
120597,2
120598,2
120599,2
120600,1
120601,1
120602,2
120603,1
120604,1
120605,1
120606,2
120607,1
120608,1
120609,2
120610,1
120611,2
120612,2
120613,1
120614,1
120615,1
120616,1
120617,2
120618,2
120619,2
120620,2
120621,2
120622,2
120623,2
120624,2
120625,1
120626,1
120627,1
120628,1
120629,1
120631,1
120632,2
120633,1
120634,2
120635,2
120636,2
120637,1
120638,1
120639,2
120640,1
120641,2
120642,2
120643,1
120644,1
120645,1
120646,1
120647,1
120648,2
120649,2
120650,1
120651,2
120652,2
120653,2
120654,2
120655,2
120656,1
120657,2
120658,2
120660,2
120661,1
120662,1
120663,3
120664,1
120665,1
120666,2
120667,1
120668,1
120669,1
120670,3
120671,1
120672,1
120673,3
120674,3
120675,1
120676,1
120677,1
120678,2
120679,1
120680,2
120681,1
120682,2
120683,4
120684,2
120686,1
120687,1
120688,1
120689,2
120690,1
120691,2
120692,2
120693,2
120695,2
120697,2
120698,3
120699,2
120700,1
120701,1
120702,3
120703,1
120704,2
120705,1
120706,2
120707,1
120708,1
120709,2
120710,2
120711,2
120712,1
120713,1
120714,3
120715,1
120716,2
120717,2
120718,1
120719,1
120720,2
120721,2
120722,1
120723,3
120724,3
120725,1
120726,1
120727,1
120728,2
120729,2
120730,2
120731,2
120732,2
120733,2
120734,6
120735,2
120736,1
120737,2
120738,1
120739,1
120740,2
120741,1
120742,1
120743,1
120744,2
120745,2
120746,2
120747,1
120748,3
120749,1
120750,2
120751,2
120752,1
120753,3
120754,2
120755,1
120756,2
120757,2
120758,1
120759,1
120760,2
120761,2
120762,1
120763,1
120764,1
120765,1
120766,2
120767,2
120768,1
120769,2
120770,2
120771,2
120772,1
120773,1
120774,2
120775,1
120776,1
120777,2
120778,2
120779,2
120780,2
120781,2
120782,2
120783,2
120784,1
120785,1
120786,1
120787,3
120788,1
120789,1
120790,1
120791,1
120792,1
120793,1
120794,1
120795,1
120796,1
120797,1
120798,1
120799,1
120800,1
120801,2
120802,1
120803,1
120804,1
120805,2
120806,1
120807,2
120808,1
120810,1
120811,1
120812,4
120813,1
120814,2
120815,1
120816,1
120817,1
120818,1
120819,2
120820,2
120821,1
120822,1
120823,2
120824,2
120825,1
120826,1
120827,1
120828,1
120829,2
120830,2
120831,1
120832,2
120833,2
120834,1
120835,2
120836,2
120837,2
120838,2
120839,1
120840,2
120841,4
120842,1
120843,1
120844,1
120845,1
120846,1
120847,2
120848,2
120849,1
120850,2
120851,1
120852,1
120853,1
120854,2
120855,1
120856,2
120857,1
120858,2
120859,2
120860,1
120861,2
120862,2
120863,2
120864,1
120865,1
120866,2
120867,1
120868,1
120869,1
120870,1
120871,2
120872,1
120873,1
120874,2
120875,2
120876,1
120877,2
120878,2
120879,2
120880,2
120881,2
120882,1
120883,1
120884,1
120885,1
120886,2
120888,2
120889,1
120890,2
120891,3
120892,2
120893,1
120894,1
120896,3
120897,1
120898,2
120899,1
120900,3
120901,1
120902,2
120903,2
120904,1
120905,3
120906,2
120907,3
120908,1
120909,1
120910,2
120911,1
120912,1
120913,1
120914,2
120915,2
120916,2
120917,2
120918,1
120919,1
120920,1
120921,1
120922,1
120923,2
120924,2
120925,1
120926,1
120927,3
120928,1
120929,1
120930,1
120932,2
120933,3
120934,6
120935,1
120936,1
120937,1
120938,2
120939,2
120940,3
120941,1
120942,1
120943,2
120944,1
120945,1
120946,2
120947,1
120948,1
120949,1
120950,1
120951,1
120952,2
120953,2
120954,1
120956,1
120957,2
120958,1
120959,2
120960,1
120961,1
120962,2
120963,1
120964,2
120965,1
120966,2
120967,1
120968,1
120969,1
120970,2
120971,1
120972,1
120973,1
120974,1
120975,7
120976,2
120977,1
120978,2
120979,1
120980,1
120982,1
120983,3
120984,2
120985,1
120986,3
120987,1
120988,3
120989,2
120991,2
120992,1
120993,1
120994,1
120995,1
120996,2
120997,1
120998,2
120999,1
121000,1
121001,1
121002,1
121003,2
121004,2
121005,1
121006,1
121007,1
121008,2
121009,1
121010,2
121011,1
121012,2
121013,2
121014,1
121015,1
121016,1
121017,1
121018,3
121019,4
121020,2
121021,1
121022,2
121023,1
121024,3
121025,1
121026,2
121027,2
121028,2
121029,2
121030,2
121032,2
121033,2
121034,3
121035,1
121036,3
121037,1
121038,2
121039,1
121040,1
121041,1
121042,2
121043,2
121044,2
121045,2
121047,1
121048,1
121049,2
121050,1
121051,1
121053,1
121054,2
121055,2
121056,1
121057,2
121058,1
121059,2
121060,1
121062,2
121063,1
121064,2
121065,1
121066,1
121067,2
121068,1
121069,1
121070,2
121071,1
121074,2
121075,2
121076,1
121077,2
121078,2
121079,1
121080,2
121081,2
121082,2
121083,2
121084,2
121085,2
121086,1
121087,1
121088,2
121089,2
121090,2
121091,1
121092,2
121094,1
121095,2
121096,2
121097,1
121098,7
121099,1
121100,2
121101,2
121102,1
121103,1
121104,2
121105,2
121106,2
121107,2
121108,2
121109,1
121110,1
121111,1
121112,2
121113,2
121114,2
121115,1
121116,3
121117,1
121118,2
121119,1
121120,2
121121,1
121123,1
121124,2
121125,2
121126,2
121127,1
121128,2
121129,2
121130,3
121131,2
121132,2
121133,2
121134,1
121135,1
121136,2
121137,2
121138,1
121139,1
121140,2
121141,2
121142,4
121143,2
121144,1
121145,2
121146,1
121147,1
121148,2
121149,1
121150,1
121151,1
121152,2
121153,2
121154,3
121155,2
121157,2
121158,3
121159,1
121160,1
121161,1
121162,1
121163,2
121164,1
121165,3
121166,1
121167,2
121168,2
121169,1
121170,1
121171,2
121172,1
121173,2
121174,2
121175,2
121176,2
121177,1
121178,3
121180,1
121181,2
121182,1
121183,1
121184,1
121185,2
121186,2
121187,2
121188,3
121189,1
121190,3
121191,1
121192,1
121193,1
121194,1
121195,1
121196,2
121197,1
121198,3
121199,2
121200,2
121201,2
121202,2
121203,1
121204,1
121205,2
121206,1
121207,2
121208,1
121209,1
121210,2
121211,2
121212,2
121214,2
121215,1
121216,2
121217,2
121218,1
121220,1
121221,1
121222,1
121223,1
121224,3
121225,2
121226,2
121227,3
121228,1
121229,1
121230,2
121231,2
121232,1
121233,2
121234,2
121235,1
121236,2
121237,2
121238,1
121240,2
121241,2
121242,2
121243,2
121244,2
121245,2
121246,2
121247,2
121248,1
121249,1
121250,1
121251,1
121252,1
121254,2
121255,1
121256,1
121258,1
121259,1
121260,1
121261,2
121262,2
121263,2
121264,2
121265,1
121266,2
121268,2
121269,2
121270,1
121271,3
121272,2
121273,2
121274,1
121275,1
121276,1
121277,2
121278,2
121279,2
121280,1
121281,1
121282,1
121283,2
121284,2
121285,4
121286,2
121287,2
121288,1
121289,1
121290,1
121291,5
121292,2
121293,2
121294,2
121295,2
121296,1
121297,1
121298,2
121299,2
121300,2
121302,2
121303,1
121304,2
121305,1
121306,3
121307,2
121308,1
121309,1
121310,2
121311,2
121312,1
121313,1
121314,5
121315,1
121316,1
121317,2
121318,1
121319,2
121320,2
121321,2
121322,2
121323,2
121324,1
121325,2
121326,1
121327,1
121328,2
121329,2
121330,1
121331,2
121332,1
121333,1
121334,1
121335,4
121336,2
121337,1
121338,1
121339,2
121340,3
121341,5
121342,1
121343,2
121344,1
121345,2
121346,2
121347,2
121348,2
121350,3
121351,2
121352,1
121353,2
121354,1
121355,2
121356,2
121357,1
121358,1
121359,2
121360,1
121361,1
121362,1
121364,2
121365,1
121366,1
121367,3
121368,3
121370,1
121371,1
121372,1
121373,1
121374,3
121375,1
121376,1
121377,2
121378,2
121379,1
121380,2
121381,1
121382,2
121383,1
121385,2
121387,1
121388,1
121389,2
121390,1
121392,2
121393,1
121394,2
121395,1
121396,2
121397,1
121398,6
121399,1
121400,1
121401,1
121402,1
121403,2
121404,1
121405,2
121406,1
121407,1
121408,1
121410,2
121411,1
121412,1
121413,2
121414,1
121415,2
121416,1
121417,2
121418,1
121419,1
121420,3
121421,1
121422,1
121423,2
121424,1
121425,2
121426,1
121427,2
121428,2
121429,2
121430,2
121431,1
121432,2
121433,1
121434,1
121435,2
121436,1
121437,1
121438,1
121439,1
121440,2
121441,2
121442,2
121443,1
121444,2
121446,2
121447,1
121448,3
121449,2
121450,2
121452,1
121453,1
121454,1
121455,2
121456,1
121457,1
121458,2
121459,2
121460,1
121461,1
121462,2
121463,1
121464,1
121465,1
121466,2
121467,2
121468,2
121469,3
121470,1
121471,2
121472,1
121473,2
121474,2
121475,3
121476,1
121478,2
121479,1
121480,2
121481,2
121482,1
121483,1
121484,2
121485,1
121486,4
121487,3
121488,1
121489,1
121490,1
121491,2
121492,2
121493,2
121494,1
121495,2
121496,1
121497,2
121498,3
121499,2
121500,1
121501,1
121502,1
121503,1
121504,1
121505,2
121506,1
121507,1
121508,1
121509,2
121510,2
121511,2
121512,1
121513,1
121514,2
121515,1
121516,1
121517,3
121518,1
121519,1
121521,2
121522,1
121523,3
121524,2
121525,1
121526,2
121527,2
121529,1
121530,2
121531,5
121532,2
121533,1
121535,1
121536,1
121537,1
121538,1
121539,2
121540,1
121541,2
121542,2
121543,1
121544,1
121545,1
121546,1
121547,2
121548,2
121549,1
121550,2
121551,2
121552,3
121553,2
121554,1
121556,1
121558,2
121559,1
121560,1
121561,1
121562,2
121563,1
121564,1
121565,1
121566,2
121567,2
121568,1
121569,1
121570,2
121571,2
121572,2
121573,2
121574,2
121577,1
121578,2
121579,2
121580,1
121581,2
121583,1
121584,2
121585,2
121586,2
121587,1
121588,2
121590,2
121591,1
121592,1
121593,2
121594,1
121595,1
121596,1
121597,1
121598,1
121599,1
121601,2
121602,2
121603,1
121605,1
121606,2
121608,1
121609,1
121610,1
121611,3
121612,2
121613,1
121614,2
121615,1
121617,2
121618,1
121619,2
121620,1
121621,1
121622,2
121623,1
121624,3
121625,1
121626,1
121627,2
121628,2
121629,2
121630,1
121631,2
121632,1
121634,2
121635,1
121636,1
121637,2
121638,1
121639,1
121640,3
121641,1
121642,3
121643,1
121644,1
121645,1
121646,2
121647,2
121648,1
121649,1
121650,1
121651,1
121652,3
121653,2
121654,1
121655,3
121656,1
121657,1
121658,1
121659,1
121661,1
121663,2
121664,1
121665,1
121666,2
121667,2
121668,1
121669,1
121670,2
121671,1
121672,1
121673,1
121674,2
121675,2
121676,2
121677,1
121678,1
121679,2
121680,2
121681,1
121682,3
121683,1
121684,1
121685,2
121686,1
121687,1
121688,1
121689,1
121690,1
121691,2
121692,2
121693,1
121694,1
121695,1
121696,1
121697,2
121698,3
121699,1
121701,1
121702,1
121703,2
121705,2
121706,2
121707,2
121708,3
121710,2
121711,1
121712,1
121714,1
121715,2
121716,2
121717,2
121718,2
121719,1
121720,1
121721,2
121722,2
121723,2
121724,1
121725,2
121726,1
121727,2
121728,2
121729,2
121730,1
121731,1
121732,1
121733,1
121734,1
121735,1
121736,2
121737,1
121738,1
121739,1
121740,2
121741,1
121742,2
121743,1
121744,2
121745,1
121746,2
121747,1
121748,2
121749,1
121750,1
121751,1
121752,3
121753,1
121754,3
121755,1
121756,1
121757,2
121758,1
121759,1
121760,1
121761,1
121762,2
121763,1
121764,2
121765,2
121766,1
121768,2
121769,1
121770,1
121771,1
121772,1
121773,1
121775,2
121776,2
121777,1
121778,2
121779,1
121780,2
121781,1
121782,1
121785,2
121786,4
121787,4
121789,1
121790,1
121791,2
121793,1
121794,2
121795,1
121796,1
121797,1
121799,1
121800,1
121801,1
121802,3
121803,5
121804,2
121805,2
121806,2
121807,1
121808,2
121809,1
121810,1
121811,1
121812,2
121813,2
121814,5
121815,1
121816,2
121817,2
121818,2
121819,1
121820,2
121821,1
121822,3
121823,2
121824,2
121825,1
121826,1
121827,1
121829,3
121830,2
121831,3
121832,2
121833,2
121834,3
121835,2
121836,3
121837,1
121838,2
121839,1
121841,1
121842,2
121843,1
121844,2
121845,1
121846,1
121847,1
121848,1
121849,1
121850,1
121851,1
121852,2
121853,1
121854,1
121855,2
121856,1
121857,2
121858,1
121859,1
121860,3
121861,1
121862,3
121863,1
121864,2
121865,1
121866,2
121867,2
121868,1
121869,1
121871,1
121872,2
121874,3
121875,1
121876,1
121877,2
121878,1
121879,2
121880,2
121881,2
121882,2
121883,1
121884,2
121885,2
121886,1
121887,2
121888,1
121889,1
121890,1
121891,2
121892,1
121893,2
121894,3
121895,1
121896,1
121897,1
121898,2
121899,1
121900,1
121901,2
121902,2
121903,1
121904,1
121905,2
121906,1
121907,1
121908,2
121909,1
121910,1
121911,1
121912,1
121913,1
121914,1
121915,1
121916,1
121917,1
121918,2
121919,1
121921,1
121922,1
121923,2
121924,2
121925,2
121926,1
121927,2
121928,3
121929,2
121931,3
121932,1
121933,2
121935,2
121936,1
121937,2
121938,1
121939,2
121940,2
121941,2
121942,1
121943,2
121944,1
121945,2
121946,1
121947,1
121948,1
121950,2
121951,3
121952,1
121953,2
121954,3
121955,3
121956,1
121957,1
121958,2
121959,2
121960,1
121961,2
121962,2
121963,2
121964,1
121965,3
121967,3
121969,3
121970,1
121971,1
121972,1
121973,1
121974,1
121975,1
121976,1
121977,1
121979,2
121980,3
121981,3
121982,1
121983,1
121985,1
121986,2
121987,1
121990,1
121991,2
121992,2
121993,1
121994,1
121995,2
121996,2
121997,1
121998,1
121999,2
122000,1
122001,2
122002,2
122003,1
122004,1
122005,2
122006,1
122007,1
122008,1
122009,2
122010,1
122011,1
122012,1
122013,1
122014,2
122015,6
122016,2
122017,1
122019,1
122020,2
122021,2
122023,2
122024,1
122025,1
122026,2
122027,1
122028,1
122029,2
122030,3
122031,1
122032,2
122033,2
122034,1
122035,1
122036,1
122037,1
122038,2
122039,3
122040,1
122041,1
122042,2
122043,1
122044,2
122045,2
122046,1
122047,2
122048,1
122049,1
122050,1
122051,2
122052,1
122053,1
122054,4
122055,2
122056,2
122057,1
122058,1
122059,1
122060,1
122061,1
122062,1
122063,2
122064,1
122065,2
122066,2
122067,1
122068,2
122069,2
122071,1
122072,1
122073,2
122074,2
122075,2
122076,1
122077,1
122078,1
122079,1
122080,1
122081,1
122082,1
122083,1
122084,1
122085,2
122086,1
122087,1
122088,2
122089,1
122090,1
122091,1
122092,1
122093,1
122094,1
122095,2
122096,2
122097,2
122098,1
122099,2
122100,1
122101,1
122103,2
122104,2
122106,2
122107,1
122108,2
122109,4
122110,1
122111,1
122112,2
122113,1
122114,1
122115,1
122116,1
122117,1
122118,1
122119,2
122120,1
122121,1
122122,1
122123,1
122124,1
122125,1
122126,2
122127,1
122128,1
122130,1
122131,3
122132,1
122133,1
122134,1
122135,2
122136,1
122137,2
122138,1
122139,1
122140,1
122141,2
122142,2
122143,1
122144,1
122145,1
122146,1
122147,1
122148,1
122149,1
122150,1
122151,1
122152,1
122154,1
122155,2
122156,2
122157,2
122158,2
122159,2
122160,1
122161,2
122162,1
122163,4
122164,1
122165,1
122166,1
122167,1
122168,3
122169,2
122170,1
122171,2
122172,1
122173,3
122174,1
122175,1
122176,1
122177,1
122178,2
122179,1
122180,1
122181,2
122182,1
122183,1
122184,4
122185,1
122186,2
122187,2
122188,2
122189,3
122190,2
122191,2
122192,2
122193,2
122194,1
122195,3
122196,1
122197,2
122198,1
122199,1
122200,1
122201,3
122202,1
122203,2
122204,1
122205,2
122206,2
122207,1
122208,2
122209,1
122210,1
122211,2
122212,1
122213,1
122214,2
122215,1
122216,2
122217,4
122218,1
122219,1
122220,1
122221,2
122222,2
122223,1
122224,1
122225,1
122226,1
122228,2
122229,2
122231,1
122232,3
122233,3
122234,2
122235,2
122236,2
122237,2
122238,2
122239,2
122241,1
122242,2
122243,1
122244,1
122245,1
122246,1
122247,2
122249,1
122250,1
122251,1
122253,2
122254,2
122255,2
122256,1
122257,1
122258,2
122259,2
122260,2
122261,3
122262,2
122263,1
122264,3
122265,2
122266,1
122267,2
122268,1
122269,3
122270,2
122271,2
122272,1
122273,1
122274,1
122275,2
122276,1
122277,2
122278,1
122279,1
122280,1
122282,1
122283,1
122284,3
122285,2
122286,1
122287,1
122288,2
122289,2
122290,2
122291,1
122292,1
122295,1
122296,1
122297,2
122298,1
122299,1
122301,1
122303,1
122304,2
122305,1
122306,1
122307,1
122308,1
122310,1
122311,2
122312,2
122313,1
122314,2
122315,2
122316,1
122317,1
122318,1
122319,1
122320,3
122321,2
122323,1
122324,1
122325,1
122326,1
122327,2
122328,2
122329,1
122330,1
122331,2
122332,2
122333,2
122334,2
122335,2
122336,1
122337,1
122338,1
122339,2
122340,2
122341,2
122342,1
122343,1
122344,1
122345,1
122346,1
122347,1
122348,3
122349,1
122350,1
122351,2
122352,2
122353,1
122354,2
122356,1
122357,1
122358,1
122359,1
122360,1
122361,2
122362,1
122364,2
122365,2
122366,2
122367,2
122368,1
122369,2
122370,1
122371,2
122372,2
122373,1
122374,2
122375,1
122376,2
122377,1
122379,1
122380,3
122381,1
122382,1
122383,1
122384,2
122386,2
122387,3
122388,1
122389,1
122390,2
122391,7
122392,2
122393,2
122394,2
122395,2
122396,2
122397,1
122398,1
122399,1
122401,1
122402,1
122403,1
122405,1
122406,1
122407,1
122408,1
122409,2
122410,1
122411,1
122412,1
122413,1
122414,2
122415,1
122416,1
122417,1
122418,2
122419,1
122421,2
122422,1
122423,1
122424,1
122425,2
122426,3
122427,2
122428,1
122429,2
122430,1
122431,1
122432,2
122433,1
122434,1
122435,1
122436,2
122437,4
122438,1
122439,1
122440,4
122441,1
122442,2
122443,2
122444,4
122445,1
122446,1
122447,1
122448,2
122449,1
122450,1
122451,1
122452,1
122453,2
122454,2
122455,1
122456,2
122457,1
122458,3
122459,1
122460,2
122461,1
122462,1
122463,1
122464,1
122465,1
122466,2
122467,1
122468,2
122469,1
122470,1
122471,2
122472,3
122473,1
122474,1
122475,2
122476,3
122477,3
122478,2
122479,1
122480,2
122482,1
122483,2
122484,2
122485,2
122486,1
122487,1
122488,1
122489,1
122490,1
122491,1
122492,1
122493,1
122494,1
122495,2
122496,1
122497,2
122498,1
122499,1
122500,2
122501,1
122502,1
122503,1
122504,2
122505,2
122506,1
122507,2
122508,1
122509,2
122510,1
122511,1
122512,1
122513,2
122514,3
122515,2
122516,1
122518,2
122519,5
122520,2
122521,1
122522,2
122523,1
122524,1
122525,1
122526,1
122527,1
122528,1
122530,1
122531,1
122532,2
122534,1
122536,2
122537,1
122538,2
122539,1
122540,1
122543,1
122544,2
122545,2
122546,3
122548,1
122549,1
122550,2
122551,2
122552,1
122553,2
122554,2
122555,1
122556,2
122557,1
122558,1
122559,2
122560,3
122561,1
122562,2
122563,1
122564,1
122565,2
122566,1
122567,1
122568,2
122570,2
122571,4
122572,4
122573,2
122574,2
122575,2
122576,1
122578,1
122579,1
122580,1
122581,2
122582,1
122583,1
122584,3
122585,1
122586,2
122587,1
122588,1
122589,2
122590,1
122591,1
122592,3
122593,1
122594,2
122595,1
122596,1
122597,3
122598,1
122599,2
122600,1
122601,2
122602,2
122603,2
122604,1
122605,2
122606,2
122608,1
122609,2
122610,2
122611,2
122612,2
122613,1
122614,1
122616,1
122617,2
122618,1
122619,1
122620,2
122621,5
122622,2
122623,3
122624,1
122625,2
122626,1
122627,1
122628,1
122629,1
122630,2
122632,1
122633,1
122634,3
122635,2
122636,1
122637,1
122638,2
122639,3
122640,1
122641,1
122642,2
122643,2
122644,1
122645,2
122646,2
122647,2
122648,1
122649,1
122650,2
122651,1
122652,1
122653,1
122654,2
122655,2
122656,2
122657,1
122658,1
122659,1
122660,2
122661,2
122662,2
122663,1
122664,1
122665,1
122666,1
122667,1
122669,2
122670,1
122671,1
122672,2
122673,1
122674,1
122675,2
122676,1
122677,1
122678,1
122679,2
122680,3
122681,2
122682,1
122683,2
122684,3
122685,1
122687,2
122688,1
122689,1
122690,2
122691,2
122692,1
122693,3
122694,2
122695,1
122696,1
122697,1
122698,2
122699,2
122700,1
122701,2
122702,3
122703,1
122704,1
122705,1
122706,1
122707,2
122708,2
122709,2
122710,1
122711,1
122712,2
122713,1
122714,2
122715,2
122716,1
122717,1
122718,1
122719,1
122720,2
122721,1
122722,1
122723,1
122724,1
122725,2
122726,1
122727,2
122728,1
122729,1
122730,2
122731,3
122732,2
122733,2
122735,2
122736,2
122737,1
122738,2
122739,2
122740,1
122741,1
122742,2
122743,1
122744,2
122745,1
122746,2
122747,2
122748,3
122749,1
122750,1
122751,1
122752,3
122753,2
122754,1
122755,1
122756,2
122757,1
122758,1
122759,1
122760,1
122761,2
122762,1
122763,3
122764,1
122765,1
122766,2
122767,1
122768,4
122769,1
122770,1
122771,2
122773,1
122774,2
122775,1
122776,1
122777,2
122778,2
122779,3
122780,2
122781,2
122782,1
122783,1
122784,2
122785,1
122786,1
122787,1
122788,1
122789,1
122790,2
122791,2
122792,2
122793,1
122794,3
122795,1
122796,1
122797,2
122798,1
122799,2
122800,1
122801,2
122802,2
122803,2
122804,1
122805,1
122806,1
122807,1
122808,2
122809,7
122810,1
122811,2
122812,2
122813,1
122814,2
122815,1
122816,1
122817,1
122818,1
122819,1
122820,2
122821,2
122822,1
122824,1
122825,1
122826,2
122827,2
122828,1
122829,1
122830,1
122831,2
122832,2
122833,3
122834,2
122835,2
122837,1
122838,1
122839,4
122840,1
122841,1
122842,2
122843,1
122844,1
122845,1
122846,2
122847,1
122848,1
122849,1
122850,1
122851,1
122852,1
122853,1
122854,1
122855,2
122856,2
122857,1
122858,2
122859,1
122860,2
122861,2
122862,1
122863,2
122864,2
122865,1
122866,2
122867,1
122868,2
122869,2
122870,2
122871,1
122872,1
122873,1
122875,6
122876,1
122877,1
122878,2
122879,1
122880,1
122881,2
122882,2
122883,1
122884,1
122885,2
122886,2
122887,1
122888,2
122889,1
122890,3
122891,1
122892,1
122893,5
122894,2
122895,1
122896,1
122897,1
122898,2
122899,2
122900,2
122901,2
122902,2
122903,1
122905,2
122906,3
122907,1
122908,3
122909,1
122910,2
122911,2
122912,1
122913,1
122915,2
122916,3
122917,1
122918,2
122919,1
122920,1
122921,1
122922,2
122923,3
122924,1
122925,1
122926,2
122927,1
122928,1
122929,1
122930,1
122931,2
122932,1
122933,2
122934,2
122935,4
122936,2
122937,3
122938,1
122939,2
122940,1
122941,2
122944,1
122945,2
122946,2
122947,1
122948,1
122949,1
122950,1
122951,2
122952,3
122953,3
122954,1
122955,1
122956,1
122957,1
122958,1
122960,1
122961,1
122962,1
122963,1
122964,1
122965,1
122966,3
122967,2
122968,1
122969,1
122970,1
122971,2
122972,3
122973,2
122974,3
122975,1
122976,1
122977,3
122979,1
122981,2
122982,2
122983,2
122984,2
122985,1
122986,1
122987,1
122988,2
122989,2
122990,2
122991,2
122992,2
122993,1
122994,1
122995,1
122997,2
122998,1
122999,1
123000,1
123002,1
123003,1
123004,1
123005,2
123006,1
123007,1
123008,3
123009,1
123010,1
123011,2
123012,2
123013,3
123014,3
123015,1
123016,2
123017,1
123018,1
123019,1
123020,1
123021,2
123022,2
123023,2
123024,1
123025,1
123026,1
123027,2
123028,2
123029,1
123030,1
123031,2
123032,3
123033,1
123034,2
123035,1
123036,1
123037,1
123038,1
123039,2
123040,2
123042,1
123043,2
123044,1
123045,1
123046,1
123047,2
123048,1
123049,1
123050,2
123051,1
123052,2
123053,2
123054,2
123055,2
123056,2
123057,1
123058,1
123059,1
123060,1
123061,1
123062,2
123063,1
123064,2
123065,2
123066,2
123067,3
123068,3
123069,2
123071,2
123072,1
123073,1
123074,1
123075,1
123076,2
123077,1
123078,2
123079,1
123080,1
123081,1
123082,1
123083,1
123084,2
123085,4
123086,2
123087,1
123088,1
123089,1
123090,2
123091,2
123094,1
123095,2
123096,2
123097,1
123098,1
123099,3
123100,1
123101,1
123102,1
123103,3
123104,1
123105,2
123106,2
123107,2
123108,1
123109,1
123110,1
123111,1
123112,2
123113,1
123114,3
123115,3
123116,1
123117,2
123118,2
123119,2
123120,1
123121,1
123122,1
123123,1
123124,2
123125,3
123126,1
123127,1
123128,2
123129,2
123132,4
123133,2
123134,1
123135,1
123136,3
123137,1
123138,2
123139,1
123140,2
123141,1
123142,2
123143,2
123144,1
123145,2
123146,1
123147,1
123148,4
123149,1
123150,2
123151,3
123152,2
123153,2
123154,1
123155,1
123157,1
123158,1
123159,1
123160,1
123161,1
123162,1
123163,1
123164,2
123166,2
123167,3
123168,1
123169,1
123170,3
123171,3
123172,2
123173,1
123174,1
123175,1
123176,1
123177,1
123178,2
123179,3
123180,1
123181,2
123182,1
123183,1
123184,1
123185,2
123186,1
123187,1
123188,1
123189,1
123190,1
123191,2
123192,2
123193,1
123194,1
123195,1
123196,3
123197,1
123198,2
123199,2
123200,2
123201,1
123202,1
123203,1
123204,1
123205,2
123206,2
123207,2
123208,1
123209,2
123210,1
123211,1
123212,1
123213,1
123214,1
123215,2
123216,2
123217,2
123219,3
123220,3
123221,2
123222,1
123223,3
123224,1
123225,3
123226,1
123227,3
123228,2
123229,2
123230,2
123231,1
123232,2
123234,1
123235,1
123236,2
123237,1
123238,1
123239,2
123240,10
123241,2
123242,1
123243,2
123244,1
123245,1
123246,1
123247,1
123251,2
123252,1
123253,1
123254,2
123255,1
123256,1
123257,2
123259,3
123260,1
123261,1
123262,1
123263,2
123265,1
123266,1
123267,2
123268,1
123269,2
123270,4
123271,1
123272,1
123273,2
123274,2
123275,1
123276,2
123277,3
123278,1
123280,2
123281,1
123282,1
123283,1
123284,1
123285,1
123286,1
123287,1
123289,3
123291,1
123292,2
123293,1
123295,2
123296,1
123297,1
123299,2
123300,2
123301,1
123303,1
123304,1
123305,1
123306,1
123307,1
123308,2
123310,1
123311,1
123312,2
123313,1
123314,4
123316,2
123317,1
123318,1
123319,1
123321,1
123322,1
123323,1
123324,2
123325,1
123326,2
123327,2
123328,1
123329,3
123330,3
123331,1
123332,1
123333,2
123334,2
123335,2
123336,1
123337,1
123338,1
123339,2
123340,1
123341,1
123342,1
123343,1
123344,1
123345,1
123346,1
123347,2
123349,1
123350,2
123352,2
123353,1
123354,1
123355,1
123356,1
123357,2
123358,2
123359,2
130001,1
130002,2
130003,2
130004,1
130005,2
130006,1
130007,1
130008,1
130009,1
130010,1
130011,1
130012,2
130013,2
130014,1
130015,1
130016,1
130017,1
130018,1
130019,1
130020,1
130021,1
130022,4
130023,1
130024,2
130025,2
130026,3
130027,2
130028,1
130029,1
130030,2
130031,2
130032,2
130033,3
130034,1
130035,1
130036,2
130037,3
130038,2
130039,3
130040,1
130041,1
130042,1
130043,1
130044,3
130045,2
130046,1
130047,1
130048,2
130049,1
130050,2
130051,1
130052,1
130053,1
130054,2
130055,2
130056,1
130058,1
130059,2
130061,2
130062,2
130063,1
130064,1
130065,2
130066,1
130067,1
130068,2
130069,1
130070,1
130071,2
130072,1
130073,1
130074,2
130075,1
130076,4
130077,2
130078,1
130079,2
130080,2
130081,1
130082,1
130083,1
130084,1
130085,1
130086,1
130087,2
130088,2
130089,2
130091,1
130092,2
130093,2
130094,1
130095,3
130096,2
130097,1
130098,3
130099,1
130100,2
130101,1
130102,1
130103,1
130104,1
130105,1
130106,3
130107,1
130108,4
130109,1
130110,1
130111,1
130113,2
130114,1
130115,1
130116,2
130117,1
130118,2
130119,1
130120,2
130121,1
130122,2
130123,2
130124,1
130125,1
130126,2
130127,1
130128,1
130129,1
130130,2
130131,1
130132,1
130133,1
130134,1
130135,1
130136,1
130137,1
130138,1
130139,1
130140,1
130141,1
130142,2
130143,1
130144,2
130145,2
130146,2
130147,2
130148,1
130149,3
130150,2
130151,2
130152,1
130153,1
130154,2
130155,1
130156,1
130158,1
130159,1
130160,1
130161,1
130162,2
130163,2
130164,1
130165,2
130166,2
130167,1
130168,2
130169,1
130171,1
130172,1
130173,2
130174,1
130175,1
130176,1
130177,1
130178,1
130179,1
130180,2
130181,1
130182,2
130183,1
130184,2
130185,3
130186,2
130187,1
130188,2
130189,1
130190,1
130191,1
130192,1
130193,1
130194,1
130195,1
130196,3
130197,2
130198,2
130199,2
130200,1
130201,1
130202,2
130203,1
130204,1
130205,2
130206,1
130207,2
130208,2
130209,1
130210,1
130211,2
130212,2
130213,2
130214,1
130215,1
130216,2
130217,2
130218,1
130219,1
130220,2
130221,2
130222,1
130223,2
130224,2
130225,1
130226,1
130227,1
130228,2
130229,1
130230,1
130231,1
130232,1
130233,1
130234,1
130235,1
130236,2
130238,3
130239,3
130240,1
130241,2
130242,1
130243,1
130244,2
130245,2
130246,1
130247,1
130248,2
130249,1
130250,2
130252,1
130253,1
130254,2
130255,1
130256,1
130257,1
130258,1
130259,2
130260,2
130261,2
130262,1
130263,1
130264,1
130265,2
130266,1
130267,1
130269,1
130270,2
130271,1
130272,1
130273,1
130274,2
130275,2
130276,2
130277,1
130278,3
130279,1
130280,2
130281,1
130282,1
130283,2
130284,2
130285,1
130287,2
130288,2
130289,1
130290,1
130291,1
130292,1
130293,1
130294,2
130295,1
130296,2
130297,1
130298,2
130299,1
130300,1
130301,1
130302,1
130303,1
130304,2
130305,2
130306,1
130307,1
130308,1
130309,2
130310,1
130311,1
130312,2
130313,1
130314,1
130315,2
130316,1
130317,1
130318,1
130319,1
130320,1
130321,2
130322,1
130323,2
130324,3
130325,1
130326,4
130327,1
130328,1
130329,1
130330,2
130331,1
130332,1
130333,2
130334,1
130335,2
130336,2
130337,1
130338,1
130339,1
130340,2
130341,2
130342,1
130343,1
130344,1
130345,2
130346,1
130347,1
130348,2
130349,2
130350,2
130351,1
130352,1
130353,2
130354,1
130355,1
130356,2
130357,1
130358,1
130359,1
130360,2
130361,1
130362,1
130363,1
130364,1
130365,2
130366,1
130367,2
130368,3
130369,2
130370,1
130371,1
130372,3
130373,1
130374,3
130375,1
130376,2
130377,2
130378,2
130379,4
130381,1
130382,1
130383,2
130384,2
130385,2
130386,1
130388,1
130389,1
130390,1
130391,1
130392,1
130393,1
130394,2
130395,2
130396,1
130397,1
130398,1
130399,2
130400,1
130401,1
130402,3
130403,1
130404,1
130405,5
130406,1
130407,1
130408,1
130409,1
130410,2
130411,1
130412,2
130413,1
130414,1
130415,1
130416,2
130417,1
130419,1
130420,2
130421,2
130422,1
130423,1
130424,2
130425,1
130426,2
130427,2
130428,3
130429,1
130430,1
130431,1
130432,2
130433,1
130434,1
130435,2
130436,1
130437,3
130438,1
130439,1
130440,1
130441,1
130442,2
130443,1
130444,3
130445,1
130446,1
130447,1
130448,1
130449,2
130451,1
130452,1
130453,1
130454,2
130455,1
130456,1
130457,1
130459,2
130460,1
130461,2
130462,1
130463,2
130464,2
130465,2
130466,1
130467,3
130468,2
130469,2
130470,1
130471,2
130472,2
130473,1
130474,1
130475,1
130476,1
130477,2
130478,2
130479,3
130480,3
130481,2
130482,1
130483,1
130484,1
130485,2
130486,1
130487,2
130488,1
130489,3
130490,1
130491,2
130492,2
130493,1
130494,2
130495,2
130496,2
130497,1
130498,1
130499,2
130500,1
130501,1
130502,1
130503,1
130504,2
130505,1
130506,1
130507,2
130508,2
130509,1
130510,1
130511,2
130512,1
130513,1
130514,2
130515,2
130516,1
130517,2
130518,2
130519,1
130520,1
130521,2
130522,1
130523,2
130524,1
130525,1
130526,1
130527,1
130528,1
130529,1
130530,2
130531,2
130532,2
130533,1
130534,2
130535,2
130536,1
130537,4
130538,2
130539,3
130540,2
130541,2
130542,2
130543,1
130544,4
130545,1
130546,1
130547,2
130548,2
130549,1
130550,1
130551,2
130552,1
130553,1
130554,1
130555,1
130556,1
130557,3
130558,1
130559,2
130560,1
130561,2
130562,2
130563,1
130564,1
130565,2
130566,1
130567,1
130568,1
130569,1
130570,1
130571,1
130572,2
130573,1
130574,1
130575,2
130576,1
130577,1
130578,1
130579,1
130580,1
130581,1
130582,1
130583,1
130584,2
130585,1
130586,2
130587,2
130588,1
130589,1
130590,1
130591,1
130592,1
130593,1
130594,1
130595,2
130596,1
130597,1
130598,1
130599,2
130600,1
130601,4
130602,2
130603,1
130604,1
130605,1
130606,1
130607,6
130608,1
130609,1
130610,1
130611,2
130612,1
130613,2
130614,2
130615,2
130616,2
130617,1
130618,1
130619,1
130620,1
130621,1
130622,2
130623,2
130624,1
130625,1
130626,1
130627,1
130628,4
130629,1
130630,1
130631,1
130632,2
130633,2
130634,1
130635,3
130636,1
130637,1
130638,2
130639,1
130640,2
130641,1
130642,2
130643,1
130644,1
130645,2
130646,1
130647,1
130648,2
130649,1
130650,2
130651,1
130652,3
130653,1
130654,1
130655,2
130656,1
130657,1
130658,1
130659,1
130660,2
130661,1
130662,1
130663,2
130664,1
130665,2
130666,2
130667,2
130668,1
130669,1
130670,2
130672,1
130673,2
130674,3
130675,1
130676,1
130677,2
130678,1
130679,2
130680,1
130681,2
130682,1
130683,3
130684,1
130685,2
130686,1
130687,1
130688,3
130689,1
130690,2
130691,1
130692,1
130693,1
130694,1
130695,1
130696,2
130697,1
130698,1
130699,2
130700,1
130701,1
130702,2
130703,1
130704,1
130705,2
130706,2
130707,1
130708,2
130709,1
130710,2
130711,1
130712,2
130713,3
130714,1
130715,1
130716,2
130717,2
130718,2
130720,1
130721,1
130722,1
130723,2
130724,2
130725,1
130726,1
130727,3
130728,1
130729,1
130730,3
130732,2
130733,1
130734,1
130735,2
130736,2
130737,2
130738,1
130739,2
130740,2
130741,2
130742,3
130743,1
130744,1
130746,1
130747,1
130748,1
130749,2
130750,2
130751,1
130752,2
130753,1
130754,2
130755,2
130756,2
130757,1
130758,1
130759,1
130760,1
130761,1
130762,1
130763,1
130764,2
130765,1
130766,2
130767,1
130768,2
130769,5
130770,1
130771,2
130772,1
130773,2
130774,1
130775,2
130776,1
130777,2
130779,1
130780,1
130781,2
130782,1
130783,2
130784,2
130785,2
130786,1
130787,2
130788,1
130789,1
130790,2
130792,1
130793,3
130794,1
130795,2
130796,1
130798,1
130799,1
130800,1
130801,1
130802,1
130803,1
130804,3
130805,2
130806,2
130807,2
130808,2
130809,2
130810,1
130811,2
130812,2
130813,1
130814,2
130815,1
130816,1
130818,1
130819,2
130820,2
130821,2
130822,1
130823,1
130824,1
130825,1
130826,2
130827,3
130828,1
130829,1
130830,1
130831,1
130832,2
130833,1
130834,1
130835,1
130836,1
130837,2
130838,1
130839,1
130840,2
130841,3
130842,2
130843,1
130844,1
130845,1
130846,1
130847,2
130848,3
130849,1
130850,1
130851,1
130852,1
130853,2
130854,2
130855,1
130856,2
130858,2
130859,2
130860,1
130861,1
130862,2
130863,1
130864,1
130865,3
130866,2
130867,2
130868,2
130870,2
130871,2
130872,3
130873,1
130874,1
130875,1
130876,2
130877,1
130878,3
130879,1
130880,1
130881,2
130882,2
130883,1
130884,1
130885,2
130886,2
130887,3
130888,2
130889,1
130890,1
130891,2
130893,2
130894,2
130895,1
130896,1
130897,3
130898,3
130899,1
130900,1
130901,1
130902,2
130903,1
130904,1
130905,1
130906,1
130907,2
130908,1
130909,1
130910,2
130911,1
130912,1
130913,2
130914,1
130915,2
130916,1
130917,7
130918,1
130919,2
130920,1
130921,1
130922,1
130923,4
130924,1
130925,1
130926,2
130927,1
130928,1
130929,1
130930,2
130931,2
130932,2
130934,3
130935,2
130936,1
130937,1
130938,1
130939,1
130940,1
130941,2
130942,3
130943,1
130944,2
130945,1
130946,1
130947,1
130948,2
130949,1
130950,3
130951,1
130953,1
130954,1
130955,2
130956,2
130957,2
130958,2
130960,1
130961,2
130962,2
130963,2
130964,1
130965,2
130967,1
130968,2
130969,2
130970,1
130971,1
130972,2
130973,2
130974,1
130975,3
130976,1
130977,2
130978,2
130980,2
130981,2
130982,1
130983,2
130984,2
130985,2
130986,1
130987,1
130988,1
130989,2
130990,1
130991,1
130993,1
130994,2
130995,2
130996,2
130997,1
130998,2
130999,1
131000,1
131001,2
131002,1
131004,2
131005,1
131006,3
131007,2
131008,1
131009,1
131010,1
131011,1
131012,2
131013,2
131016,1
131017,2
131018,2
131019,1
131020,1
131021,1
131022,1
131024,2
131025,1
131026,2
131027,2
131028,1
131029,1
131030,2
131031,2
131032,2
131033,1
131035,1
131036,1
131037,1
131038,2
131039,1
131040,1
131041,1
131042,2
131043,5
131044,1
131045,2
131046,2
131047,2
131048,1
131049,1
131050,2
131051,2
131052,2
131053,2
131055,1
131056,1
131057,2
131058,1
131059,1
131060,1
131061,1
131062,1
131063,2
131064,1
131065,1
131066,1
131067,1
131068,2
131069,3
131070,1
131071,6
131072,1
131073,1
131074,2
131075,1
131076,1
131077,1
131079,2
131080,1
131081,1
131082,2
131083,1
131084,1
131085,2
131086,1
131087,2
131088,2
131089,2
131090,1
131091,2
131092,2
131093,1
131094,5
131095,3
131096,2
131097,1
131098,2
131099,2
131100,1
131101,1
131102,4
131103,1
131104,2
131105,1
131106,1
131107,2
131108,1
131109,1
131110,2
131111,2
131112,2
131113,3
131114,2
131115,1
131116,1
131117,2
131118,2
131119,1
131120,1
131121,1
131122,2
131123,1
131124,3
131125,1
131126,3
131127,1
131128,2
131129,1
131131,2
131132,1
131133,1
131135,1
131136,1
131137,1
131138,1
131139,1
131140,1
131141,1
131142,2
131143,1
131144,1
131145,2
131146,1
131147,1
131148,1
131149,1
131150,1
131151,2
131152,5
131153,1
131154,1
131155,1
131156,2
131157,1
131158,1
131159,1
131160,3
131161,2
131162,3
131163,4
131164,2
131165,2
131166,1
131168,2
131169,2
131170,2
131171,1
131172,1
131173,2
131174,2
131176,1
131177,2
131178,1
131179,2
131180,1
131181,1
131182,1
131183,2
131184,1
131185,2
131186,2
131187,1
131188,1
131189,2
131190,1
131191,1
131192,1
131193,2
131194,3
131195,2
131196,2
131197,2
131198,2
131199,1
131200,1
131201,1
131202,1
131203,1
131204,2
131205,2
131206,1
131207,1
131208,3
131210,2
131211,2
131212,1
131213,1
131214,2
131215,1
131216,1
131217,3
131218,1
131219,1
131220,1
131221,1
131222,1
131223,1
131224,1
131225,1
131226,1
131227,1
131228,1
131229,1
131230,4
131231,2
131232,2
131233,1
131234,1
131235,3
131236,2
131237,1
131238,2
131239,1
131240,2
131241,3
131242,2
131243,2
131244,1
131245,1
131246,2
131247,1
131248,1
131249,1
131250,1
131251,1
131252,1
131253,2
131254,2
131255,1
131256,2
131257,1
131258,2
131259,1
131260,1
131261,1
131262,1
131263,1
131264,2
131265,1
131266,1
131267,2
131268,5
131269,2
131270,1
131271,2
131272,1
131273,2
131274,1
131275,1
131276,1
131277,1
131278,1
131279,1
131280,3
131281,3
131282,2
131283,1
131284,3
131285,2
131286,1
131287,2
131288,1
131289,2
131290,2
131291,1
131292,1
131293,2
131294,1
131295,1
131296,1
131297,3
131298,1
131299,1
131300,1
131301,2
131302,2
131303,2
131304,1
131305,1
131306,1
131307,1
131308,1
131309,1
131310,2
131311,1
131312,1
131313,1
131315,2
131316,1
131317,1
131318,1
131319,1
131320,1
131321,2
131322,2
131323,2
131324,1
131325,2
131326,2
131327,2
131328,1
131329,1
131330,1
131331,1
131332,1
131333,1
131334,4
131335,2
131336,1
131337,1
131338,1
131339,1
131340,2
131341,2
131342,2
131343,1
131344,1
131345,1
131346,2
131347,1
131348,4
131349,2
131350,1
131351,2
131352,1
131353,1
131354,5
131355,1
131356,5
131357,2
131358,3
131359,1
131360,2
131361,1
131362,2
131363,2
131364,1
131365,1
131366,1
131367,2
131368,2
131369,1
131370,1
131371,1
131372,1
131373,2
131374,1
131375,1
131376,1
131378,2
131379,2
131381,1
131382,2
131383,1
131384,1
131385,1
131386,1
131387,2
131388,3
131389,1
131390,1
131391,2
131392,2
131393,2
131394,3
131395,2
131397,2
131398,1
131399,3
131400,1
131401,1
131402,3
131403,2
131404,2
131405,1
131406,1
131407,1
131408,1
131409,1
131410,4
131411,3
131413,2
131414,2
131415,1
131416,1
131417,1
131418,2
131419,1
131420,2
131421,1
131422,1
131423,2
131424,1
131425,1
131426,2
131427,2
131428,1
131429,1
131430,1
131431,1
131432,1
131433,1
131434,1
131435,1
131436,3
131437,2
131438,3
131439,2
131440,1
131441,1
131442,1
131443,2
131444,2
131445,2
131446,3
131447,2
131448,1
131449,2
131450,2
131451,1
131452,1
131453,1
131454,1
131455,1
131456,2
131457,1
131458,2
131459,1
131460,1
131462,1
131463,1
131464,1
131465,2
131466,2
131467,1
131468,1
131469,1
131470,1
131471,1
131472,1
131473,2
131474,2
131475,1
131476,1
131477,1
131478,3
131479,2
131480,2
131482,1
131483,3
131484,1
131485,1
131486,1
131487,2
131488,2
131489,3
131490,1
131491,2
131492,1
131493,2
131494,2
131495,1
131496,1
131497,1
131498,2
131499,2
131500,3
131501,2
131502,1
131504,1
131505,2
131506,1
131507,1
131508,1
131509,1
131510,2
131511,1
131512,1
131513,3
131514,2
131515,1
131516,1
131517,1
131518,1
131519,2
131520,1
131527,1
131532,1
131533,1
131534,1
131535,1
131536,1
131537,2
131538,4
131540,1
131541,1
131543,1
131546,3
131547,1
131548,2
131549,1
131550,1
131552,2
131553,1
150001,1
150002,1
150003,1
150004,2
150005,1
150006,1
150007,3
150008,2
150009,2
150010,1
150011,1
150012,2
150013,1
150014,2
150016,1
150017,1
150018,1
150019,1
150021,1
150022,1
150023,1
150024,2
150025,1
150026,1
150027,2
150028,1
150029,1
150030,1
150031,1
150032,1
150033,1
150034,1
150035,1
150036,2
150037,1
150038,1
150039,1
150040,1
150041,1
150042,1
150043,1
150044,1
150045,2
150046,1
150047,1
150048,2
150049,1
150050,4
150051,1
150052,1
150053,1
150054,1
150055,1
150056,1
150057,2
150058,1
150059,1
150060,3
150061,2
150062,1
150063,1
150064,1
150065,1
150066,2
150067,1
150068,1
150069,1
150070,1
150071,1
150072,1
150073,1
150074,1
150075,2
150076,1
150077,1
150078,2
150080,1
150081,1
150082,1
150083,1
150084,3
150085,3
150086,2
150087,1
150088,1
150090,1
150091,3
150094,1
160001,1
160003,1
160004,2
160005,1
160006,2
160007,3
160008,2
160009,1
160010,1
160011,1
160012,3
160013,3
160014,2
160015,1
160016,1
160017,1
160018,1
160019,2
160020,2
160021,2
160022,2
160023,2
160024,1
160025,2
160027,2
160028,2
160029,1
160030,2
160031,2
160032,1
160033,1
160034,1
160035,1
160036,1
160037,1
160038,2
160039,2
160040,1
160041,3
160042,2
160043,2
160044,1
160045,2
160046,2
160047,1
160048,2
160049,2
160050,1
160051,2
160052,1
160053,2
160054,1
160055,2
160056,3
160057,2
160058,2
160059,2
160060,1
160061,2
160062,1
160063,1
160064,1
160065,2
160066,2
160067,2
160068,1
160070,1
160071,1
160072,1
160073,1
160074,3
160075,1
160076,1
160077,1
160078,1
160079,1
160080,1
160081,1
160082,2
160083,2
160084,2
160085,1
160086,1
160087,1
160088,2
160089,1
160090,2
160091,1
160092,1
160093,1
160094,2
160095,1
160096,2
160097,1
160098,1
160099,1
160100,2
160101,1
160102,2
160103,2
160104,2
160105,1
160106,4
160107,1
160108,1
160109,2
160110,1
160111,3
160112,2
160113,1
160114,1
160115,4
160116,1
160118,1
160119,2
160120,2
160121,2
160122,2
160123,1
160124,1
160125,1
160126,1
160127,1
160128,1
160129,1
160130,2
160131,1
160132,2
160133,2
160134,2
160135,1
160136,1
160137,1
160138,5
160139,2
160140,1
160142,2
160143,2
160144,1
160145,1
160146,1
160147,1
160148,2
160149,2
160150,1
160151,1
160152,1
160153,1
160154,1
160155,1
160156,1
160157,1
160158,2
160159,1
160160,1
160161,2
160162,2
160163,1
160164,2
160165,2
160166,1
160167,1
160168,6
160169,1
160170,1
160171,2
160172,2
160173,2
160174,2
160175,2
160176,1
160177,1
160178,2
160179,1
160180,2
160181,2
160182,1
160184,1
160185,1
160186,2
160187,1
160188,3
160189,1
160190,1
160191,1
160192,2
160193,1
160194,1
160195,1
160196,2
160197,4
160198,1
160199,1
160200,1
160201,1
160202,1
160203,1
160204,35
160205,2
160206,2
160207,1
160208,1
160209,2
160210,1
160211,1
160212,1
160213,2
160214,1
160215,1
160216,2
160217,1
160218,1
160219,1
160220,1
160221,2
160222,2
160223,1
160224,1
160225,1
160226,1
160227,1
160228,2
160229,1
160230,2
160231,3
160232,1
160233,1
160234,1
160235,3
160236,2
160238,1
160239,2
160240,2
160241,1
160242,1
160243,1
160244,2
160245,1
160246,1
160247,1
160248,2
160249,1
170001,1
170002,1
170003,2
170004,2
170005,1
170006,2
170007,2
170008,1
170009,1
170010,3
170011,2
170012,1
170013,1
170014,2
170015,2
170016,1
170017,3
170018,1
170019,2
170020,2
170021,2
170022,1
170023,3
170024,1
170025,1
170026,2
170027,1
170028,3
170030,1
170031,2
170032,2
170033,1
170034,1
170035,3
170036,1
170037,1
170039,1
170040,1
170041,5
170042,1
170043,3
170044,4
170045,1
170046,2
170047,2
170048,2
170049,2
170050,1
170051,1
170052,2
170053,2
170054,1
170055,2
170056,3
170057,2
170058,3
170059,2
170060,1
170061,1
170062,3
170063,1
170064,3
170065,1
170066,2
170067,2
170068,2
170069,1
170070,1
170071,1
170072,1
170073,1
170074,2
170075,2
170076,1
170077,1
170078,1
170079,1
170080,1
170081,2
170082,2
170083,1
170084,1
170085,1
170086,2
170087,2
170088,2
170089,2
170090,1
170092,1
170093,1
170094,1
170095,2
170096,2
170097,1
170098,1
170099,1
170100,2
170101,2
170102,1
170103,1
170104,2
170105,2
170106,1
170107,1
170108,2
170109,1
170110,1
170111,1
170112,1
170113,1
170114,2
170115,1
170116,1
170117,2
170118,3
170119,3
170120,2
170121,1
170122,2
170123,2
170124,3
170125,2
170126,1
170127,1
170128,1
170129,1
170130,1
170131,3
170132,1
170133,1
170135,2
170136,1
170137,1
170138,2
170139,1
170140,1
170141,1
170142,2
170143,2
170144,1
170146,1
170147,2
170148,1
170149,1
170150,2
170152,2
170153,1
170154,1
170155,1
170156,1
170157,1
170158,2
170159,1
170160,1
170161,2
170162,1
170163,2
170164,2
170166,1
170167,1
170168,1
170170,2
170171,1
170172,1
170173,4
170174,2
170175,2
170176,2
170177,1
170178,2
170179,2
170180,1
170181,2
170182,2
170183,1
170184,1
170185,1
170186,1
170187,1
170188,1
170189,1
170190,1
170191,1
170192,2
170193,2
170194,4
170195,1
170196,2
170197,2
170198,3
170199,1
170200,1
170201,1
170202,1
170203,1
170204,1
170205,3
170207,2
170209,1
170210,1
170211,2
170212,1
170214,1
170215,4
170216,1
170217,1
170218,1
170219,2
170220,2
170221,2
170222,2
170223,2
170224,2
170225,1
170226,1
170227,1
170228,4
170229,2
170230,2
170231,2
170232,2
170233,1
170234,1
170235,1
170236,1
170237,2
170238,2
170239,1
170240,2
170241,1
170242,1
170243,2
170244,3
170245,2
170246,1
170247,2
170248,1
170249,1
170250,1
170252,1
170253,1
170254,1
170255,1
170256,1
170257,1
170258,1
170259,1
170260,3
170261,2
170262,2
170263,2
170264,1
170265,2
170266,1
170267,3
170268,1
170269,2
170270,1
170271,1
170272,2
170273,1
170274,1
170275,2
170276,1
170277,1
170278,1
170279,1
170280,1
170281,2
170282,2
170283,1
170284,2
170285,1
170286,3
170287,2
170288,2
170289,1
170290,1
170291,1
170292,1
170293,1
170294,1
170295,2
170296,2
170297,1
170298,1
170299,1
170300,1
170301,2
170302,1
170303,3
170304,1
170305,1
170306,3
170307,2
170308,1
170309,2
170310,1
170311,2
170312,1
170313,2
170314,1
170315,1
170316,2
170317,5
170318,2
170319,2
170320,1
170321,1
170322,6
170323,2
170324,1
170325,2
170326,2
170327,2
170328,4
170329,2
170330,3
170331,2
170332,3
170333,2
170334,1
170336,1
170337,1
170338,3
170339,2
170340,1
170341,2
170342,1
170343,2
170344,2
170345,2
170346,1
170347,1
170348,1
170349,1
170350,2
170351,2
170353,2
170354,1
170355,1
170356,3
170357,1
170358,2
170359,2
170360,1
170361,1
170362,2
170363,2
170364,1
170365,1
170366,4
170367,2
170368,2
170369,2
170370,1
170371,1
170372,1
170373,2
170374,3
170375,1
170376,2
170377,1
170378,1
170379,2
170380,2
170381,1
170382,1
170383,1
170384,1
170385,1
170386,2
170387,1
170388,1
170389,3
170390,2
170391,1
170393,1
170394,1
170395,1
170396,2
170397,1
170398,3
170399,2
170400,2
170401,1
170402,1
170403,1
170404,2
170405,1
170406,2
170407,2
170408,1
170409,1
170410,1
170411,1
170412,1
170413,2
170414,1
170415,1
170416,1
170417,2
170418,1
170419,2
170421,2
170422,1
170423,2
170424,1
170425,1
170426,2
170427,1
170428,1
170429,2
170430,1
170431,1
170432,2
170433,2
170434,3
170435,1
170437,1
170438,2
170439,1
170440,1
170441,2
170442,1
170443,1
170444,1
170445,1
170446,3
170447,2
170448,1
170449,2
170450,1
170451,1
170452,2
170453,1
170454,2
170455,3
170456,1
170457,1
170458,2
170459,2
170460,2
170461,3
170462,1
170463,1
170464,1
170466,3
170467,1
170468,1
170469,1
170470,1
170471,1
170472,1
170473,1
170474,1
170475,2
170476,1
170477,2
170478,2
170479,2
170480,1
170481,2
170482,2
170483,2
170484,5
170485,2
170486,1
170487,1
170488,1
170489,1
170490,1
170491,1
170492,3
170493,2
170494,1
170495,1
170496,1
170497,1
170498,2
170499,1
170500,2
170501,1
170502,2
170503,2
170504,1
170505,1
170506,1
170507,2
170508,2
170509,3
170510,2
170511,4
170512,1
170513,1
170514,1
170515,2
170516,1
170517,1
170518,2
170519,1
170520,2
170521,1
170522,2
170523,2
170524,2
170525,1
170526,1
170527,1
170528,1
170529,2
170530,1
170531,1
170532,1
170533,1
170534,1
170535,2
170536,2
170537,1
170538,2
170539,1
170540,2
170542,1
170543,1
170544,2
170545,3
170546,1
170547,2
170548,2
170549,2
170550,1
170551,2
170552,2
170553,2
170554,1
170555,2
170556,2
170557,2
170558,2
170559,1
170560,1
170561,1
170562,1
170563,1
170564,1
170565,1
170566,1
170567,1
170568,1
170569,2
170570,2
170571,1
170572,1
170573,3
170574,2
170575,1
170576,1
170577,1
170578,2
170579,2
170580,2
170582,1
170583,2
170584,2
170585,2
170586,3
170587,1
170588,2
170589,1
170590,2
170591,4
170592,1
170593,2
170594,2
170595,1
170596,1
170597,1
170598,1
170599,1
170600,1
170601,2
170602,2
170603,1
170604,1
170605,2
170606,1
170607,1
170608,1
170609,2
170611,2
170612,2
170613,1
170614,2
170615,3
170616,2
170617,1
170619,1
170620,2
170621,2
170622,1
170623,1
170624,1
170625,4
170626,2
170627,2
170628,1
170629,1
170630,1
170631,1
170632,2
170633,2
170634,2
170636,3
170637,2
170638,2
170639,2
170640,2
170641,1
170642,2
170643,1
170644,2
170645,1
170646,2
170647,2
170648,1
170649,1
170650,2
170651,1
170652,2
170653,2
170654,2
170655,2
170656,1
170657,3
170658,1
170659,1
170660,2
170661,4
170662,1
170663,1
170664,2
170665,2
170666,1
170667,2
170668,1
170669,2
170670,1
170671,3
170672,2
170673,1
170674,1
170675,3
170676,2
170677,2
170678,2
170679,1
170680,2
170681,2
170682,1
170683,3
170684,2
170685,1
170686,3
170687,1
170688,1
170689,2
170690,1
170691,1
170692,1
170693,1
170694,2
170695,1
170696,5
170697,3
170698,2
170699,1
170700,1
170701,2
170702,1
170703,2
170704,1
170705,1
170706,1
170707,2
170708,1
170709,1
170710,2
170711,1
170712,1
170713,2
170714,1
170715,2
170716,1
170717,2
170719,2
170721,2
170722,1
170723,2
170724,2
170725,1
170726,2
170727,1
170728,2
170729,2
170730,1
170731,2
170732,2
170733,1
170734,2
170735,1
170736,1
170737,3
170738,3
170739,1
170740,1
170741,1
170743,2
170744,2
170745,1
170746,3
170747,1
170748,1
170749,1
170750,2
170751,3
170752,2
170753,2
170754,2
170755,1
170756,2
170757,3
170758,1
170759,2
170760,1
170761,2
170763,2
170764,2
170765,1
170766,1
170767,3
170768,4
170769,1
170770,2
170771,1
170772,1
170773,2
170774,1
170775,1
170776,1
170777,2
170778,2
170779,1
170780,2
170782,1
170783,2
170784,1
170785,1
170786,2
170787,1
170788,3
170789,3
170790,1
170791,1
170792,1
170793,1
170794,1
170795,1
170796,2
170797,2
170798,2
170799,2
170800,2
170801,2
170802,2
170803,3
170804,1
170805,1
170806,2
170807,1
170808,1
170809,2
170810,1
170811,2
170812,1
170813,2
170814,1
170815,1
170816,1
170817,2
170818,2
170819,2
170820,2
170821,2
170822,2
170823,1
170824,2
170825,2
170826,2
170827,1
170828,2
170829,1
170830,2
170831,2
170832,1
170833,1
170834,2
170835,1
170836,2
170837,2
170838,2
170839,1
170840,1
170841,2
170842,2
170843,2
170844,1
170845,1
170846,1
170847,1
170848,1
170849,1
170850,1
170851,3
170852,1
170853,2
170854,1
170855,2
170856,2
170857,1
170858,2
170859,1
170860,1
170861,2
170862,1
170863,2
170864,2
170865,2
170866,2
170867,3
170868,1
170869,1
170870,2
170871,1
170872,1
170873,2
170874,1
170875,1
170876,2
170877,2
170878,1
170879,5
170880,1
170881,2
170882,1
170883,2
170884,2
170885,1
170886,1
170887,3
170888,2
170889,2
170890,1
170891,2
170892,1
170893,1
170894,1
170895,2
170896,1
170897,2
170898,2
170899,2
170900,1
170901,2
170902,2
170903,1
170904,2
170905,2
170906,2
170907,1
170908,1
170909,2
170910,1
170911,2
170912,1
170913,1
170914,1
170915,2
170916,3
170917,1
170918,3
170919,2
170920,1
170921,1
170922,2
170923,1
170924,1
170925,2
170926,1
170927,1
170928,1
170929,1
170930,1
170931,1
170932,2
170933,1
170934,1
170935,3
170936,1
170937,2
170938,1
170939,2
170940,2
170941,1
170942,2
170943,1
170944,1
170945,1
170946,1
170947,1
170948,3
170949,1
170950,1
170951,1
170952,1
170953,1
170954,1
170955,1
170956,2
170957,1
170958,1
170959,2
170960,1
170961,1
170962,1
170963,2
170964,1
170965,2
170966,2
170967,1
170968,1
170969,2
170970,2
170971,2
170972,1
170973,2
170974,1
170975,2
170977,2
170978,2
170979,1
170980,1
170981,1
170982,1
170983,1
170984,1
170985,3
170986,1
170987,2
170988,1
170989,3
170990,1
170991,2
170992,2
170993,1
170994,2
170995,1
170996,2
170997,4
170998,2
170999,2
171000,2
171001,1
171002,1
171003,1
171004,1
171005,2
171006,2
171007,1
171008,1
171009,1
171010,1
171011,2
171012,2
171013,2
171014,2
171015,3
171016,1
171017,1
171018,1
171019,1
171020,1
171021,2
171022,1
171023,2
171024,1
171025,2
171026,1
171027,1
171028,3
171029,1
171030,1
171031,1
171032,1
171033,1
171034,1
171035,1
171036,1
171037,1
171038,2
171039,1
171040,2
171041,2
171042,1
171043,1
171044,2
171045,1
171046,1
171047,1
171048,1
171049,1
171050,2
171051,1
171052,1
171053,3
171054,1
171055,2
171056,1
171057,1
171058,3
171059,5
171060,2
171061,2
171062,2
171063,1
171064,1
171065,1
171066,1
171067,1
171068,1
171069,1
171070,1
171071,1
171072,1
171073,2
171074,2
171075,2
171076,2
171077,2
171079,2
171080,2
171081,1
171082,1
171083,1
171085,1
171086,1
171087,2
171088,1
171089,2
171090,2
171091,2
171092,2
171093,1
171094,2
171095,2
171096,5
171097,2
171098,2
171099,3
171100,1
171101,1
171102,2
171103,2
171104,1
171105,2
171106,3
171107,1
171108,1
171109,1
171110,2
171111,1
171112,2
171113,1
171114,1
171115,1
171116,2
171117,3
171118,1
171119,1
171120,3
171121,2
171122,2
171123,1
171124,1
171125,2
171126,1
171127,2
171128,2
171129,1
171130,2
171131,1
171132,1
171133,1
171134,2
171135,2
171136,2
171137,1
171138,1
171139,2
171140,2
171141,2
171142,2
171143,2
171144,2
171145,1
171146,1
171147,2
171148,3
171149,2
171150,2
171151,1
171152,3
171153,1
171154,3
171155,2
171156,2
171157,3
171158,4
171159,1
171160,1
171161,3
171162,2
171163,1
171164,1
171165,2
171166,2
171167,4
171168,2
171169,5
171170,2
171171,1
171172,2
171173,3
171174,1
180001,1
180003,1
180004,1
180005,1
180006,1
180007,2
180008,1
180009,1
180010,1
180011,2
180012,1
180013,2
180014,2
180015,2
180016,1
180017,2
180018,1
180019,1
180020,1
180021,2
180022,2
180023,1
180024,1
180025,1
180026,1
180027,2
180028,1
180029,1
180030,2
180031,2
180032,2
180033,1
180034,2
180035,2
180036,1
180037,2
180038,1
180039,1
180040,1
180041,2
180042,1
180043,2
180044,2
180045,1
180046,1
180047,1
180048,2
180049,1
180050,1
180051,2
180052,1
180053,1
180054,1
180055,1
180056,2
180057,1
180058,2
180059,2
180060,3
180061,1
180062,1
180063,1
180064,1
180065,2
180066,1
180067,2
180068,1
180069,2
180070,1
180071,2
180072,2
180073,1
180074,2
180075,1
180076,1
180077,2
180078,1
180079,2
180080,1
180081,1
180082,1
180083,2
180084,1
180085,1
180086,2
180087,1
180088,1
180089,1
180090,1
180091,2
180092,1
180093,1
180094,1
180095,1
180096,2
180097,2
180098,1
180099,1
180100,2
180101,2
180102,2
180103,2
180104,3
180105,2
180106,1
180107,2
180108,2
180109,1
180110,2
180111,2
180112,1
180113,1
180114,1
180115,1
180116,2
180117,2
180118,1
180119,2
180120,2
180121,3
180122,5
180123,1
180124,1
180125,3
180127,1
180128,1
180129,1
180130,2
180131,1
180132,2
180133,2
180134,3
180135,1
180136,2
180137,1
180138,1
180139,1
180140,2
180141,2
180145,1
180146,2
180147,2
180148,2
180149,1
180150,2
180151,1
180152,2
180153,1
180155,1
180156,1
180157,2
180158,1
180159,2
180160,3
180162,1
180163,1
180164,1
180165,1
180166,1
180167,2
180168,1
180169,2
180170,1
180171,2
180172,2
180173,2
180174,1
180175,3
180176,2
180177,1
180178,3
180179,1
180180,1
180181,1
180182,1
180183,2
180184,1
180185,1
180186,2
180187,1
180188,1
180189,1
180190,2
180191,3
180192,2
180193,2
180194,1
180195,3
180196,1
180197,2
180198,1
180199,3
180200,1
180201,1
180202,1
180203,1
180204,1
180205,2
180206,2
180208,2
180210,2
180211,1
180212,3
180213,2
180214,1
180215,2
180216,1
180217,1
180218,2
180219,1
180220,2
180221,1
180222,1
180223,3
180224,1
180225,1
180226,2
180227,1
180228,2
180230,1
180231,5
180232,2
180234,1
180235,3
180236,1
180237,1
180238,1
180239,2
180240,2
180241,1
180242,1
180243,2
180244,3
180245,2
180246,1
180247,1
180248,2
180249,1
180250,1
180251,2
180252,4
180253,1
180254,2
180255,1
180256,1
180257,1
180258,2
180259,1
180260,2
180261,1
180262,2
180263,1
180264,2
180265,2
180266,2
180267,2
180268,1
180269,1
180270,2
180271,2
180272,2
180273,2
180274,1
180275,2
180276,3
180277,2
180278,2
180279,2
180280,1
180281,1
180282,2
180283,1
180284,1
180285,1
180286,1
180287,1
180288,1
180289,2
180290,2
180291,2
180292,1
180293,1
180294,2
180295,1
180296,2
180297,1
180298,1
180299,2
180300,2
180301,1
180302,1
180303,1
180304,2
180305,2
180306,1
180307,1
180308,1
180309,1
180310,2
180311,1
180312,2
180313,1
180314,1
180315,2
180316,1
180317,1
180318,2
180320,7
180321,2
180322,1
180323,1
180324,2
180325,2
180326,2
180327,1
180328,1
180329,3
180330,4
180331,2
180332,2
180333,1
180334,2
180335,1
180336,1
180338,1
180339,1
180340,2
180341,2
180342,2
180343,1
180344,1
180345,3
180346,1
180347,1
180348,1
180349,1
180350,2
180351,1
180352,3
180354,1
180355,2
180356,1
180357,1
180358,1
180359,2
180360,1
180361,2
180362,1
180363,2
180364,2
180365,1
180366,3
180368,2
180369,1
180370,2
180371,1
180372,2
180373,2
180374,1
180375,1
180376,1
180377,2
180378,1
180379,2
180380,2
180381,2
180382,1
180383,1
180384,2
180385,2
180386,1
180387,1
180388,2
180389,1
180390,2
180391,1
180392,2
180393,2
180394,2
180395,1
180396,1
180397,1
180398,1
180399,1
180400,1
180402,1
180403,1
180404,1
180405,1
180406,1
180407,2
180408,3
180409,2
180410,2
180411,1
180412,2
180413,1
180414,1
180415,3
180416,1
180417,1
180418,2
180419,2
180420,1
180421,1
180422,1
180423,1
180424,2
180425,1
180426,2
180427,1
180428,1
180429,1
180430,1
180431,1
180432,2
180433,1
180434,1
180435,2
180436,2
180437,2
180438,1
180440,1
180441,1
180442,1
180443,1
180444,2
180445,2
180446,2
180447,1
180448,2
180450,2
180451,1
180452,1
180453,2
180454,2
180455,1
180456,1
180457,1
180458,2
180459,1
180460,1
180461,2
180462,2
180463,3
180464,1
180466,1
180467,1
180468,1
180469,1
180470,1
180471,2
180472,2
180473,2
180474,1
180475,2
180476,2
180477,2
180478,1
180479,2
180480,2
180481,1
180482,1
180483,1
180484,2
180485,1
180486,2
180487,1
180488,2
180489,1
180490,1
180491,2
180492,1
180493,2
180494,1
180495,1
180496,1
180497,1
180498,1
180499,1
180500,1
180501,1
180502,1
180503,1
180504,1
180505,1
180506,1
180507,2
180508,2
180509,1
180510,2
180511,1
180512,1
180513,1
180514,2
180515,2
180516,2
180517,2
180518,1
180519,4
180520,2
180521,2
180522,2
180523,2
180524,1
180525,1
180526,2
180527,1
180528,3
180529,1
180530,1
180531,1
180532,1
180533,1
180534,1
180535,2
180536,3
180537,3
180538,2
180539,2
180540,1
180541,1
180542,1
180543,1
180544,2
180545,1
180546,1
180547,2
180548,2
180549,1
180550,1
180551,1
180552,1
180553,1
180554,2
180555,1
180556,2
180559,2
180560,1
180561,1
180562,2
180563,1
180564,2
180565,2
180566,1
180567,1
180568,1
180569,2
180570,1
180571,2
180572,1
180573,2
180574,1
180575,1
180577,2
180578,2
180579,1
180580,2
180581,5
180582,1
180583,2
180584,3
180585,1
180586,1
180587,1
180588,1
180589,1
180590,2
180591,1
180592,1
180593,2
180594,2
180597,1
180598,1
180600,1
180601,1
180602,1
180603,1
180604,1
180605,1
180606,2
180607,1
180608,1
180609,1
180610,1
180611,1
180612,1
180613,2
180614,2
180615,1
180616,2
180617,1
180618,2
180619,3
180620,2
180621,2
180622,1
180623,2
180624,2
180625,1
180626,1
180627,1
180628,2
180629,1
180630,1
180631,1
180632,1
180633,1
180634,2
180635,3
180636,1
180637,2
180638,2
180639,2
180641,2
180643,2
180645,1
180646,2
180648,2
180649,1
180650,3
180651,2
180652,2
180653,1
180654,1
180655,2
180656,1
180657,2
180658,1
180659,5
180660,1
180661,2
180662,5
180663,1
180664,2
180665,1
180666,2
180667,1
180668,1
180669,1
180670,2
180671,1
180672,2
180673,1
180674,1
180675,1
180676,1
180677,6
180678,1
180679,1
180680,1
180681,1
180682,2
180683,1
180684,1
180685,2
180686,3
180687,2
180688,1
180689,2
180690,2
180691,1
180692,2
180693,2
180694,1
180695,2
180696,1
180698,1
180699,1
180700,2
180701,2
180702,1
180703,2
180704,1
180705,2
180706,3
180707,2
180708,2
180709,2
180710,1
180711,1
180712,1
180713,2
180714,2
180715,2
180716,1
180717,2
180718,2
180719,1
180720,1
180721,3
180722,1
180723,1
180724,2
180725,1
180726,1
180727,1
180728,2
180729,1
180730,1
180731,1
180732,1
180733,2
180734,1
180735,1
180736,1
180737,2
180738,1
180739,3
180740,2
180741,1
180742,1
180743,2
180744,1
180745,1
180746,2
180747,2
180748,2
180749,2
180750,1
180751,1
180752,2
180753,1
180754,2
180755,2
180756,1
180757,1
180758,3
180759,1
180760,1
180761,2
180762,1
180763,1
180764,1
180765,2
180766,2
180767,2
180768,2
180770,2
180771,2
180772,3
180773,1
180775,2
180776,2
180777,4
180778,1
180779,1
180780,1
180781,1
180782,2
180783,1
180784,4
180785,1
180786,1
180787,1
180788,1
180789,1
180790,1
180791,1
180792,1
180793,1
180794,1
180795,1
180796,1
180797,1
180798,1
180799,1
180800,1
180802,2
180803,1
180804,1
180805,3
180806,2
180807,2
180808,2
180809,1
180810,2
180811,1
180813,1
180814,1
180815,2
180816,1
180817,2
180818,1
180819,1
180820,3
180821,2
180822,1
180823,1
180824,2
180825,1
180826,1
180827,1
180829,2
180830,3
180831,1
180832,1
180833,2
180834,1
180835,1
180836,1
180837,1
180838,2
180839,2
180840,2
180842,1
180843,3
180844,2
180845,2
180846,1
180847,1
180848,2
180849,1
180850,1
180851,2
180852,2
180853,2
180854,2
180855,3
180856,1
180857,2
180858,1
180859,2
180860,2
180861,2
180862,1
180863,1
180864,1
180865,2
180866,3
180867,2
180868,1
180869,2
180870,1
180871,2
180872,2
180873,2
180874,2
180875,1
180876,2
180877,1
180878,1
180879,1
180880,1
180881,2
180882,2
180883,1
180884,1
190001,1
190002,2
190003,2
190004,2
190005,1
190006,2
190007,2
190008,3
190009,2
190010,2
190011,2
190012,4
190013,1
190014,1
190015,1
190016,1
190017,1
190018,2
190019,1
190020,1
190021,2
190022,2
190023,2
190024,2
190025,2
190026,1
190027,1
190028,2
190029,1
190030,1
190031,2
190032,1
190033,2
190034,1
190035,2
190036,1
190037,1
190038,1
190039,2
190040,1
190041,2
190042,3
190043,1
190044,2
190046,1
190047,2
190048,2
190049,1
190050,3
190051,1
190052,2
190053,2
190054,1
190055,1
190056,1
190058,1
190059,2
190060,2
190061,2
190062,2
190063,2
190064,1
190065,2
190066,1
190067,1
190068,1
190069,1
190070,2
190071,2
190072,1
190073,1
190074,3
190075,1
190076,1
190077,3
190078,2
190079,1
190080,2
190081,1
190082,1
190083,1
190084,2
190085,2
190086,1
190087,2
190088,2
190089,1
190090,2
190091,1
190092,2
190093,2
190094,1
190095,2
190096,2
190097,1
190098,1
190099,1
190100,1
190101,2
190103,2
190104,1
190105,1
190106,2
190107,2
190108,3
190109,1
190110,1
190111,1
190112,1
190113,1
190114,1
190115,1
190116,2
190117,2
190118,1
190119,1
190120,1
190121,1
190122,1
190123,1
190124,1
190125,1
190126,1
190127,3
190128,2
190129,1
190130,1
190131,1
190132,2
190133,2
190134,1
190135,2
190136,1
190137,3
190138,4
190139,1
190140,1
190141,1
190142,1
190143,1
190144,2
190145,3
190146,2
190147,3
190148,1
190149,2
190150,2
190151,1
190152,1
190153,1
190154,1
190155,2
190156,2
190157,1
190158,2
190159,1
190160,1
190161,1
190162,1
190163,1
190164,2
190165,3
190166,2
190167,1
190168,1
190169,1
190170,2
190171,1
190172,2
190173,2
190175,2
190176,1
190177,1
190178,1
190179,1
190180,2
190181,2
190182,2
190183,2
190184,2
190185,1
190186,1
190187,2
190188,1
190189,2
190190,1
190191,2
190192,4
190193,2
190194,1
190195,1
190196,2
190197,1
190198,2
190199,1
190200,1
190201,1
190202,1
190203,1
190204,2
190205,2
190206,2
190207,1
190208,1
190209,1
190210,2
190211,1
190212,2
190213,2
190214,2
190215,2
190216,1
190217,1
190218,1
190219,1
190220,1
190221,1
190222,1
190223,5
190224,1
190225,2
190226,1
190227,2
190228,1
190229,2
190230,2
190231,1
190232,1
190233,2
190234,2
190235,3
190236,1
190237,2
190238,2
190239,1
190240,2
190241,2
190242,2
190243,1
190244,1
190245,1
190246,1
190247,1
190248,2
190249,1
190250,1
190251,1
190252,1
190253,2
190254,2
190255,2
190256,1
190257,1
190258,1
190259,1
190260,2
190261,3
190262,1
190263,1
190264,2
190266,1
190267,1
190268,2
190269,2
190270,1
190271,1
190272,1
190273,1
190274,2
190275,2
190276,1
190277,1
190278,1
190279,1
190280,2
190281,1
190282,1
190283,1
190284,1
190285,1
190286,2
190287,2
190288,2
190289,1
190290,2
190291,2
190292,2
190293,1
190294,1
190295,1
190296,1
190297,1
190298,1
190299,2
190300,1
190301,2
190302,2
190303,3
190304,1
190305,2
190306,1
190307,2
190308,2
190309,2
190310,1
190311,1
190312,2
190313,2
190314,1
190315,1
190316,2
190317,2
190318,2
190319,3
190320,1
190321,2
190322,1
190323,2
190324,2
190325,2
190326,1
190327,2
190328,1
190329,1
190330,2
190331,1
190332,1
190333,2
190334,2
190335,1
200001,1
200002,2
200003,2
200004,1
200005,2
200006,2
200007,1
200008,1
200009,3
200010,2
200011,2
200012,1
200013,2
200014,2
200015,2
200016,2
200017,2
200018,1
200019,2
200020,1
200021,1
200022,1
200023,2
200024,2
200025,1
200026,2
200027,1
200028,1
200029,1
200030,1
200031,1
200032,2
200034,1
200035,2
200036,1
200037,2
200038,1
200039,1
200040,1
200041,1
200042,2
200043,2
200044,1
200045,1
200046,2
200047,1
200048,2
200049,1
200050,1
200051,2
200052,1
200053,1
200054,2
200055,2
200056,2
200057,2
200058,1
200059,1
200060,1
200061,2
200063,1
200065,2
200066,2
200067,3
200068,1
200069,2
200070,2
200071,2
200072,2
200073,1
200074,1
200075,1
200076,1
200077,1
200078,1
200079,5
200081,1
200082,2
200084,1
200085,1
200086,2
200087,4
200089,1
200091,2
200092,2
200093,1
200094,1
200095,1
200096,2
200097,1
200098,2
200099,1
200101,2
200102,2
200103,1
200104,1
200105,1
200106,1
200108,1
200109,1
200110,2
200111,2
200113,1
200114,2
200115,3
200116,2
200117,2
200118,1
200119,2
200120,1
200121,3
200122,2
200124,2
200125,1
200126,1
200127,1
200128,1
200129,3
200130,1
200131,1
200132,2
200133,2
200134,2
200136,1
200137,1
200138,1
200139,1
200140,1
200141,1
200143,1
200144,1
200145,2
200146,3
200147,1
200149,1
200150,2
200151,2
200152,2
200154,1
200155,2
200156,2
200157,1
200158,1
200159,2
200160,1
200161,1
200162,2
200163,1
200164,2
200165,2
200166,1
200167,2
200168,2
200169,1
200170,1
200171,2
200173,2
200175,1
200177,9
200178,2
200180,1
200181,1
200182,2
200183,1
200184,1
200185,1
200186,1
200187,1
200188,2
200189,1
200190,1
200191,1
200192,2
200193,1
200194,2
200195,1
200196,1
200197,1
200198,1
200199,2
200200,1
200201,1
200202,1
200203,1
200204,2
200205,2
200206,1
200207,1
200208,1
200209,1
200210,3
200211,3
200212,1
200213,1
200214,1
200215,2
200216,2
200217,1
200218,3
200220,2
200221,2
200222,3
200223,1
200224,1
200225,2
200226,2
200228,2
200229,1
200230,2
200231,1
200232,2
200233,1
200234,1
200235,3
200236,2
200237,2
200238,1
200239,1
200240,2
200241,1
200242,1
200243,2
200244,1
200245,1
200246,2
200247,1
200248,1
200249,2
200250,1
200251,1
200252,1
200253,1
200254,1
200255,1
200256,1
200257,1
200259,2
200260,1
200261,2
200262,1
200263,1
200264,2
200266,3
200267,2
200268,1
200269,2
200271,1
200272,2
200273,2
200274,1
200275,3
200276,1
200277,1
200278,1
200279,1
200280,2
200281,1
200282,1
200283,1
200284,2
200285,1
200286,4
200287,2
200288,1
200290,2
200291,2
200292,1
200293,1
200294,2
200295,2
200296,2
200297,2
200298,1
200299,2
200300,1
200301,1
200302,1
200303,2
200304,1
200305,1
200306,1
200307,2
200308,1
200309,1
200310,1
200311,1
200312,2
200313,2
200314,2
200315,2
200316,2
200317,2
200318,1
200319,2
200320,1
200321,1
200322,2
200323,1
200324,1
200325,3
200326,1
200327,1
200328,2
200329,1
200330,2
200331,2
200332,2
200333,2
200334,1
200335,1
200336,1
200337,2
200339,1
200340,3
200341,2
200342,1
200343,1
200345,2
200346,1
200347,2
200348,2
200349,2
200350,2
200351,2
200352,1
200353,1
200354,1
200355,2
200356,1
200357,1
200358,1
200359,2
200360,1
200361,1
200362,2
200363,2
200364,3
200365,1
200367,2
200368,2
200369,2
200370,1
200371,1
200372,2
200373,1
200374,2
200375,1
200376,1
200377,1
200378,1
200379,2
200380,1
200381,1
210001,2
210002,2
210003,1
210004,2
210005,2
210006,1
210007,2
210008,2
210009,3
210010,1
210011,1
210012,1
210013,1
210014,1
210015,2
210016,2
210017,1
210018,2
210019,1
210020,2
210021,1
210022,1
210023,2
210024,3
210025,1
210026,1
210027,1
210028,1
210029,1
210030,2
210031,1
210032,2
210033,1
210034,2
210035,1
210036,2
210037,2
210038,2
210039,2
210040,1
210041,1
210042,3
210043,1
210044,2
210045,2
210046,2
210047,1
210048,1
210049,2
210050,2
210051,2
210052,1
210053,2
210054,2
210055,1
210056,1
210057,2
210058,1
210059,1
210060,1
210061,1
210062,1
210063,1
210064,1
210065,2
210066,2
210067,2
210068,1
210069,2
210070,2
210071,4
210072,1
210073,1
210074,2
210075,1
210076,2
210077,1
210079,1
210080,1
210081,1
210082,2
210083,1
210084,1
210085,2
210086,1
210087,1
210088,2
210089,1
210090,2
210091,2
210092,2
210093,1
210094,1
210095,1
210096,1
210097,1
210098,1
210099,2
210100,1
210101,1
210102,2
210103,3
210104,3
210105,2
210106,1
210107,1
210108,1
210109,3
210110,1
210111,1
210112,3
210113,2
210114,1
210115,2
210116,2
210117,2
210118,1
210119,1
210120,1
210121,3
210122,2
210123,1
210124,2
210125,2
210126,2
210127,2
210128,2
210129,2
210130,1
210131,2
210132,1
210133,1
210134,1
210135,1
210136,1
210137,1
210138,1
210139,1
210140,1
210141,1
210142,1
210143,1
210144,2
210145,1
210146,2
210147,1
210148,1
210149,1
210150,2
210151,1
210152,2
210153,2
210154,1
210155,2
210156,1
210157,1
210158,1
210159,1
210160,1
210161,1
210163,1
210164,5
210165,1
210166,2
210167,1
210168,4
210169,1
210170,3
210171,1
210172,2
210173,1
210174,1
210175,2
210176,4
210177,1
210178,1
210179,2
210180,1
210181,2
210182,1
210183,3
210184,1
210185,3
210186,1
210187,1
210188,2
210189,1
210190,2
210191,1
210192,2
210193,1
210194,2
210195,2
210196,1
210197,2
210199,1
210200,3
210201,2
210202,1
210203,2
210204,1
210205,1
210206,1
210207,1
210208,1
210209,2
210210,2
210211,1
210212,1
210213,2
210215,2
210216,1
210217,2
210218,1
210219,1
210220,1
210221,2
210222,2
210223,2
210224,1
210225,2
210226,2
210227,1
210229,1
210230,2
210231,2
210232,1
210233,1
210234,2
210235,2
210236,3
210237,2
210238,2
210239,2
210240,2
210241,1
210242,3
210243,1
210244,1
210245,1
210246,1
210247,1
210248,1
210249,1
210250,1
210251,1
210252,1
210253,2
210254,1
210255,2
210256,2
210257,1
210258,2
210259,1
210260,1
210261,1
210262,2
210263,2
210264,3
210265,2
210266,2
210267,1
210268,2
210269,1
210270,1
210271,2
210272,1
210273,2
210274,2
210275,2
210276,1
210277,2
210278,2
210279,2
210280,1
210281,1
210282,1
210283,1
210284,1
210285,1
210286,2
210287,2
210288,2
210289,1
210290,2
210291,1
210292,2
210293,1
210294,1
210295,1
210296,2
210297,2
210298,2
210299,2
210300,1
210301,1
210302,1
210303,2
210304,1
210305,1
210306,1
210307,1
210308,1
210309,1
210310,1
210311,2
210312,1
210313,2
210314,1
210315,1
210316,1
210317,1
210318,1
210319,1
210320,2
210321,1
210322,1
210323,3
210324,1
210325,1
210326,1
210327,1
210328,1
210329,1
210330,1
210331,1
210332,2
210333,2
210334,2
210335,1
210336,1
210337,2
210338,1
210339,2
210340,2
210341,2
210342,2
210343,2
210344,1
210345,2
210346,2
210347,1
210348,2
210349,2
210350,2
210351,1
210352,1
210353,1
210354,2
210355,1
210356,1
210357,1
210358,2
210359,1
210360,2
210361,1
210362,1
210363,1
210364,2
210365,1
210366,2
210367,1
210368,1
210369,2
210370,2
210371,1
210372,3
210373,2
210374,1
210375,1
210376,2
210377,1
210378,1
210379,2
210380,2
210381,1
210383,1
210384,2
210385,2
210386,1
210387,1
210388,2
210389,1
210391,1
210392,1
210393,2
210394,2
210395,1
210396,2
210397,2
210398,2
210399,2
210400,2
210401,2
210402,1
210403,1
210404,1
210405,1
210406,1
210407,1
210408,1
210409,2
210410,2
210411,1
210412,1
210413,1
210414,1
210415,2
210416,2
210417,1
210418,2
210419,2
210420,2
210421,1
210422,2
210423,2
210424,1
210425,1
210426,1
210427,2
210428,2
210429,2
210430,2
210431,2
210432,2
210433,1
210434,1
210435,1
210436,2
210437,2
210438,2
210439,4
210440,3
210441,2
210442,1
210443,2
210444,1
210445,2
210446,2
210447,1
210448,1
210449,1
210451,1
210452,1
210453,1
210454,2
210455,1
210456,3
210457,1
210458,1
210459,2
210460,1
210461,2
210462,1
210463,2
210464,2
210465,3
210466,1
210467,2
210468,2
210469,2
210470,1
210471,1
210472,1
210473,1
210474,3
210475,1
210476,2
210477,2
210478,1
210479,1
210480,1
210481,1
210482,1
210483,1
210484,1
210485,1
210486,2
210487,1
210488,1
210489,2
210490,2
210491,1
210492,2
210493,1
210494,1
210495,2
210496,2
210497,1
210498,2
210499,1
210500,2
210501,1
210502,2
210503,1
210504,1
210505,1
210506,1
210507,1
210508,2
210509,2
210510,2
210511,2
210512,1
210513,2
210514,1
210516,2
210517,2
210518,1
210519,2
210520,1
210521,1
210522,2
210523,1
210524,1
210525,2
210526,1
210527,1
210528,1
210529,1
210530,1
210531,3
210532,1
210533,2
210534,1
210535,1
210536,1
210537,2
210538,2
210539,1
210540,1
210541,1
210542,1
210543,2
210544,1
210545,1
210546,1
210547,1
210548,1
210549,1
210550,1
210551,1
210552,1
210553,1
210554,1
210555,1
210556,1
210557,1
210558,2
210559,3
210560,1
210561,2
210562,3
210563,1
210564,1
210565,1
210566,3
210567,2
210568,2
210569,3
210570,2
210571,2
210572,1
210573,3
210574,1
210575,1
210576,1
210577,2
210578,2
210579,1
210580,2
210581,1
210582,3
210583,2
210584,1
210585,2
210586,1
210587,2
210588,1
210589,2
210590,2
210591,1
210592,1
210593,1
210594,1
210595,1
210596,1
210597,1
210598,1
210599,5
210600,2
210602,1
210603,1
210604,1
210605,1
210606,3
210607,2
210608,1
210609,1
210610,1
210611,1
210612,2
210613,1
210614,1
210616,1
210617,2
210618,7
210619,1
210620,1
210621,2
210622,1
210623,1
210624,1
210625,1
210626,1
210627,1
210628,2
210629,2
210630,2
210631,2
210632,2
210633,2
210634,2
210635,1
210636,1
210637,1
210638,1
210639,2
210640,2
210641,1
210642,1
210643,1
210644,2
210645,1
210646,3
210647,3
210648,1
210649,2
210650,2
210651,1
210652,1
210653,2
210654,3
210655,1
210656,1
210657,3
210658,2
210659,2
210660,1
210661,2
210662,1
210663,1
210664,1
210665,1
210666,3
210667,1
210668,2
210669,2
210670,1
210671,1
210672,1
210673,1
210674,1
210675,1
210676,1
210677,2
210678,2
210679,1
210680,1
210681,1
210682,2
210683,1
210684,2
210685,1
210686,2
210687,1
210688,2
210689,2
210690,2
210691,2
210692,2
210693,1
210694,2
210695,1
210696,1
210697,2
210698,2
210699,1
210700,1
210701,3
210702,1
210703,2
210704,1
210705,3
210706,1
210707,1
210708,2
210709,1
210710,2
210711,2
210712,5
210713,1
210714,1
210715,1
210716,1
210717,4
210718,1
210719,1
210720,2
210721,1
210722,1
210723,1
210724,1
210725,2
210726,1
210727,2
210728,2
210729,1
210730,1
210731,1
210732,1
210733,1
210734,1
210735,1
210736,1
210738,1
210739,1
210740,2
210741,1
210742,1
210743,1
210744,1
210745,1
210746,1
210747,1
210748,2
210749,1
210750,1
210751,1
210752,1
210753,1
210754,1
210755,1
210756,1
210757,1
210758,1
210759,1
210760,3
210761,3
210762,1
210763,1
210764,1
210765,1
210766,1
210767,2
210768,2
210769,2
210770,2
210771,1
210772,1
210773,1
210774,1
210775,2
210776,2
210777,1
210778,1
210779,1
220001,2
220002,1
220003,1
220004,1
220005,1
220006,2
220007,2
220008,3
220009,2
220010,1
220011,1
220012,1
220013,1
220014,2
220015,1
220016,1
220017,2
220018,3
220019,2
220020,1
220021,1
220022,1
220023,2
220024,1
220025,1
220026,1
220027,2
220028,2
220029,1
220030,1
220031,3
220032,2
220033,1
220034,1
220035,1
220036,1
220037,2
220038,1
220039,1
220041,1
220042,3
220043,1
220044,1
220045,1
220046,1
220048,2
220049,2
220050,2
220051,1
220052,1
220053,1
220054,1
220055,1
220056,3
220057,2
220058,1
220059,1
220060,1
220061,1
220062,4
220063,1
220064,1
220065,2
220066,5
220067,2
220068,1
220069,1
220070,1
220071,2
220072,2
220073,2
220074,2
220075,4
220076,2
220077,1
220078,1
220079,1
220080,1
220081,1
220082,2
220083,2
220084,1
220086,2
220087,1
220088,1
220089,2
220090,2
220091,1
220092,2
220093,2
220094,1
220095,1
220096,2
220097,1
220098,2
220099,2
220100,2
220101,1
220103,1
220104,1
220105,2
220106,2
220107,2
220108,1
220109,1
220110,1
220111,1
220112,2
220113,1
220114,1
220115,1
220116,2
220117,2
220118,2
220119,1
220120,1
220121,2
220122,3
220123,2
220124,2
220125,1
220126,1
220127,1
220128,1
220129,2
220130,1
220131,2
220132,1
220133,2
220134,1
220135,2
220136,1
220137,4
220138,5
220139,1
220140,2
220141,1
220142,2
220143,3
220144,1
220145,1
220146,3
220147,1
220148,1
220149,1
220150,2
220151,2
220152,1
220153,2
220154,1
220155,1
220156,1
220157,1
220158,2
220159,1
220160,1
220161,2
220162,1
220163,1
220164,2
220165,1
220166,3
220167,2
220168,1
220169,1
220170,2
220171,2
220172,2
220173,1
220174,1
220175,2
220176,1
220178,1
220179,2
220180,2
220181,2
220182,1
220183,2
220184,2
220185,1
220186,1
220187,1
220188,1
220189,2
220190,2
220191,2
220192,2
220193,2
220194,2
220195,1
220196,1
220197,1
220198,1
220199,1
220200,1
220201,6
220202,1
220203,5
220204,1
220205,2
220206,1
220207,1
220208,1
220209,1
220210,1
220211,1
220212,1
220213,2
220214,2
220215,1
220216,1
220217,2
220218,2
220219,1
220220,1
220221,1
220222,3
220223,2
220224,1
220225,2
220226,2
220227,2
220228,1
220229,2
220230,2
220231,1
220232,2
220234,1
220235,1
220236,1
220237,3
220238,1
220239,1
220240,1
220241,1
220242,1
220243,2
220244,1
220245,1
220246,3
220247,1
220248,1
220249,1
220250,2
220251,1
220252,2
220253,2
220254,2
220255,2
220256,2
220257,3
220258,2
220259,2
220260,1
220261,2
220262,2
220263,1
220264,2
220265,1
220266,2
220267,1
220268,1
220269,1
220270,2
220271,2
220272,1
220273,1
220274,2
220275,1
220276,1
220277,1
220279,1
220280,3
220281,2
220282,1
220283,1
220284,1
220285,1
220287,1
220288,1
220289,1
220290,1
220291,1
220292,1
220293,2
220294,1
220295,2
220296,2
220297,1
220298,1
220299,1
220300,2
220301,1
220302,3
220303,1
220304,1
220305,1
220307,2
220309,3
220310,1
220311,1
220312,2
220313,1
220314,1
220315,2
220316,1
220317,2
220318,1
220319,2
220320,1
220321,1
220322,1
220323,2
220324,1
220325,2
220326,2
220327,1
220328,2
220329,1
220330,2
220331,1
220332,2
220333,2
220334,1
220335,1
220336,1
220337,1
220338,1
220339,1
220340,1
220341,1
220342,1
220343,1
220344,1
220345,2
220346,1
220347,1
220348,1
220349,1
220350,1
220351,1
220352,2
220353,3
220354,1
220356,1
220357,2
220358,1
220359,1
220360,1
220362,1
220363,2
220364,2
220365,2
220366,1
220367,1
220368,1
220369,1
220370,2
220371,1
220372,2
220373,2
220374,2
220375,2
220376,2
220377,1
220378,1
220379,1
220380,2
220381,1
220382,1
220383,1
220384,1
220385,1
220386,1
220387,1
220388,1
220389,2
220390,1
220391,2
220392,1
220393,1
220394,1
220395,2
220396,5
220397,1
220398,1
220399,2
220400,1
220401,2
220402,1
220403,1
220404,1
220405,2
220406,2
220407,1
220408,2
220409,3
220410,1
220411,1
220412,1
220413,1
220414,1
220415,1
220416,2
220417,2
220418,1
220419,2
220420,1
220421,2
220422,1
220423,2
220424,2
220425,1
220426,2
220427,2
220428,1
220429,2
220430,2
220431,3
220432,1
220433,1
220434,2
220435,1
220436,2
220437,2
220438,1
220439,1
220440,1
220441,2
220442,3
220443,1
220444,1
220445,2
220446,2
220447,1
220448,2
220449,2
220450,2
220451,2
220452,2
220453,2
220454,1
220455,3
220456,2
220457,1
220458,3
220459,1
220460,3
220461,3
220462,1
220463,1
220464,1
220465,1
220467,2
220468,1
220469,3
220470,3
220471,1
220472,1
220474,1
220476,1
220477,1
220478,1
220479,2
220480,1
220481,1
220482,1
220483,1
220484,4
220485,1
220486,2
220487,2
220488,1
220489,1
220490,2
220491,2
220492,4
220493,1
220494,1
220495,1
220496,1
220497,1
220498,2
220499,1
220500,1
220501,2
220502,1
220503,2
220504,1
220505,1
220506,1
220507,2
220508,2
220509,1
220510,1
220511,2
220512,2
220513,1
220514,1
220515,1
220516,2
220517,1
220518,2
220519,1
220520,1
220521,1
220522,1
220523,1
220524,1
220525,1
220526,2
220527,2
220528,1
220529,2
220530,1
220531,1
220532,2
220533,2
220534,1
220535,2
220536,1
220537,8
220538,1
220539,1
220540,1
220541,2
220542,1
220543,1
220544,2
220545,1
220546,2
220547,1
220548,1
220549,1
220550,2
220551,1
220552,1
220553,1
220554,1
220555,2
220556,3
220557,1
220558,2
220559,2
220560,2
220561,2
220562,1
220563,1
220564,1
220565,1
220566,1
220567,1
220568,2
220569,1
220570,1
220571,1
220572,2
220573,5
220574,1
220575,2
220576,2
220577,1
220578,2
220579,2
220580,2
220582,1
220583,2
220584,2
220585,2
220586,1
220588,1
220589,2
220590,1
220591,1
220593,2
220594,1
220595,1
220596,3
220597,1
220598,3
220599,1
220600,1
220601,1
220602,3
220603,1
220604,2
220605,2
220606,1
220607,1
220608,2
220609,2
220610,1
220611,1
220612,1
220613,1
220614,1
220615,1
220616,2
220617,2
220618,1
220619,2
220620,2
220621,2
220622,1
220624,2
220626,1
220627,1
220628,1
220629,1
220630,3
220631,1
220632,3
220633,2
220634,1
220635,7
220636,2
220637,1
220638,1
220639,2
220640,2
220641,2
220642,2
220643,1
220644,1
220645,3
220646,2
220647,2
220648,2
220649,1
220650,2
220651,1
220652,2
220653,3
220654,2
220655,2
220656,1
220657,2
220658,3
220659,1
220660,1
220661,1
220662,2
220664,2
220665,2
220666,2
220667,1
220668,1
220669,2
220670,1
220671,1
220672,2
220673,2
220674,1
220676,1
220677,2
220678,2
220679,3
220680,2
220681,2
220682,1
220683,1
220684,2
220685,2
220686,3
220687,3
220688,1
220689,1
220690,2
220691,1
220692,1
220693,1
220694,2
220695,2
220696,1
220697,5
220698,1
220699,2
220700,1
220701,2
220702,1
220703,3
220704,1
220705,2
220706,1
220707,1
220708,1
220709,2
220710,1
220711,2
220712,2
220713,2
220714,2
220715,1
220716,1
220717,2
220718,1
220719,1
220720,1
220721,2
220722,2
220723,4
220724,2
220725,2
220726,1
220727,1
220728,2
220729,1
220731,2
220732,2
220733,2
220734,2
220735,1
220736,1
220737,2
220738,1
220739,2
220740,1
220741,3
220742,1
220743,1
220744,1
220745,1
220746,34
220747,2
220748,4
220749,9
220750,35
220751,2
220752,1
220753,1
220754,1
220755,1
220756,2
220757,1
220758,1
220759,2
220760,1
220761,1
220762,1
220763,1
220764,1
220765,1
220766,2
220767,2
220768,1
220769,2
220770,1
220771,1
220772,2
220773,1
220774,1
220775,1
220776,1
220777,1
220778,1
230001,2
230004,1
230006,3
230007,1
230008,2
230009,2
230010,1
230011,1
230012,1
230013,1
230014,1
230015,1
230016,2
230017,2
230018,2
230019,1
230020,1
230021,1
230022,2
230023,2
230024,1
230026,1
230027,1
230029,1
230030,1
230031,1
230032,1
230033,1
230034,3
230035,1
230036,1
230037,2
230038,1
230039,2
230040,2
230041,1
230042,1
230043,2
230044,1
230045,2
230046,1
230047,1
230048,1
230049,2
230050,1
230051,1
230052,1
230053,1
230054,1
230055,2
230056,1
230057,1
230058,2
230059,1
230060,1
230061,3
230062,1
230063,1
230064,1
230065,1
230066,2
230067,2
230068,3
230069,1
230070,1
230071,2
230072,1
230073,2
230074,2
230075,1
230076,1
230077,2
230078,1
230079,2
230080,2
230081,2
230082,1
230083,2
230084,1
230085,1
230086,2
230087,1
230088,1
230089,1
230090,2
230091,3
230092,1
230093,1
230094,1
230096,1
230097,1
230098,1
230099,1
230100,1
230101,1
230102,1
230103,2
230104,1
230105,2
230106,1
230107,1
230108,1
230109,1
230110,1
230111,2
230112,1
230113,2
230114,2
230115,2
230116,1
230117,1
230118,1
230119,1
230121,2
230122,1
230123,1
230124,1
230125,1
230126,1
230127,1
230128,1
230129,1
230130,1
230131,1
230132,1
230133,1
230134,1
240001,1
240002,1
240003,1
240004,1
240005,1
240006,2
240007,1
240008,1
240009,2
240010,1
240012,1
240013,2
240014,1
240016,1
240017,2
240018,2
240019,2
240020,3
240021,2
240022,3
240023,2
240024,1
240025,1
240026,1
240027,2
240028,1
240029,1
240030,1
240031,2
240032,1
240033,1
240034,1
240035,3
240036,2
240037,1
240038,1
240039,2
240040,2
240041,1
240042,1
240043,2
240044,1
240045,1
240046,2
240047,1
240048,1
240049,2
240050,1
240051,1
240052,3
240053,1
240054,1
240055,1
240056,1
240057,1
240058,2
240059,1
240060,3
240061,1
240062,2
240063,1
240064,2
240065,2
240066,3
240067,1
240068,2
240069,2
240070,2
240071,2
240072,2
240073,1
240074,1
240075,1
240076,3
240077,2
240078,1
240079,2
240080,2
240081,1
240082,1
240083,1
240084,1
240085,1
240086,1
240087,2
240088,1
240089,1
240090,1
240091,1
240092,2
240093,3
240094,2
240095,2
240096,1
240097,1
240098,2
240099,3
240100,2
240101,1
240102,1
240103,2
240104,2
240105,2
240106,2
240108,1
240109,1
240110,1
240111,1
240112,3
240113,2
240114,2
240115,1
240116,1
240117,2
240118,2
240119,2
240120,1
240121,2
240123,3
240124,1
240125,2
240126,1
240127,1
240129,1
240130,4
240131,2
240132,2
240133,1
240134,1
240135,1
240136,2
240137,2
240138,1
240139,1
240140,1
240141,1
240142,2
240143,1
240144,1
240145,1
240146,2
240147,2
240148,1
240149,2
240150,1
240151,1
240152,2
240153,1
240154,2
240155,2
240156,2
240157,1
240158,1
240159,1
240160,1
240161,3
240162,1
240163,2
240164,2
240165,1
240166,2
240167,2
240168,1
240169,4
240170,1
240171,1
240172,2
240173,2
240174,1
240175,1
240176,1
240178,1
240179,2
240180,2
240181,2
240182,3
240183,2
240184,1
240185,1
240186,2
240187,2
240188,2
240189,1
240190,2
240191,1
240192,1
240193,2
240194,2
240195,1
240196,2
240197,1
240198,2
240199,1
240200,1
240201,1
240202,2
240203,1
240204,1
240205,3
240206,1
240207,2
240208,1
240209,3
240210,1
240211,1
240212,2
240213,2
240214,3
240215,1
240216,1
240217,2
240218,1
240219,1
240220,1
240221,1
240222,2
240223,2
240224,1
240225,2
240226,2
240227,2
240228,1
240229,1
240230,3
240231,1
240232,1
240233,2
240234,3
240235,1
240236,1
240237,1
240238,3
240239,1
240240,2
240241,2
240242,1
240243,1
240244,2
240245,1
240246,1
240247,1
240248,1
240249,1
240250,1
240251,2
240252,1
240253,1
240254,3
240255,1
240256,2
240257,1
240258,2
240259,1
240260,1
240261,1
240262,2
240263,2
240264,1
240265,1
240266,1
240267,1
240268,1
240269,1
240270,1
240271,1
240272,1
240273,1
240274,2
240275,2
240276,2
240277,2
240278,1
240279,2
240281,1
240282,5
240283,2
240284,1
240285,2
240286,1
240287,2
240288,1
240289,2
240290,1
240291,3
240292,1
240293,1
240294,1
240295,3
240296,1
240297,1
240298,1
240299,1
240301,2
240302,4
240304,2
240305,1
240306,1
240307,2
240308,1
240309,2
240310,1
240312,1
240314,2
240315,1
240316,1
240317,2
240318,2
240320,1
240321,2
240322,2
240323,2
240324,1
240325,6
240326,1
240327,1
240328,1
240329,1
240330,2
240331,3
240332,2
240333,1
240334,3
240335,4
240336,2
240337,3
240338,2
240339,1
240340,4
240341,1
240342,1
240343,1
240344,1
240345,1
240346,1
240347,5
240348,2
240349,1
240350,1
240351,2
240352,2
240353,1
240354,2
240355,2
240356,1
240357,1
240358,1
240359,2
240360,1
240361,1
240362,2
240363,1
240364,1
240365,1
240366,2
240367,1
240368,1
240369,2
240370,2
240371,1
240372,1
240373,1
240374,2
240375,1
240376,1
240377,2
240378,1
240379,3
240380,2
240381,2
240382,1
240383,2
240384,1
240385,1
240386,2
240387,1
240388,1
240389,2
240390,1
240391,1
240392,2
240393,1
240394,1
240395,1
240397,2
240398,3
240399,2
240400,2
240401,1
240402,2
240403,1
240404,3
240405,2
240406,1
240407,1
240408,4
240409,1
240410,1
240411,2
240412,1
240413,2
240414,2
240415,2
240416,1
240417,1
240418,2
240419,1
240420,2
240421,1
240422,1
240423,2
240424,1
240425,1
240426,1
240427,2
240428,1
240429,2
240430,1
240431,3
240432,2
240433,2
240434,2
240435,2
240436,3
240437,3
240438,1
240439,2
240440,1
240441,1
240442,2
240443,1
240444,2
240445,1
240446,2
240447,2
240448,1
240449,1
240450,1
240451,1
240452,1
240453,1
240454,1
240455,2
240456,1
240457,1
240458,2
240459,1
240460,2
240461,1
240462,2
240463,2
240464,2
240465,1
240466,2
240467,1
240468,1
240469,4
240470,1
240471,1
240472,1
240473,2
240474,1
240475,2
240476,1
240477,1
240478,1
240479,1
240480,1
240481,2
240482,2
240483,1
240484,3
240485,2
240486,2
240487,2
240488,2
240489,1
240490,1
240491,1
240492,1
240493,1
240494,1
240495,1
240496,3
240497,2
240498,3
240499,1
240500,1
240501,1
240502,1
240503,1
240504,2
240505,1
240506,1
240507,2
240508,4
240509,1
240510,1
240512,1
240513,2
240514,2
240515,2
240516,1
240517,1
240518,3
240520,1
240521,1
240522,2
240523,2
240524,2
240525,2
240526,1
240527,2
240528,1
240529,1
240530,1
240531,1
240532,1
240534,2
240535,2
240536,2
240537,1
240538,2
240539,2
240540,2
240541,1
240542,1
240543,2
240544,2
240545,1
240546,2
240547,1
240548,1
240549,1
240550,1
240551,1
240552,2
240553,2
240554,2
240555,2
240556,2
240557,3
240558,1
240559,2
240560,1
240561,2
240562,2
240563,1
240564,1
240565,1
240566,2
240568,1
240569,1
240570,1
240571,2
240572,1
240573,1
240574,2
240575,1
240576,1
240577,2
240578,1
240579,2
240580,2
240581,1
240582,1
240583,2
240584,4
240585,1
240586,2
240587,1
240588,3
240589,1
240590,1
240591,1
240592,2
240593,2
240595,3
250001,3
250002,1
250003,2
250004,1
250005,1
250006,1
250007,2
250010,1
250011,1
250012,1
250013,1
250014,3
250015,1
250016,2
250017,2
250018,1
250019,1
250020,1
250021,1
250022,1
250023,1
250024,1
250025,1
250026,3
250027,1
250028,1
250029,1
250030,1
250031,2
250032,1
250033,1
250034,1
250036,2
250037,2
250038,2
250039,1
250040,1
250041,2
250042,1
250044,1
250045,1
250046,2
250047,1
250048,2
250049,1
250050,2
250051,1
250052,3
250053,1
250054,3
250055,3
250056,1
250057,1
250058,2
250059,1
250060,1
250061,2
250062,1
250063,1
250064,1
250065,2
250066,1
250067,2
250068,1
250069,1
250070,1
250071,2
250072,1
250073,1
250074,2
250075,1
250076,1
250077,1
250078,2
250079,1
250080,2
250081,1
250082,1
250083,1
250084,2
250085,1
250086,2
250087,1
250088,1
250089,1
250090,1
250091,1
250092,1
250094,1
250095,1
250096,1
250097,1
250098,2
250099,1
250100,1
250101,1
250102,1
250103,2
250104,2
250105,1
250106,1
250107,1
250108,1
250109,1
250110,1
250111,2
250112,1
250113,2
250114,1
250115,1
250116,1
250117,1
250118,1
250119,1
250120,2
250121,2
250122,1
250123,1
250124,1
250125,2
250126,1
250127,1
250128,2
250129,4
250130,1
250131,2
250132,1
250133,2
250134,2
250135,1
250136,2
250137,1
250138,1
250139,1
250140,1
250141,1
250142,2
250143,3
250144,2
250145,2
250146,1
250147,5
250148,2
250149,1
250150,1
250151,1
250152,1
250153,1
250154,1
250155,1
250156,1
250157,2
250159,2
250160,1
250161,2
250162,2
250163,2
250164,1
250165,1
250166,1
250167,3
250168,2
250169,8
250170,1
250171,1
250172,1
250173,2
250174,2
250175,1
250176,2
250177,2
250178,3
250180,2
250181,3
250182,1
250183,2
250184,2
250185,1
250186,1
250187,1
250188,1
250189,1
250190,2
250191,3
250192,1
250193,1
250194,1
250195,2
250196,3
250198,1
250199,1
250200,1
250201,1
250202,1
250203,1
250204,3
250205,1
250206,2
250207,2
250208,1
250209,1
250210,2
250211,1
250212,1
250213,2
250214,1
250215,1
250217,2
250218,2
250220,1
250221,1
250222,1
250223,2
250224,2
250225,1
250226,2
250227,1
250228,1
250229,2
250230,2
250231,2
250233,1
250234,1
250235,1
250236,2
250237,1
250238,1
250239,1
250240,2
250241,1
250242,1
250243,1
250244,2
250245,2
250246,1
250247,1
250248,1
250249,1
250250,1
250251,2
250252,1
250253,2
250254,1
250255,2
250256,1
250257,1
250258,2
250259,2
250260,2
250261,1
250262,1
250264,1
250265,2
250266,2
250267,3
250268,4
250269,1
250270,2
250271,1
250272,2
250273,1
250274,1
250275,1
250276,3
250277,1
250278,1
250279,1
250280,1
250281,1
250282,1
250283,1
250284,1
250285,1
250286,1
250288,2
250289,1
250290,2
250291,1
250292,3
250293,1
250294,1
250295,1
250296,1
250297,1
250298,1
250299,1
250300,1
250301,1
250303,1
250304,3
250305,2
250306,1
250307,1
250308,1
250309,1
250310,1
250311,2
250312,1
250313,1
250314,1
250315,2
250316,2
250317,1
250318,2
250319,1
250320,2
250321,1
250323,3
250324,1
250327,2
250328,1
250329,1
250330,2
250331,3
250334,1
250335,1
250336,2
250337,2
250338,1
250339,1
250340,3
250341,1
250342,5
250343,1
260001,1
260002,1
260003,1
260004,2
260005,1
260006,2
260007,1
260008,2
260009,1
260010,1
260011,1
260012,1
260013,1
260014,1
260015,2
260016,1
260017,1
260018,1
260019,1
260020,1
260021,1
260022,1
260023,1
260024,1
260025,1
260026,2
260027,1
260028,1
260029,1
260030,1
260031,1
260032,2
260033,1
260034,3
260035,2
260036,2
260037,2
260038,1
260039,1
260040,2
260041,3
260042,2
260043,1
260044,1
260045,2
260046,1
260047,1
260048,1
260049,2
260050,2
260051,3
260052,3
260053,1
260054,2
260055,1
260056,2
260057,1
260058,1
260059,2
260060,2
260061,3
260062,3
260063,2
260064,2
260065,2
260066,2
260067,2
260068,1
260069,1
260071,2
260072,1
260073,2
260074,1
260075,2
260076,1
260077,1
260078,3
260079,2
260080,2
260082,2
260083,2
260084,1
260085,1
260086,2
260087,4
260088,1
260089,4
260090,1
260091,3
260092,1
260093,3
260094,2
260095,2
260096,1
260097,1
260098,1
260099,3
260100,1
260101,2
260102,1
260103,2
260104,1
260105,1
260106,2
260107,2
260108,1
260109,2
260110,1
260111,1
260112,2
260113,2
260114,3
260115,2
260116,1
260118,1
260119,1
260120,1
260121,1
260122,1
260123,1
260124,2
260125,2
260126,3
260127,1
260128,2
260130,1
260131,2
260132,2
260133,1
260134,1
260135,1
260136,2
260137,2
260138,1
260139,2
260140,3
260141,2
260142,2
260143,2
260144,1
260145,3
260146,1
260147,2
260148,2
260149,1
260150,1
260151,1
260152,1
260153,1
260154,4
260155,2
260156,3
260157,2
260158,2
260159,4
260160,1
260161,2
260162,2
260163,1
260164,1
260165,2
260166,1
260167,1
260168,2
260169,2
260170,2
260171,1
260172,2
260173,1
260174,1
260175,1
260176,1
260177,1
260178,2
260179,1
260180,4
260181,2
260182,2
260183,1
260184,1
260185,2
260186,1
260187,2
260188,2
260189,1
260190,2
260191,2
260192,2
260193,1
260194,2
260195,2
260196,2
260197,2
260198,2
260199,1
260200,1
260201,2
260202,2
260203,2
260204,1
260205,2
260206,2
260207,2
260208,1
260209,2
260210,1
260211,1
260212,1
260213,1
260214,1
260215,1
260216,3
260217,2
260218,2
260219,2
260220,2
260221,2
260222,1
260223,2
260224,2
260225,2
260226,1
260227,1
260228,1
260229,1
260230,1
260231,1
260232,1
260233,1
260234,1
260235,1
260236,1
260237,2
260238,1
260239,3
260240,2
260241,2
260242,2
260243,1
260244,1
260245,1
260246,3
260247,3
260248,2
260249,1
260250,1
260251,1
260252,2
260253,2
260254,1
260255,2
260256,2
260257,2
260258,1
260259,1
260260,2
260261,1
260262,2
260263,3
260264,2
260265,2
260266,1
260267,1
260268,2
260269,2
260270,1
260271,2
260272,2
260274,2
260275,2
260276,2
260277,2
260278,2
260279,2
260280,2
260281,2
260282,2
260283,1
260284,1
260285,1
260286,1
260287,1
260288,2
260289,1
260290,1
260291,2
260292,1
260293,1
260294,1
260296,2
260297,1
260298,2
260299,2
260300,2
260301,2
260302,2
260303,2
260304,2
260305,2
260306,1
260307,1
260308,3
260309,2
260310,1
260311,1
260312,1
260313,2
260314,1
260315,2
260316,2
260317,1
260318,2
260319,2
260320,1
260321,1
260322,1
260323,2
260324,1
260325,2
260326,2
260327,2
260328,1
260329,4
260330,2
260331,2
260332,2
260333,1
260334,1
260335,2
260336,1
260337,2
260338,2
260339,2
260340,1
260341,2
260342,2
260343,2
260344,1
260345,1
260346,2
260347,1
260348,1
260349,1
260350,2
260351,2
260352,3
260353,1
260354,1
260355,2
260356,1
260357,1
260358,4
260359,1
260360,1
260361,1
260362,2
260363,1
260364,2
260365,1
260366,1
260367,1
260368,1
260369,2
260370,2
260371,2
260372,2
260373,1
260374,2
260375,4
260376,2
260377,1
260378,2
260379,1
260380,1
260381,1
260382,2
260383,1
260384,2
260385,2
260386,1
260387,2
260388,1
260389,1
260390,2
260391,2
260392,1
260393,2
260394,1
260395,1
260396,1
260397,1
260398,1
260399,1
260400,2
260401,1
260402,2
260403,5
260404,2
260405,2
260406,2
260407,3
260408,1
260409,1
260410,1
260411,2
260412,2
260413,2
260414,2
260415,1
260416,1
260417,1
260418,1
260419,1
260420,1
260421,1
260422,2
260423,2
260424,2
260425,2
260426,1
260427,2
260428,1
260429,1
260430,1
260431,2
260432,2
260433,1
260434,1
260435,4
260436,2
260437,2
260438,1
260439,1
260440,1
260441,1
260442,2
260443,2
260444,1
260445,1
260446,1
260447,1
260448,1
260449,1
260450,1
260451,1
260452,1
260453,1
260454,1
260455,2
260456,1
260457,2
260458,1
260459,1
260460,1
260461,3
260462,2
260463,1
260464,2
260465,1
260466,1
260467,2
260468,1
260469,2
260470,1
260471,2
260472,1
260473,2
260474,2
260475,2
260476,2
260477,3
260478,1
260479,1
260480,2
260481,3
260482,2
260483,2
260484,1
260485,2
260486,2
260487,2
260488,1
260489,1
260490,1
260491,1
260492,2
260493,3
260494,1
260495,2
260496,2
260497,4
260498,2
260499,1
260500,2
260501,1
260502,2
260503,2
260504,2
260505,1
260506,1
260507,2
260508,1
260509,1
260510,1
260511,1
260512,1
260513,3
260514,2
260515,1
260516,1
260517,2
260518,1
260519,2
260520,1
260521,1
260522,2
260523,2
260524,1
260525,2
260526,1
260527,1
260528,2
260529,1
260530,2
260531,1
260532,2
260533,1
260534,1
260535,1
260536,1
260537,2
260538,1
260539,2
260540,1
260541,2
260542,2
260543,2
260544,1
260545,3
260546,2
260547,1
260548,1
260549,2
260550,4
260551,2
260552,1
260553,2
260554,1
260555,2
260556,1
260557,2
260558,1
260559,1
260560,2
260561,1
260562,1
260563,1
260564,3
260565,1
260566,1
260567,1
260568,4
260569,1
260570,1
260571,1
260572,2
260573,2
260574,2
260575,2
260576,2
260577,1
260578,2
260579,1
260580,2
260581,2
260582,2
260583,1
260584,1
260585,1
260586,2
260587,4
260588,3
260589,2
260590,2
260591,1
260592,2
260593,2
260594,1
260595,2
260596,2
260597,1
260598,1
260599,1
260600,2
260601,1
260602,1
260603,1
260604,1
260605,1
260606,2
260607,2
260608,1
260609,2
260610,2
260611,1
260612,1
260613,2
260615,4
260616,2
260617,1
260618,4
260619,1
260620,1
260621,1
260622,1
260623,2
260624,1
260625,1
260626,2
260627,1
260628,1
260629,2
260630,2
260631,3
260632,1
260633,1
260634,2
260635,2
260636,1
260637,1
260638,2
260639,2
260640,1
260641,2
260642,2
260643,2
260644,2
260645,1
260646,1
260647,2
260648,1
260649,2
260650,3
260651,1
260652,1
260653,2
260654,1
260655,1
260656,2
260657,2
260658,2
260659,1
260660,1
260661,1
260662,2
260663,2
260664,1
260665,1
260666,2
260667,1
260668,1
260669,2
260670,1
260671,1
260672,2
260673,2
260674,1
260675,1
260677,3
260678,2
260679,2
260680,5
260681,3
260682,1
260683,1
260684,2
260685,1
260686,1
260687,1
260688,2
260689,2
260690,2
260691,2
260692,2
260693,2
260694,2
260695,1
260696,1
260697,2
260698,1
260699,1
260700,1
260701,2
260702,1
260703,1
260704,1
260705,2
260706,1
260707,1
260708,1
260709,1
260710,3
260711,1
260712,2
260713,1
260714,1
260715,1
260716,2
260717,2
260718,2
260719,2
260720,1
260721,1
260722,2
260723,1
260724,3
260725,1
260726,2
260727,1
260728,1
260730,2
260731,2
260732,1
260733,1
260734,2
260735,1
260736,1
260737,2
260738,2
260739,2
260740,2
260741,2
260742,2
260743,2
260744,2
260745,1
260746,1
260747,2
260748,2
260749,1
260750,2
260751,1
260752,1
260753,2
260754,2
260755,1
260756,1
260757,2
260758,2
260759,1
260760,2
260761,1
260762,2
260763,5
260764,1
260765,2
260766,1
260767,1
260768,2
260769,1
260770,2
260771,1
260772,1
260773,2
260774,1
260775,2
260776,2
260777,1
260778,1
260779,1
260780,2
260781,1
260782,2
260783,2
260784,1
260785,2
260786,1
260787,1
260788,2
260789,4
260790,2
260791,2
260792,2
260793,1
260794,5
260795,1
260796,2
260797,3
260798,1
260799,1
260800,2
260801,2
260802,2
260803,1
260804,1
260805,1
260806,1
260807,1
260808,1
260809,1
260810,1
260811,1
260812,1
260813,2
260814,1
260815,2
260816,1
260817,1
260818,2
260819,1
260820,1
260821,1
260822,2
260823,2
260824,1
260825,2
260826,2
260827,2
260828,2
260829,2
260830,1
260831,1
260832,3
260833,1
260834,2
260835,1
260836,3
260837,1
260838,3
260839,3
260840,2
260841,1
260842,4
260843,1
260844,2
260845,2
260846,1
260847,2
260848,1
260849,1
260850,1
260851,2
260852,1
260853,1
260854,1
260855,3
260856,1
260857,1
260858,1
260859,2
260860,1
260861,1
260862,1
260863,2
260864,1
260865,1
260866,3
260867,1
260868,1
260869,2
260870,2
260871,1
260872,1
260873,1
260874,2
260875,2
260876,1
260877,1
260878,1
260879,1
260880,1
260881,2
260882,1
260883,1
260884,2
260885,2
260886,1
260887,1
260888,2
260889,2
260890,2
260891,2
260892,1
260893,1
260894,1
260895,1
260896,1
260897,2
260898,1
260899,1
260900,2
260901,1
260902,2
260903,1
260904,2
260905,2
260906,1
260907,1
260908,1
260909,1
260910,1
260911,3
260912,1
260913,2
260914,2
260915,2
260916,2
260917,2
260918,1
260919,1
260920,2
260921,1
260922,2
260923,1
260924,2
260925,2
260926,2
260927,1
260928,1
260929,1
260930,1
260931,1
260932,1
260933,1
260934,3
260935,1
260936,1
260937,2
260938,1
260939,2
260940,1
260941,2
260942,1
260943,2
260944,2
260945,2
260946,1
260947,3
260948,2
260949,2
260950,2
260951,1
260952,1
260953,4
260954,1
260955,2
260956,1
260957,1
260958,1
260959,2
260960,1
260961,1
260962,2
260963,2
260964,1
260966,1
260967,3
260968,2
260969,2
260970,1
260971,1
260972,2
260973,1
260974,1
260975,2
260976,1
260977,1
260978,1
260979,1
260980,2
260981,2
260982,2
260983,2
260984,2
260985,1
260986,1
260987,1
260988,1
260989,2
260990,1
260991,1
260992,1
260993,1
260994,4
260995,1
260996,1
260997,2
260998,1
260999,1
261000,1
261001,1
261002,1
261003,2
261004,1
261005,1
261006,2
261007,2
261008,2
261009,1
261010,2
261011,2
261012,1
261013,1
261014,1
261015,3
261016,1
261017,1
261018,2
261019,1
261020,2
261021,2
261022,2
261023,1
261024,3
261025,2
261026,2
261027,1
261028,1
261029,1
261030,1
261031,1
261032,1
270001,1
270002,2
270003,1
270004,2
270005,1
270006,1
270007,2
270008,1
270009,1
270010,1
270011,2
270012,1
270013,1
270014,2
270015,1
270016,2
270018,2
270019,1
270020,1
270021,1
270022,1
270023,4
270024,2
270025,1
270026,3
270027,2
270029,2
270030,2
270031,2
270032,2
270033,1
270034,1
270035,1
270036,2
270037,2
270038,3
270041,2
270043,2
270044,1
270045,1
270046,2
270047,1
270048,1
270049,2
270050,1
270053,1
270054,2
270055,2
270056,2
270057,3
270059,2
270060,1
270061,2
270062,2
270063,1
270064,1
270065,2
270066,1
270067,2
270068,2
270069,2
270070,2
270071,1
270072,1
270073,1
270074,1
270075,2
270077,2
270078,2
270079,2
270080,1
270081,2
270082,2
270084,1
270085,2
270086,1
270087,1
270088,1
270089,3
270090,2
270091,2
270092,1
270093,1
270094,2
270095,1
270096,2
270097,1
270098,1
270099,2
270100,2
270101,2
270102,2
270103,1
270104,1
270105,2
270106,1
270107,1
270108,2
270110,1
270111,2
270112,1
270113,2
270114,1
270115,1
270116,2
270117,2
270119,1
270120,2
270121,2
270122,1
270123,1
270124,2
270125,2
270126,2
270127,2
270128,1
270129,1
270130,2
270131,2
270132,2
270133,1
270134,1
270135,2
270136,1
270137,2
270138,2
270139,1
270140,2
270141,2
270142,1
270143,2
270144,1
270145,1
270146,2
270147,1
270148,1
270149,2
270150,1
270151,3
270152,1
270153,2
270154,1
270155,2
270156,2
270157,1
270158,2
270159,2
270160,1
270161,1
270162,2
270163,1
270164,2
270165,2
270166,2
270167,2
270168,1
270169,2
270170,2
270172,1
270173,2
270174,1
270175,2
270176,1
270177,1
270178,3
270179,2
270180,1
270181,3
270182,2
270183,1
270184,1
270185,3
270186,2
270187,2
270188,1
270189,1
270190,2
270191,1
270192,1
270193,3
270194,2
270195,2
270196,1
270197,2
270198,1
270199,1
270200,1
270201,2
270204,1
270205,1
270206,2
270207,2
270208,1
270209,1
270210,2
270211,1
270213,2
270214,2
270215,1
270216,1
270217,1
270218,1
270219,1
270220,3
270221,1
270222,1
270223,1
270224,2
270225,2
270226,1
270227,2
270228,2
270229,1
270230,1
270232,1
270233,2
270234,1
270235,2
270236,2
270237,1
270238,2
270239,1
270240,1
270241,1
270242,1
270243,1
270245,2
270246,1
270247,1
270248,3
270249,2
270250,1
270251,2
270252,2
270253,1
270254,1
270255,1
270256,2
270257,1
270258,2
270259,1
270260,2
270261,1
270262,2
270263,1
270264,1
270265,2
270266,2
270267,1
270268,2
270269,2
270270,2
270271,1
270272,2
270273,3
270274,2
270275,2
270276,3
270277,1
270279,2
270280,1
270281,1
270282,2
270283,1
270284,2
270285,2
270286,1
270288,2
270289,1
270290,2
270291,2
270292,2
270293,1
270294,1
270295,2
270296,1
270297,1
270298,1
270299,1
270300,2
270301,3
270302,1
270303,1
270304,2
270305,2
270306,3
270307,1
270308,3
270309,2
270310,1
270311,3
270312,1
270313,1
270314,1
270315,2
270316,1
270317,1
270318,2
270319,2
270320,1
270321,2
270322,1
270323,1
270324,2
270325,2
270326,1
270327,1
270328,1
270329,2
270331,1
270332,3
270333,1
270334,2
270335,1
270336,4
270337,1
270338,4
270339,2
270340,3
270341,1
270342,2
270343,1
270344,1
270345,1
270346,1
270347,2
270348,1
270349,1
270350,2
270351,2
270352,1
270353,2
270354,1
270355,4
270356,1
270357,1
270358,2
270359,2
270360,1
270361,1
270362,2
270363,1
270365,1
270366,3
270367,2
270368,1
270369,2
270370,1
270371,2
270372,2
270374,1
270375,3
270376,1
270378,2
270379,2
270380,1
270381,2
270382,1
270383,1
270384,2
270385,1
270386,1
270387,1
270388,1
280001,2
280002,1
280003,2
280004,4
280005,2
280006,1
280007,2
280008,1
280009,2
280010,2
280011,2
280012,4
280013,3
280014,3
280015,1
280016,2
280017,1
280018,1
280019,1
280020,1
280021,1
280022,1
280023,2
280024,2
280025,2
280026,2
280027,1
280028,1
280029,1
280030,1
280031,1
280032,1
280033,1
280034,3
280035,2
280036,1
280037,1
280038,2
280039,1
280040,2
280041,1
280042,1
280043,2
280044,1
280045,1
280046,1
280047,1
280048,1
280049,2
280050,3
280051,1
280052,2
280053,1
280054,1
280055,1
280056,1
280057,2
280058,1
280059,1
280060,2
280061,1
280062,2
280063,1
280065,1
280066,2
280067,1
280068,1
280069,1
280070,2
280071,1
280072,1
280073,1
280074,1
280075,1
280076,2
280077,1
280078,1
280079,1
280080,1
280081,1
280082,2
280083,2
280084,1
280085,1
280086,1
280087,1
280088,2
280089,2
280090,1
280091,1
280092,1
280093,1
280094,2
280095,1
280096,2
280098,1
280099,1
280100,1
280101,1
280102,1
280103,1
280104,2
280105,1
280106,1
280107,2
280108,1
280109,1
280110,2
280111,1
280112,2
280113,1
280114,2
280115,2
280116,2
280117,1
280118,2
280119,1
280120,2
280121,1
280122,1
280123,1
280124,1
280125,1
280126,2
280127,1
280128,2
280129,1
280130,2
280131,2
280132,1
280133,2
280134,1
280135,2
280136,2
280138,1
280139,1
280140,1
280141,2
280142,2
280143,2
280144,1
280145,1
280146,1
280147,1
280148,1
280149,2
280150,2
280151,1
280152,2
280153,1
280154,1
280155,1
280156,3
280157,2
280158,1
280159,2
280160,1
280161,1
280162,2
280163,3
280164,1
280165,2
280166,1
280167,2
280168,1
280169,1
280170,2
280171,1
280172,1
280173,2
280174,1
280175,1
280176,1
280177,2
280178,2
280179,1
280180,2
280181,2
280182,1
280183,1
280184,1
280185,2
280186,2
280187,2
280188,1
280190,1
280191,1
280192,2
280193,1
280194,1
280195,2
280196,2
280197,1
280198,1
280199,2
280200,2
280201,1
280202,1
280203,1
280204,1
280205,1
280206,1
280207,2
280208,1
280209,1
280210,2
280211,1
280212,2
280213,2
280214,2
280215,1
280216,2
280217,1
280218,1
280219,1
280220,1
280221,2
280222,1
280223,2
280224,3
280225,2
280226,2
280227,2
280228,1
280229,2
280230,1
280231,5
280232,1
280233,5
280234,1
280235,2
280236,1
280237,2
280238,2
280239,1
280240,2
280241,1
280242,1
280243,2
280244,1
280245,1
280246,3
280247,1
280248,1
280249,2
280250,1
280251,3
280252,1
280253,1
280254,1
280255,1
280256,1
280257,4
280258,2
280259,2
280260,2
280261,1
280262,1
280263,2
280264,2
280265,2
280266,1
280267,1
280268,1
280269,1
280270,2
280271,2
280272,1
280273,2
280274,2
280275,1
280276,1
280277,1
280278,1
280279,2
280280,2
280281,1
280282,2
280283,1
280284,1
280285,1
280286,2
280287,1
280288,1
280289,2
280290,1
280291,3
280292,2
280293,1
280294,1
280295,2
280296,2
280297,2
280298,1
280299,2
280300,1
280301,1
280302,2
280303,1
280304,1
280305,1
280306,2
280307,2
280308,2
280309,1
280310,2
280311,2
280312,1
280313,2
280314,3
280315,2
280316,1
280317,2
280318,2
280319,2
280320,1
280321,2
280322,1
280323,3
280324,2
280325,1
280326,1
280327,1
280328,2
280329,2
280331,1
280332,2
280333,2
280334,2
280335,2
280336,1
280338,1
280339,2
280340,2
280342,2
280343,1
280344,1
280345,2
280346,2
280347,1
280348,2
280349,1
280350,1
280351,1
280352,2
280353,1
280354,2
280355,1
280356,2
280358,1
280359,2
280360,2
280361,1
280362,1
280363,1
280364,1
280365,1
280366,1
280367,1
280368,2
280369,1
280370,1
280371,2
280372,1
280373,3
280374,1
280375,2
280376,1
280377,1
280378,1
280379,1
280381,2
280382,2
280383,2
280384,2
280385,2
280386,1
280387,1
280388,1
280389,1
280390,1
280391,1
280392,2
280393,1
280394,1
280395,1
280396,1
280397,2
280398,1
280399,1
280400,1
280401,2
280402,2
280403,2
280405,1
280406,3
280407,1
280408,1
280409,1
280410,1
280411,1
280412,4
280413,1
280414,1
280415,2
280416,1
280417,2
280418,1
280419,1
280420,2
280421,1
280422,1
280423,1
280424,2
280425,1
280426,1
280427,2
280428,1
280429,2
280430,1
280431,1
280432,1
280433,1
280434,2
280435,1
280436,2
280437,2
280438,1
280439,1
280440,1
280441,1
280442,1
280443,1
280444,1
280446,2
280447,1
280448,1
280449,1
280450,2
280451,2
280452,1
280453,2
280454,2
280455,1
280456,1
280457,1
280458,1
280459,1
280460,2
280461,1
280462,2
280463,1
280464,2
280465,1
280466,2
280467,1
280468,2
280470,2
280471,1
280472,1
280473,2
280474,1
280475,1
280476,1
280477,1
280478,1
280479,1
280480,2
280481,1
280482,1
280483,2
280484,1
280485,3
280486,1
280487,2
280488,2
280489,1
280490,1
280491,3
280492,1
280493,1
280494,1
280495,1
280496,3
280497,2
280498,1
280499,1
280502,1
280503,3
280504,2
280506,1
280507,1
280508,1
280509,2
280510,1
280511,1
280512,2
280513,2
280514,1
280515,2
280517,1
280518,2
280519,1
280520,2
280521,1
280522,1
280523,2
280524,1
280525,1
280526,1
280527,2
280528,2
280529,1
280530,1
280531,1
280532,1
280533,1
280534,1
280535,2
280536,1
280537,2
280538,1
280539,1
280540,2
280541,1
280543,1
280544,1
280545,1
280546,1
280547,1
280548,2
280549,1
280550,1
280551,2
280552,1
280553,1
280554,2
280555,2
280556,1
280557,1
280558,1
280559,3
280560,1
280561,1
280562,2
280563,1
280564,1
280565,2
280566,1
280567,2
280568,2
280569,3
280570,1
280571,1
280572,1
280573,1
280574,1
280575,3
280576,1
280577,2
280578,2
280579,2
280580,2
280581,1
280582,2
280583,1
280584,1
280585,2
280586,1
280587,2
280588,1
280589,2
280591,1
280592,2
280593,2
280594,1
280595,1
280596,1
280597,1
280598,2
280599,1
280600,3
280601,1
280602,1
280603,2
280604,2
280605,1
280606,1
280607,1
280608,1
280609,2
280610,2
280611,1
280612,1
280613,1
280614,2
280615,3
280616,1
280617,1
280618,2
280619,1
280620,3
280621,1
280622,3
280623,1
280624,1
280625,1
280626,1
280627,2
280628,2
280629,1
280630,1
280631,1
280632,2
280633,2
280634,1
280635,1
280636,1
280637,1
280638,1
280639,1
280640,2
280641,2
280642,2
280643,1
280644,1
280645,2
280646,1
280647,1
280648,1
280649,2
280650,1
280651,1
280652,1
280653,1
280654,2
280655,2
280656,1
280657,1
280658,1
280659,1
280660,1
280661,1
280662,1
280663,2
280664,1
280665,1
280667,3
280668,2
280669,1
280670,1
280671,1
280672,2
280673,1
280674,1
280675,1
280676,1
280677,2
280678,2
280679,1
280680,1
280681,2
280682,1
280683,1
280684,1
280685,1
280687,2
290001,1
290002,1
290003,1
290004,2
290005,2
290006,2
290007,1
290008,1
290009,2
290010,2
290012,2
290013,1
290014,2
290015,2
290016,2
290017,1
290018,1
290019,1
290020,3
290021,2
290022,3
290023,1
290024,2
290025,1
290026,1
290028,2
290029,1
290030,2
290031,2
290033,2
290034,1
290035,2
290036,2
290037,2
290038,2
290039,1
290040,1
290041,1
290043,1
290044,2
290045,1
290046,1
290047,1
290048,3
290049,1
290050,1
290051,1
290052,1
290053,1
290054,2
290055,1
290056,1
290057,2
290058,1
290059,2
290060,2
290061,1
290063,1
290064,2
290065,2
290066,1
290067,1
290068,1
290069,2
290070,1
290071,1
290072,4
290073,1
290074,1
290075,1
290076,3
290077,1
290080,2
290081,1
290082,2
290083,1
290084,2
290085,1
290086,2
290087,2
290088,2
290089,1
290090,2
290091,1
290092,2
290093,1
290094,2
290095,1
290096,1
290097,1
290098,2
290099,2
290100,1
290101,2
290102,1
290103,1
290104,1
290105,2
290107,2
290108,1
290109,1
290110,1
290111,1
290112,1
290113,1
290114,1
290115,1
290116,2
290117,2
290118,1
290119,2
290120,4
290121,1
290122,2
290123,2
290124,2
290125,2
290126,2
290127,1
290128,2
290129,1
290130,1
290131,2
290132,1
290133,2
290134,1
290135,1
290136,3
290137,1
290138,2
290139,1
290140,2
290141,1
290142,1
290143,1
290144,1
290145,1
290146,3
290147,3
290148,1
290150,1
290151,1
290152,1
290154,1
290155,2
290156,1
290157,2
290158,2
290159,2
290160,2
290161,1
290162,1
290163,1
290164,1
290165,1
290166,2
290167,1
290169,1
290170,2
290171,2
290172,1
290173,1
290174,2
290175,2
290176,2
290177,2
290178,2
290179,1
290180,1
290181,2
290182,1
290183,2
290184,5
290185,2
290186,4
290187,2
290189,2
290190,2
290191,2
290192,1
290193,1
290194,1
290195,1
290196,1
290197,2
290198,1
290199,2
290200,2
290201,1
290202,2
290203,2
290204,1
290205,3
290206,1
290207,1
290208,2
290209,2
290210,2
290211,1
290212,2
290213,2
290214,1
290215,2
290216,2
290217,1
290218,2
290219,2
290220,2
290221,2
290222,2
290224,1
290225,1
290226,1
290227,2
290228,6
290229,2
290230,1
290231,1
290232,1
290233,1
290234,2
290235,1
290236,3
290237,4
290238,2
290239,1
290240,2
290241,2
290242,2
290243,1
290244,1
290245,1
290246,2
290247,1
290248,2
290249,2
290250,2
290251,2
290252,2
290253,2
290254,1
290255,2
290256,2
290257,10
290258,1
290259,1
290260,2
290261,2
290262,1
290263,2
290264,1
290265,1
290266,1
290267,1
290268,1
290269,1
290270,2
290271,2
290272,1
290273,1
290274,2
290275,1
290276,2
290277,2
290278,2
290279,1
290280,3
290281,2
290282,1
290283,1
290284,2
290285,2
290286,1
290287,2
290288,1
290289,3
290290,1
290291,2
290292,1
290293,2
290294,1
290295,2
290296,3
290297,1
290298,1
290299,1
290300,2
290301,1
290302,1
290303,2
290304,1
290305,2
290306,1
290307,1
290308,1
290309,2
290310,1
290311,3
290312,1
290313,1
290314,2
290315,1
290316,1
290317,2
290318,1
290319,2
290321,2
290322,1
290323,2
290324,6
290325,2
290326,1
290327,1
290328,2
290329,1
290330,1
290331,2
290332,1
290333,1
290334,1
290335,2
290336,1
290337,1
290338,1
290339,1
290340,1
290341,2
290342,1
290343,2
290344,1
290345,1
290346,2
290347,1
290348,2
290349,2
290350,1
290351,1
290352,2
290353,1
290354,2
290355,2
290356,2
290357,2
290358,1
290359,1
290360,2
290361,1
290362,1
290363,3
290364,1
290365,1
290366,2
290367,2
290368,2
290369,3
290370,1
290371,1
290372,1
290373,2
290374,2
290375,5
290376,2
290377,2
290378,2
290379,1
290380,2
290381,1
290382,1
290383,1
290384,1
290385,1
290386,1
290387,1
290388,1
290389,1
290390,3
290391,4
290392,2
290393,1
290394,2
290395,2
290396,1
290397,2
290398,1
290399,2
290400,1
290401,1
290402,2
290403,2
290404,1
290405,2
290406,3
290407,1
290408,2
290409,2
290410,1
290411,2
290412,2
290413,1
290415,1
290416,1
290417,1
290418,2
290419,2
290420,4
290421,1
290422,2
290423,2
290424,1
290425,2
290426,1
290427,1
290428,2
290429,3
290430,1
290431,2
290432,1
290433,1
290434,1
290435,1
290436,1
290437,1
290438,1
290439,1
290440,1
290441,2
290442,1
290443,2
290444,2
290445,1
290446,2
290447,1
290448,1
290449,1
290450,1
290451,3
290452,1
290453,2
290454,2
290455,4
290456,1
290457,2
290458,3
290459,1
290460,2
290461,2
290462,2
290463,2
290464,1
290465,6
290466,2
290467,1
290469,1
290470,1
290471,1
290472,3
290473,1
290474,2
290475,1
290476,2
290477,1
290478,1
290479,1
290480,2
290481,1
290482,2
290483,2
290484,1
290485,1
290486,2
290487,2
290488,2
290489,2
290490,1
290491,1
290492,2
290493,2
290494,2
290495,1
290496,2
290497,1
290498,2
290499,1
290500,2
290501,1
290502,2
290503,2
290504,2
290505,2
290506,2
290507,2
290508,2
290509,2
290510,1
290511,2
290512,2
290513,1
290514,2
290515,4
290516,3
290517,2
290518,2
290519,1
290520,1
290521,2
290523,1
290524,1
290525,2
290526,1
290527,2
290528,2
290529,1
290530,1
290531,2
290532,1
290533,1
290534,2
290536,2
290537,3
290538,1
290539,1
290540,1
290541,2
290542,1
290543,2
290544,1
290546,1
290547,1
290548,1
290549,1
290550,1
290551,2
290552,1
290553,1
290554,1
290555,1
290556,1
290557,2
290558,1
290559,2
290560,1
290561,1
290562,1
290563,2
290564,1
290565,1
290566,2
290567,1
290568,1
290569,1
290570,2
290571,2
290572,1
290573,1
290574,1
290575,2
290576,1
290577,2
290578,4
290579,1
290580,1
290582,1
290583,1
290584,1
290585,1
290586,2
290587,2
290588,1
290589,4
290590,3
290591,2
290592,1
290593,2
290594,1
290595,1
290596,3
290597,1
290598,3
290600,2
290601,1
290602,1
290603,1
290604,1
290605,1
290606,1
290607,2
290608,1
290609,2
290610,2
290611,1
290612,1
290613,1
290614,2
290615,1
290616,1
290617,2
290618,1
290620,2
290621,2
290622,2
290623,1
290624,2
290625,2
290626,2
290627,3
290628,1
290629,2
290630,2
290631,2
290632,1
290633,2
290634,2
290635,1
290636,1
290637,2
290638,2
290639,1
290640,1
290641,1
290642,2
290643,1
290644,1
290645,2
290646,2
290647,2
290648,1
290649,1
290650,1
290651,1
290653,1
290654,1
290655,1
290656,1
290657,1
290658,1
290659,1
290660,5
290661,2
290662,1
290663,1
290665,1
290666,2
290667,2
290668,2
290669,4
290670,2
290671,1
290672,1
290673,1
290674,2
290675,1
290676,1
290677,1
290678,1
290679,2
290680,1
290681,1
290682,2
290683,2
290685,2
290686,1
290687,1
290688,1
290689,2
290690,2
290691,1
290692,3
290693,1
290694,3
290696,1
290697,2
290698,1
290699,2
290700,2
290701,1
290702,1
290703,1
290704,2
290705,1
290706,1
290707,1
290708,1
290710,1
290711,1
290712,2
290713,2
290714,1
290715,1
290716,3
290717,1
290718,2
290719,2
290720,1
290721,1
290722,2
290723,2
290724,2
290725,3
290726,1
290727,1
290728,1
290729,1
290730,1
290731,2
290732,2
290733,2
290734,1
290735,1
290736,1
290737,2
290738,2
290739,1
290740,2
290741,2
290742,1
290743,1
290744,3
290745,2
290746,2
290747,2
290748,1
290749,2
290750,1
290751,1
290752,2
290754,2
290755,1
290756,1
290757,1
290758,2
290759,1
290760,1
290761,1
290762,1
290763,1
290764,1
290765,1
290766,3
290767,1
290768,1
290769,2
290770,1
290771,1
290772,1
290773,2
290774,1
290775,2
290776,1
290777,1
290778,1
290779,1
290780,2
290781,1
290782,2
290783,1
290784,1
290785,1
290786,1
290787,1
290788,1
290789,2
290790,1
290791,1
290792,1
290793,1
290794,1
290795,1
290796,1
290797,1
290798,1
290799,1
290800,1
290801,1
290802,3
290803,1
290804,2
290805,1
290806,1
290807,1
290808,3
290809,1
290810,1
290811,2
290812,1
290813,1
290814,1
290815,3
290816,2
290817,2
290818,2
290819,1
290820,2
290821,1
290822,1
290823,1
290824,1
290825,1
290826,1
290827,1
290828,1
290829,2
290830,1
290831,1
290832,2
290833,2
290834,1
290835,1
290836,3
290837,1
290838,2
290839,2
290840,1
290841,1
290843,2
290844,1
290845,1
290846,2
290847,1
290848,5
290849,2
290850,1
290851,2
290852,2
290853,2
290854,2
290855,1
290856,1
290857,2
290858,1
290859,1
290860,2
290861,1
290862,1
290863,2
290864,2
290865,1
290866,2
290867,1
290868,2
290869,2
290870,3
290871,1
290872,1
290873,2
290874,2
290875,2
290876,3
290877,1
290878,2
290879,1
290880,2
290881,1
290882,1
290883,3
290884,2
290885,3
290886,1
290887,1
290888,1
290889,1
290890,1
290891,1
290892,1
290893,1
290894,1
290895,1
290896,1
290897,1
290898,1
290899,2
290900,1
290901,1
290902,1
290903,1
290904,1
290905,1
290906,1
290907,1
290908,1
290909,1
290910,2
290911,3
290912,1
290913,1
290914,2
290916,1
290917,1
290918,3
290919,2
290920,1
290921,1
290922,2
290923,1
290924,1
290925,1
290926,1
290927,2
290928,1
290929,2
290930,1
290931,1
290932,2
290933,1
290934,1
290935,1
300001,1
300002,1
300003,2
300004,1
300005,1
300006,3
300007,2
300008,2
300009,1
300010,2
300011,1
300012,1
300013,1
300014,1
300015,2
300016,2
300017,1
300018,1
300019,2
300020,4
300021,1
300022,1
300023,2
300024,2
300025,1
300026,1
300027,1
300028,1
300029,1
300030,1
300031,1
300032,1
300033,1
300034,1
300035,1
300036,1
300037,1
300038,1
300039,1
300040,2
300041,2
300042,1
300043,1
300044,1
300045,1
300046,2
300047,1
300048,1
300049,1
300050,3
300051,1
300052,1
300053,1
300054,1
300055,2
300056,1
300057,6
300058,3
300059,2
300060,1
300061,1
300062,1
300063,1
300064,1
300065,1
300066,1
300067,3
300068,1
300069,1
300070,2
300071,1
300072,2
300073,1
300074,1
300075,2
300076,2
300077,1
300078,2
300079,2
300080,2
300081,2
300082,2
300083,1
300084,1
300085,1
300086,1
300087,1
300088,1
300089,2
300090,2
300091,1
300092,1
300093,3
300094,1
300095,1
300096,1
300097,1
300098,1
300099,2
300100,1
300101,1
300102,2
300103,1
300104,1
300105,1
300106,1
300107,1
300108,1
300109,1
300110,1
300111,2
300112,2
300113,1
300114,2
300115,1
300116,2
300117,1
300118,1
300119,1
300120,2
300121,2
300122,2
300123,1
300124,2
300125,1
300126,1
300127,2
300128,1
300129,1
300130,1
300131,1
300132,2
300133,2
300134,1
300135,1
300136,1
300137,2
300138,1
300139,2
300140,1
300141,1
300142,1
300143,2
300144,1
300145,3
300146,1
300147,2
300148,1
300149,1
300150,1
300151,2
300152,1
300153,2
300154,1
300155,2
300156,1
300157,2
300158,1
300159,2
300160,2
300161,1
300162,1
300163,2
300164,1
300165,1
300166,3
300167,1
300168,2
300169,1
300170,2
300171,2
300172,2
300173,2
300174,1
300175,1
300176,1
300177,2
300178,1
300179,1
300180,2
300181,1
300182,1
300183,2
300184,2
300185,1
300186,1
300187,1
300188,1
300189,1
300190,2
300191,3
300192,1
300193,1
300194,1
300195,1
300196,1
310001,2
310002,2
310003,2
310004,2
310005,2
310006,1
310007,1
310008,2
310009,1
310010,1
310011,2
310012,1
310013,1
310014,2
310015,2
310016,1
310017,2
310018,2
310019,1
310020,2
310021,1
310022,1
310023,2
310024,2
310025,3
310026,1
310027,2
310028,2
310029,2
310030,1
310031,1
310032,1
310033,1
310034,2
310035,2
310036,1
310037,1
310038,1
310039,1
310040,1
310041,1
310042,2
310043,2
310044,2
310045,2
310046,1
310047,1
310048,1
310049,2
310050,2
310051,2
310052,1
310053,2
310054,3
310055,1
310056,2
310057,2
310058,2
310059,1
310060,1
310061,1
310062,2
310063,1
310064,1
310065,1
310066,2
310067,1
310068,2
310069,1
310070,2
310071,2
310072,1
310073,3
310074,1
310075,2
310076,1
310077,1
310078,1
310079,2
310080,2
310081,2
310082,1
310083,1
310084,3
310085,1
310086,2
310087,1
310088,2
310089,1
310091,1
310092,2
310093,1
310094,1
310095,1
310096,1
310097,3
310098,1
310099,1
310100,2
310101,2
310102,2
310103,1
310104,2
310105,1
310106,1
310107,1
310108,1
310109,2
310110,2
310111,1
310112,2
310113,1
310114,2
310115,3
310116,2
310117,2
310118,2
310119,2
310120,1
310121,1
310122,1
310123,1
310125,1
310126,1
310127,1
310128,1
310129,1
310130,2
310131,1
310132,1
310133,2
310134,2
310135,1
310136,2
310137,1
310138,5
310139,1
310140,2
310142,1
310143,2
310144,2
310145,2
310146,2
310147,1
310148,1
310149,1
310150,1
310151,1
310152,1
310153,3
310154,1
310155,2
310156,1
310157,1
310158,2
310159,2
310160,2
310161,2
310162,2
310163,2
310164,4
310165,1
310166,1
310167,1
310168,2
310169,2
310170,2
310171,1
310172,2
310173,2
310174,1
310175,2
310176,2
310177,1
310178,1
310179,1
310180,1
310181,2
310182,1
310183,1
310184,3
310185,1
310186,2
310187,1
310188,1
310189,3
310190,1
310191,2
310192,1
310193,2
310194,2
310195,1
310196,1
310197,1
310198,1
310199,1
310200,1
310201,1
310202,3
310203,2
310204,2
310205,2
310206,1
310207,3
310208,1
310209,2
320001,1
320002,1
320004,1
320005,1
320006,1
320007,2
320008,1
320009,2
320010,2
320011,2
320012,1
320013,2
320014,2
320015,4
320016,3
320017,3
320018,3
320019,2
320020,1
320021,1
320022,1
320023,3
320024,1
320025,1
320026,1
320027,6
320028,2
320029,1
320030,1
320031,1
320032,2
320033,2
320034,1
320035,2
320036,1
320037,1
320038,1
320039,2
320040,1
320041,1
320042,2
320043,3
320044,1
320045,1
320046,2
320047,1
320048,3
320049,1
320050,2
320051,1
320052,1
320053,2
320054,1
320055,2
320056,1
320057,1
320058,1
320059,2
320060,2
320061,1
320062,2
320063,2
320064,1
320065,1
320066,1
320067,2
320068,1
320069,1
320070,2
320071,2
320072,2
320073,1
320074,2
320075,1
320076,2
320077,1
320078,2
320079,2
320080,1
320081,2
320082,1
320083,4
320084,2
320085,2
320086,2
320087,1
320088,2
320089,2
320090,1
320091,3
320092,1
320093,2
320094,2
320095,2
320096,1
320097,1
320098,1
320099,1
320100,1
320101,4
320102,5
320103,1
320104,2
320105,1
320106,1
320107,1
320108,1
320109,1
320110,2
320111,2
320112,2
320113,1
320114,2
320115,2
320116,1
320117,2
320118,1
320119,2
320120,1
320121,2
320122,2
320123,1
320124,1
320125,1
320126,1
320127,2
320128,1
320129,1
320131,1
320132,2
320133,1
320134,1
320135,2
320136,1
320137,1
320138,2
320139,2
320140,1
320142,2
320143,1
320144,2
320145,2
320146,1
320147,1
320148,1
320149,1
320150,1
320151,1
320152,1
320153,1
320154,1
320155,3
320156,1
320157,1
320158,1
320159,3
320160,1
320161,2
320162,1
320163,2
320164,1
320165,2
320166,1
320167,2
320168,1
320169,1
320170,2
320171,2
320173,1
320174,2
320175,2
320176,1
320177,1
320178,1
320179,1
320180,2
320181,1
320182,2
320183,1
320184,2
320185,1
320186,3
320188,1
320189,2
320190,2
320191,2
320192,2
320193,2
320194,1
320195,1
320196,2
320197,1
320198,1
320199,1
320200,1
320201,1
320202,1
320203,2
320204,1
320205,2
320206,2
320207,3
320208,2
320209,3
320210,2
320211,2
320212,2
320213,2
320214,1
320215,2
320216,1
320217,1
320218,1
320219,1
320220,1
320221,4
320222,2
320223,2
320224,2
320225,1
320226,2
320227,1
320228,1
320229,2
320230,1
320231,2
320232,1
320233,1
320235,2
320237,2
320238,2
320239,1
320240,1
320241,1
320242,2
320243,1
320244,1
320245,1
320246,2
320247,2
320248,1
320249,2
320250,2
320251,1
320252,1
320253,2
320254,1
320255,2
320256,2
320257,1
320258,1
320259,1
320260,1
320261,1
320262,1
320263,1
320264,1
320265,1
320266,1
320267,2
320268,1
320269,2
320270,2
320271,1
320272,1
320273,2
320274,1
320275,1
320276,1
320277,1
320278,3
320279,2
320280,1
320281,2
320282,2
320283,1
320284,2
320285,1
320286,2
320287,1
320288,1
320289,1
320290,2
320291,1
320292,2
320293,2
320294,1
320295,1
320296,3
320298,2
320299,1
320300,1
320301,1
320303,1
320304,2
320305,5
320306,2
320307,1
320308,1
320309,3
320310,1
320311,1
320312,1
320313,1
320314,1
320315,4
320316,1
320317,2
320318,2
320319,2
320320,3
320322,1
320323,1
320324,1
320325,1
320326,1
320327,1
320328,1
320329,2
320330,1
320331,2
320332,1
320333,3
320334,6
320335,1
320336,1
320337,1
320338,1
320339,2
320340,1
320341,1
320342,3
320343,1
320344,1
320345,6
320346,1
320347,1
320348,1
320349,3
320350,2
320351,1
320352,1
320353,1
320354,1
320355,2
320356,3
320357,1
320358,1
320359,1
320360,1
320361,2
320364,2
320365,1
320366,1
320367,2
320368,2
320369,2
320370,1
320371,1
320372,1
320373,3
320374,3
320375,2
320376,1
320377,2
320378,2
320379,1
330001,2
330002,2
330003,2
330004,2
330005,1
330006,1
330008,2
330009,1
330011,1
330012,1
330013,1
330014,2
330015,1
330016,1
330017,2
330018,2
330019,1
330020,2
330021,2
330022,3
330023,1
330024,1
330025,2
330026,5
330027,1
330028,1
330029,1
330030,2
330031,1
330032,2
330033,1
330034,1
330035,1
330036,1
330037,1
330038,1
330039,2
330040,1
330041,2
330042,3
330043,1
330044,2
330045,1
330046,2
330047,1
330048,1
330049,1
330050,1
330051,1
330052,2
330053,1
330054,2
330055,2
330056,2
330057,1
330058,2
330059,1
330060,1
330061,2
330062,1
330063,2
330065,1
330066,2
330067,2
330068,1
330069,2
330070,2
330071,1
330072,2
330073,2
330074,2
330075,1
330076,3
330077,3
330078,1
330079,1
330080,2
330081,3
330082,1
330083,1
330084,1
330085,2
330086,1
330087,1
330088,4
330089,1
330090,2
330091,2
330092,1
330093,1
330094,2
330095,2
330096,1
330097,2
330098,1
330099,1
330100,1
330101,1
330102,2
330103,2
330104,2
330105,1
330106,2
330107,1
330108,2
330109,1
330110,1
330111,1
330112,2
330113,1
330114,2
330115,1
330116,1
330117,1
330118,1
330119,3
330120,2
330121,2
330122,1
340001,1
340002,2
340003,2
340004,1
340005,2
340006,1
340007,1
340008,1
340009,1
340010,1
340011,1
340012,1
340013,1
340014,1
340015,1
340016,1
340017,1
340018,1
340019,1
340020,1
340021,1
340022,2
340023,1
340024,1
340025,1
340026,2
340027,1
340028,1
340029,2
340030,1
340031,1
340032,1
340033,1
340034,2
340035,2
340036,2
340037,3
340038,1
340039,2
340040,1
340041,1
340042,1
340043,1
340044,1
340045,1
340046,1
340047,3
340048,2
340049,1
340050,3
340051,2
340052,1
340053,1
340054,1
340055,1
340056,1
340057,2
340058,1
340059,1
340060,1
340061,2
340062,1
340063,2
340064,1
340065,2
340066,1
340067,2
340068,1
340069,1
340070,1
340071,2
340072,1
340073,1
340074,2
340075,1
340076,1
340077,1
340078,1
340080,2
340081,2
340082,2
340083,1
340084,1
340085,1
340086,1
340087,1
340088,2
340089,4
340090,1
340091,2
340092,2
340093,2
340095,1
340096,1
340097,1
340098,2
340099,1
340100,2
340102,3
340103,3
340104,2
340105,1
340106,1
340107,2
340108,1
340109,2
340110,2
340111,1
340112,4
340113,1
340114,1
340115,1
340116,1
340117,1
340118,1
340119,2
340120,1
340122,1
340123,1
340124,1
340125,1
340126,2
340127,1
340128,2
340129,1
340130,1
340131,1
340132,1
340133,2
340134,2
340135,2
340136,1
340137,2
340138,1
340139,4
340140,1
340141,2
340142,1
340143,1
340144,2
340145,2
340146,2
340147,2
340148,1
340149,1
340150,2
340151,2
340152,3
340153,2
340154,1
340155,1
340156,1
340157,1
340158,2
340159,1
340160,1
340161,1
340162,2
340163,2
340164,2
340165,4
340166,1
340167,1
340168,2
340169,1
340170,1
340171,1
340172,2
340173,1
340174,2
340175,1
340176,1
340177,2
340178,1
340179,1
340180,2
340181,1
340182,1
340183,2
340184,2
340185,2
340186,2
340187,1
340188,2
340189,2
340190,2
340191,1
340192,1
340193,2
340194,1
340195,3
340196,1
340197,2
340198,2
340199,1
340200,2
340201,1
340202,1
340203,2
340204,3
340205,2
340206,2
340207,1
340208,2
340209,1
340210,2
340211,1
340212,1
340213,1
340214,2
340215,2
340216,1
340217,1
340218,1
340219,2
340220,1
340221,1
340222,1
340223,1
340224,2
340225,2
340226,1
340227,2
340228,3
340229,2
340230,1
340231,1
340232,1
340233,1
340234,1
340235,2
340236,1
340237,2
340238,1
340239,1
340240,1
340241,2
340242,1
340244,1
340245,1
340246,1
340247,2
340248,1
340249,1
340250,1
340251,1
340252,2
340253,2
340254,3
340255,1
340256,1
340257,1
340258,3
340259,3
340260,1
340261,2
340262,1
340263,3
340264,3
340265,2
340266,1
340267,3
340268,2
340269,1
340270,1
340271,1
340272,1
340273,1
340274,1
340275,1
340276,1
340277,1
340278,4
340279,1
340280,1
340281,2
340282,3
340283,2
340284,1
340285,1
340286,1
340287,1
340288,1
340289,1
340290,1
340291,2
340292,1
340293,1
340294,2
340295,3
340296,1
340297,1
340298,2
340299,1
340300,1
340301,2
340302,2
340303,1
340304,1
340305,2
340306,2
340307,2
340308,1
340309,1
340310,3
340311,1
340312,1
340313,1
340314,2
340315,1
340316,1
340317,2
340318,1
340319,2
340320,1
340321,1
340322,1
340323,2
340324,1
340325,1
340326,2
340327,2
340328,1
340329,1
340330,1
340331,2
340332,1
340333,1
340334,1
340335,1
340336,1
340337,1
340338,1
340339,3
340340,1
340341,1
340342,1
340343,1
340344,1
340345,1
340346,1
340347,1
340348,1
340349,2
340350,2
340351,1
340352,2
340353,2
340354,2
340355,2
340356,2
340357,1
340358,2
340359,2
340360,2
340361,1
340362,2
340363,1
340364,1
340365,2
340366,1
340367,1
340368,1
340369,1
340370,3
340371,1
340372,2
340373,1
340374,2
340375,1
340376,1
340377,1
340378,1
340379,1
340380,1
340381,1
340382,2
340383,2
340384,2
340385,1
340386,1
340387,1
340388,2
340389,1
340390,2
340391,1
340392,1
340393,1
340394,1
340395,1
340396,1
340397,1
340398,1
340399,2
340400,1
340401,1
340402,1
340403,1
340404,2
340405,2
340406,1
340407,2
340408,1
340409,1
340410,1
340411,2
340412,1
340413,1
340414,3
340415,1
340416,1
340417,1
340418,1
340419,1
340420,2
340421,4
340422,2
340423,1
340424,1
340425,1
340426,3
340427,2
340428,2
340429,2
340430,3
340431,2
340432,2
340433,2
340435,2
340436,1
340437,2
340438,1
340439,2
340440,2
340441,1
340442,1
340443,1
340444,1
340445,2
340446,1
340447,1
340448,1
340449,2
340450,1
340451,1
340452,1
340453,1
340454,1
340455,3
340456,1
340457,1
340458,2
340459,2
340460,2
340461,2
340462,2
340463,2
340464,2
340465,1
340466,1
340467,1
340468,1
340469,1
340470,1
340471,1
340472,1
340473,2
340474,2
340475,1
340476,3
340477,2
340478,2
340479,1
340480,2
340481,2
340482,7
340483,2
340484,1
340485,1
340486,1
340487,5
340488,1
340489,1
340490,2
340491,3
340492,4
340493,1
340494,2
340495,1
340496,1
340497,1
340498,1
340499,2
340500,2
340501,2
340502,1
340503,1
340504,2
340505,2
340506,1
340507,1
340508,1
340509,1
340510,2
340511,2
340512,1
340513,2
340515,2
340516,1
340517,2
340518,1
340519,1
340520,2
340521,1
340522,2
340524,1
340525,1
340526,2
340527,2
340528,3
340529,1
340530,1
340531,1
340532,1
340533,2
340534,2
340535,2
340536,1
340537,3
340538,1
340539,2
340540,2
340541,1
340542,7
340543,1
340544,1
340545,2
340546,2
340547,1
340548,1
340549,3
340551,1
340552,3
340553,1
340554,1
340555,2
340556,1
340557,1
340558,3
340559,2
340560,1
340561,1
340562,2
340563,2
340564,1
340565,2
340566,1
340567,1
340568,1
340569,2
340570,1
340571,2
340572,1
340573,2
340574,1
340575,1
340576,1
340577,2
340578,2
340579,1
340580,1
340581,1
350001,1
350002,2
350003,1
350004,1
350005,3
350006,2
350007,3
350008,3
350009,1
350010,1
350011,2
350012,2
350013,2
350014,3
350015,1
350016,1
350017,2
350018,1
350019,2
350020,2
350021,2
350022,4
350023,1
350024,2
350025,1
350026,2
350027,1
350028,1
350029,1
350030,1
350031,2
350032,1
350033,2
350034,1
350035,2
350036,1
350037,2
350038,2
350039,1
350040,2
350041,1
350042,1
350043,1
350044,1
350045,1
350046,2
350047,2
350048,2
350049,1
350050,1
350051,1
350052,1
350053,1
350054,2
350055,2
350056,4
350057,4
350058,1
350059,2
350060,2
350061,3
350062,1
350063,1
350064,2
350065,2
350066,2
350067,1
350068,1
350069,1
350070,2
350071,2
350072,1
350073,2
350074,1
350075,2
350076,1
350077,1
350078,1
350079,1
350080,2
350081,2
350082,3
350083,1
350084,1
350085,1
350086,1
350087,1
350088,2
350089,1
350090,2
350091,1
350092,1
350093,2
350094,1
350095,2
350096,2
350097,2
350098,1
350099,3
350100,1
350101,1
350102,2
350103,3
350104,1
350105,1
350106,1
350107,1
350108,2
350109,2
350110,1
350111,2
350112,1
350113,2
350114,1
350115,2
350116,3
350117,2
350118,2
350119,2
350120,2
350121,1
350122,1
350123,2
350124,2
350125,1
350126,2
350127,2
350128,1
350129,1
350130,1
350131,3
350132,1
350133,1
350134,1
350135,2
350136,1
350137,2
350138,3
350139,1
350140,1
350141,2
350142,1
350143,1
350144,1
350145,2
350146,1
350147,1
350148,1
350149,2
350150,1
350151,1
350152,1
350153,1
350154,2
350155,1
350156,2
350157,1
350158,1
350159,2
350160,2
350161,2
350162,1
350163,1
350164,2
350165,1
350166,1
350167,3
350168,2
350169,1
350170,1
350171,1
350172,1
350173,2
350174,2
350175,2
350176,2
350177,1
350178,1
350179,1
350180,1
350181,1
350182,2
350183,1
350184,2
350185,1
350186,1
350187,1
350188,1
350189,2
350190,2
350191,1
350192,1
350193,2
350194,2
350195,1
350196,1
350197,1
350198,2
350199,2
350200,2
350201,2
350202,1
350203,2
350204,2
350205,2
350206,2
350207,2
350208,2
350209,1
350210,1
350211,1
350212,1
350213,2
350214,1
350215,1
350216,1
350217,2
350218,2
350219,1
350220,1
350221,2
350222,3
350223,1
350224,2
350225,1
350226,5
350227,1
350228,1
350229,1
350230,2
350231,3
350232,2
350233,1
350234,1
350235,1
350236,1
350237,1
350238,3
350239,2
350240,1
350241,1
350242,1
350243,1
350244,2
350245,2
350246,4
350247,1
350248,1
350249,1
350250,2
350251,1
350252,1
350253,1
350254,1
350255,1
350256,1
350257,1
350258,5
350259,1
350260,1
350261,1
350262,1
350263,2
350264,1
350265,3
350266,1
350267,1
350268,1
350269,1
350270,1
350271,1
350272,2
350273,1
350274,1
350275,1
350276,2
350277,2
350278,2
350279,1
350280,2
350281,1
350282,1
350283,1
350284,3
350285,3
350286,1
350287,6
350288,1
350289,1
350290,2
350291,1
350292,1
350293,2
350294,1
350295,1
350296,1
350297,1
350298,2
350299,2
350300,2
350301,1
350302,1
350303,2
350304,1
350305,2
350306,2
350307,1
350308,2
350309,1
350310,1
350311,1
350312,2
350313,1
350314,2
350315,1
350316,1
350317,1
350318,1
350319,2
350320,1
350321,4
350322,2
350323,2
350324,1
350325,1
350326,1
350327,1
350328,1
350329,1
350330,2
350331,2
350332,2
350333,2
350334,3
350335,2
350336,1
350337,1
350338,1
350339,2
350340,2
350341,2
350342,1
350343,1
350344,1
350345,1
350346,2
350347,2
350348,1
350349,2
350350,1
350351,1
350352,1
350353,2
350354,1
350355,1
350356,1
350357,2
350358,3
350359,1
350360,1
350361,1
350362,1
350363,1
350364,1
350365,1
350366,2
350367,1
350368,1
350369,2
350370,2
350371,1
350372,1
350373,2
350374,1
350375,2
350376,1
350377,1
350378,2
350379,1
350380,1
350381,1
350382,3
350383,1
350384,1
350385,1
350386,2
350387,2
350388,2
350389,1
350390,1
350391,1
350392,1
350393,1
350394,1
350395,2
350396,1
350397,2
350398,1
350399,2
350400,1
350401,1
350402,1
350403,1
350404,1
350405,1
360001,1
360002,1
360003,2
360004,1
360005,1
360006,1
360007,1
360008,1
360009,1
360010,2
360011,2
360012,3
360013,2
360014,1
360015,1
360016,1
360017,1
360018,1
360019,1
360021,1
360022,2
360023,1
360024,1
360025,2
360026,1
360027,1
360028,1
360029,1
360030,2
360031,2
360032,1
360033,1
360034,1
360035,1
360036,1
360037,2
360038,2
360039,1
360040,1
360041,1
360042,1
360044,1
360045,1
360046,1
360047,3
360048,1
360049,1
360050,2
360051,2
360052,1
360053,1
360055,1
360056,1
360057,1
360058,2
360059,1
360060,2
360061,1
360062,1
360063,2
360064,1
360065,2
360066,1
360067,1
360068,2
360069,2
360071,2
360072,1
360073,2
360074,1
360075,2
360076,1
360077,3
360078,1
360079,2
360080,1
360081,1
360082,2
360083,2
360085,2
360086,1
360087,3
360088,1
360089,1
360090,1
360091,1
360092,1
360093,2
360094,1
360095,1
360096,1
360097,1
360098,2
360099,2
360100,1
360101,2
360102,2
360103,1
360104,1
360105,2
360106,1
360107,2
360108,2
360109,1
360110,3
360111,1
360113,1
360114,1
360115,2
360116,1
360117,3
360118,1
360119,1
360120,1
360121,1
360122,1
360123,3
360124,1
360125,1
360126,1
360127,1
360128,2
360129,2
360130,1
360131,1
360132,2
360133,2
360134,1
360135,2
360136,1
360138,2
360139,1
360140,1
360141,1
360142,1
360143,2
360144,1
360145,1
360146,2
360147,1
360148,2
360149,4
360150,1
360151,1
360152,2
360153,1
360154,2
360155,2
360156,1
360157,2
360158,2
360159,2
360160,1
360161,2
360162,1
360163,1
360164,1
360165,2
360166,1
360167,1
360168,1
360169,1
360170,2
360171,2
360172,1
360173,1
360174,1
360175,1
360176,2
360177,3
360178,2
360179,1
360180,2
360181,1
360182,1
360183,3
360184,2
360185,1
360186,1
360187,2
360188,1
360189,1
360190,1
360191,2
360192,1
360193,2
360194,1
360195,1
360196,1
360197,1
360198,1
360199,1
360200,1
360201,1
360202,1
360204,1
360205,2
360206,2
360208,3
360209,1
360210,3
360211,2
360212,1
360213,1
360214,1
360215,1
360216,1
360217,1
360218,1
360219,1
360220,1
360221,2
360222,1
360223,2
360224,2
360225,1
360226,1
360227,1
360228,1
360229,1
360230,1
360231,1
360232,1
360233,2
360234,1
360235,2
360236,2
360237,1
360238,2
360239,2
360240,2
360241,2
360242,1
360243,3
360245,1
360246,1
360247,2
360248,1
360249,2
360250,1
360251,1
360252,2
360254,2
360255,2
360256,1
360257,2
360258,1
360259,2
360260,2
360261,1
360262,2
360263,1
360264,2
360265,2
360266,1
360267,2
360268,1
360269,1
360270,1
360271,1
360272,2
360273,3
360274,2
360275,1
360276,1
360277,2
360278,1
360279,1
360280,3
360281,1
360282,2
360283,1
360284,1
360285,1
360286,1
360287,1
360288,2
360289,1
360290,1
360291,1
360292,1
360293,1
360294,1
360295,2
360296,1
360297,1
360298,2
360299,2
360300,1
360301,1
360302,1
360303,1
360304,1
360305,1
360306,1
360307,1
360308,1
360309,2
360310,1
360311,1
360312,1
360313,1
360314,1
360315,1
360316,2
360317,2
360318,2
360319,1
360320,2
360321,1
360322,1
360323,2
360324,2
360325,2
360326,2
360327,1
360328,1
360329,1
360330,1
360331,1
360332,2
360333,1
360334,1
360335,1
360336,2
360337,1
360338,1
360339,1
360340,1
360341,1
360342,1
360343,2
360344,1
360345,2
360346,1
360347,1
360348,3
360349,1
360350,2
360351,2
360352,1
360353,2
360354,1
360355,2
360356,2
360357,2
360358,2
360359,1
360360,1
360361,2
360362,1
360363,1
360364,1
360365,2
360366,1
360367,1
360368,1
360369,1
360370,1
360371,1
360372,1
360373,1
360374,1
360375,1
360376,2
360377,1
360378,1
360379,2
360380,2
360381,2
360382,2
360383,1
360384,2
360385,1
360386,1
360387,2
360388,2
360389,1
360390,3
360391,2
360392,2
360393,1
360394,2
360395,2
360396,2
360397,1
360398,1
360399,1
360400,1
360401,2
360402,2
360403,2
360404,1
360405,1
360406,2
360407,2
360408,1
360409,1
360410,1
360411,2
360412,2
360414,2
360415,2
360416,1
360417,1
360418,4
360419,1
360420,1
360421,3
360422,1
360423,1
360424,2
360425,2
360426,1
360427,2
360428,1
360429,1
360430,1
360431,2
360432,2
360433,1
360434,2
360436,3
360437,2
360438,1
360439,2
360440,2
360441,3
360442,1
360443,2
360444,1
360445,1
360446,1
360447,1
360448,1
360449,2
360450,1
360451,1
360452,1
360453,1
360454,1
360455,1
360456,2
360457,1
360458,4
360459,1
360460,7
360461,1
360462,1
360463,1
360464,1
360465,1
360466,1
360467,1
360468,1
360469,1
360470,1
360471,1
360472,1
360473,1
360474,1
360475,1
360476,1
360477,1
360478,1
360480,1
360481,1
360482,1
360483,1
360484,2
360486,1
360487,1
360488,1
360489,2
360490,2
360491,2
360492,2
360493,2
360494,2
360495,2
360496,2
360497,2
360498,2
360499,2
360500,2
360501,3
360502,2
360503,2
360504,3
360505,2
360506,2
360507,2
360508,2
360509,1
360510,1
360511,2
360512,2
360513,2
360514,1
360515,2
360516,1
360517,1
360518,1
360519,1
360520,1
360521,1
360522,1
360524,2
360525,1
360526,1
360527,1
360528,1
360529,1
360530,1
360531,2
360532,1
360533,2
360534,1
360535,1
360536,2
360537,1
360538,2
360539,1
360541,1
360542,2
360543,1
360544,2
360545,1
360546,1
360547,1
360548,2
360549,1
360550,2
360551,2
360552,1
360553,1
360554,2
360555,2
360556,3
360557,1
360558,1
360559,1
360560,1
360561,2
360562,2
360563,1
360564,2
360565,2
360566,2
360567,2
360568,2
360569,1
360570,2
360572,1
360573,1
360574,1
360575,1
360576,1
360577,1
360578,1
360579,1
360580,1
360581,1
360582,2
360583,2
360584,2
360585,1
360586,2
360587,2
360588,2
360589,2
360591,2
360592,2
360593,1
360594,2
360595,2
360596,1
360597,2
360598,2
360599,1
360600,1
360601,2
360602,1
360603,1
360604,2
360605,2
360606,2
360607,2
360608,2
360609,1
360610,1
360611,1
360612,2
360613,2
360614,2
360615,2
360616,2
360617,1
360618,1
360619,1
360620,2
360621,1
360622,1
360623,1
360624,1
360625,1
360626,1
360627,1
360628,1
360629,1
360630,1
360631,1
360632,2
360633,2
360634,2
360635,2
360636,1
360637,2
360638,1
360639,1
360640,2
360641,2
360642,3
360643,1
360644,2
360645,2
360646,1
360647,1
360648,1
360649,3
360650,1
360651,1
360652,1
360653,1
360654,2
360655,1
360656,1
360657,1
360658,1
360659,1
360660,1
360661,1
360662,1
360663,1
360664,2
360665,1
360666,2
360667,1
360668,1
360669,1
360670,1
360671,2
360672,1
360673,3
360674,2
360675,2
360676,2
360677,3
360678,1
360679,5
360680,3
360681,2
360682,1
360683,1
360684,2
360685,2
360686,1
360687,2
360688,2
360689,1
360690,3
360691,2
360692,1
360693,1
360694,1
360695,1
360696,1
360697,1
360698,1
360699,1
360700,1
360701,2
360702,1
360703,2
360704,1
360705,1
360706,1
360708,2
360709,3
360710,1
360711,1
360712,1
360713,1
360714,1
360715,1
360716,1
360717,1
360718,1
360719,1
360720,2
360721,2
360722,1
360723,2
360724,2
360725,3
360726,1
360727,2
360728,2
360729,1
360730,1
360731,1
360732,1
360733,1
360734,4
360735,1
360736,1
360737,3
360738,1
360739,2
360740,2
360741,1
360742,3
360743,1
360744,2
360745,1
360746,1
360747,2
360748,1
360749,1
360750,1
360751,2
360752,1
360753,1
360754,1
360755,1
360756,1
360757,1
360758,1
360759,1
360760,1
360761,2
360762,2
360763,2
360764,2
360765,3
360766,1
360767,2
360768,4
360769,2
360770,2
360771,1
360772,1
360773,2
360774,1
360775,1
360776,1
360777,1
360778,2
360779,2
360780,2
360781,2
360782,1
360783,3
360784,2
360785,1
360786,1
360787,1
360788,2
360789,2
360790,1
360791,1
360792,1
360793,1
360794,1
360795,1
360796,1
360797,1
360798,4
360799,2
360800,1
360801,2
360802,2
360803,1
360804,1
360805,1
360806,1
360807,2
360808,2
360810,1
360811,1
360812,2
360813,1
360814,1
360815,1
360816,3
360817,2
360818,2
360819,1
360820,3
360821,1
360822,7
360823,2
360824,1
360826,2
360827,1
360829,1
360830,1
360831,2
360832,1
360833,1
360834,2
360835,1
360836,1
360837,1
360838,1
360839,1
360840,1
360842,1
360843,1
360844,1
360845,1
360846,1
360847,1
360848,1
360851,2
360852,3
360853,1
360854,2
360855,1
360856,2
360857,2
360858,1
360859,1
360860,1
360861,2
360862,1
360864,3
360865,1
360866,2
360867,2
360868,2
360869,4
360870,2
360871,1
360872,1
360873,1
360874,2
360875,1
360876,2
360877,2
360878,1
360879,1
360880,1
360881,1
360882,1
360883,1
360884,2
360885,1
360886,2
360887,3
360888,2
360889,1
360890,2
360891,1
360892,1
360893,1
360894,2
360895,1
360896,1
360897,1
360898,1
360899,2
360900,1
360901,1
360902,1
360903,1
360905,1
360906,1
360907,2
360908,1
360909,1
360910,2
360911,2
360912,2
360913,2
360914,3
360915,2
360916,3
360917,6
360918,2
360919,2
360920,1
360921,2
360922,2
360923,1
360924,3
360925,2
360926,1
360927,1
360928,1
360929,1
360930,2
360931,1
360932,1
360933,2
360934,1
360935,1
360936,1
360937,1
360938,2
360939,1
360940,1
360941,1
360942,1
360943,1
360944,4
360945,1
360946,1
360947,1
360948,1
360949,1
360950,1
360951,1
360952,1
360953,1
360954,1
360955,2
360956,1
360957,3
360958,1
360959,1
360960,2
360961,1
360962,1
360963,1
360964,1
360965,1
360966,1
360967,4
360968,1
360969,1
360970,1
360971,1
360972,2
360973,2
360974,2
360975,3
360976,2
360977,2
360978,2
360979,2
360980,4
360981,2
360982,1
360983,1
360984,2
360985,1
360986,2
360987,2
360988,2
360989,2
360990,3
360991,2
360992,1
360993,1
360994,1
360995,1
360996,1
360997,2
360998,1
360999,2
361000,1
361001,1
361002,2
361003,1
361004,1
361005,3
361006,1
361007,1
361008,1
361009,3
361010,1
361011,2
361012,1
361013,1
361014,2
361015,3
361016,2
361017,2
361018,1
361019,2
361020,1
361022,2
361023,1
361024,2
361025,2
361026,1
361027,2
361028,1
361029,2
361030,1
361031,1
361032,1
361033,1
361034,1
361035,1
361036,1
361037,1
361038,2
361039,1
361040,2
361041,2
361043,1
361044,2
361045,1
361046,1
361047,1
361048,2
361049,2
361050,6
361051,1
361052,2
361053,2
361054,1
361055,1
361056,1
361057,1
361058,2
361059,3
361060,1
361061,1
361062,1
361063,1
361064,1
361065,1
370001,2
370002,2
370003,3
370004,2
370005,1
370006,2
370007,2
370008,1
370009,1
370010,2
370011,1
370012,2
370013,1
370014,1
370015,2
370016,1
370017,2
370018,1
370019,1
370020,1
370021,1
370022,3
370023,2
370024,2
370025,2
370026,2
370027,3
370028,2
370029,3
370030,2
370032,1
370033,1
370034,1
370035,1
370036,1
370037,2
370038,1
370039,1
370040,2
370041,1
370042,1
370043,1
370044,4
370045,2
370046,1
370047,2
370048,2
370049,1
370050,1
370051,2
370052,1
370053,1
370054,2
370055,2
370056,2
370057,1
370058,2
370059,1
370060,2
370061,2
370062,1
370063,2
370064,1
370065,2
370066,2
370067,1
370068,2
370069,2
370070,2
370071,2
370072,1
370073,4
370074,2
370075,1
370076,2
370077,1
370078,1
370079,1
370080,4
370081,3
370082,2
370083,1
370084,2
370086,1
370088,1
370089,1
370090,2
370091,1
370092,1
370093,1
370094,2
370095,2
370096,1
370097,1
370098,1
370099,1
370100,1
370101,2
370102,1
370103,2
370104,2
370105,2
370106,2
370107,1
370108,1
370109,2
370110,2
370111,1
370112,2
370113,2
370114,1
370115,1
370116,2
370117,2
370118,2
370119,2
370120,2
370121,2
370122,3
370123,2
370124,2
370125,1
370126,1
370127,1
370128,1
370129,1
370130,2
370131,1
370132,2
370133,2
370134,2
370135,3
370136,1
370137,1
370138,2
370139,1
370140,1
370141,2
370142,2
370143,1
370144,1
370145,2
370146,1
370147,1
370148,2
370149,1
370150,2
370151,1
370152,1
370153,2
370154,1
370155,2
370156,2
370157,3
370158,2
370159,2
370160,1
370161,1
370162,1
370163,1
370164,1
370165,2
370166,2
370167,1
370168,2
370169,1
370170,1
370171,2
370172,2
370173,1
370174,2
370175,2
370176,1
370177,3
370178,2
370179,2
370180,1
370181,2
370182,3
370183,1
370184,2
370185,1
370186,1
370187,3
370188,2
370189,1
370190,1
370191,2
370192,2
370193,1
370194,1
370195,2
370196,1
370198,5
370199,1
370200,1
370201,1
370202,1
370203,3
370204,2
370205,1
370206,2
370207,1
370209,2
370210,2
370211,1
370212,1
370213,1
370214,1
370215,2
370216,1
370217,3
370218,1
370219,1
370220,2
370221,2
370222,2
370223,2
370224,1
370225,1
370226,2
370227,1
370228,1
370229,1
370230,1
370231,1
370232,1
370233,1
370234,2
370235,2
370236,2
370237,2
370238,1
370239,2
370240,1
370241,2
370242,1
370243,2
370244,1
370245,2
370246,1
370247,2
370248,3
370249,2
370250,1
370251,1
370252,2
370253,2
370254,1
370255,1
370256,2
370257,1
370258,2
370259,2
370260,1
370261,1
370262,2
370263,2
370264,1
370265,1
370266,1
370267,2
370268,1
370269,1
370270,2
370271,2
370272,1
370273,1
370274,1
370275,1
370276,1
370277,1
370278,1
370279,2
370280,2
370281,2
370282,2
370283,3
370284,1
370285,2
370286,3
370287,2
370288,1
370289,2
370290,1
370291,1
370292,2
370293,2
370294,2
370295,1
370296,1
370297,1
370298,1
370299,2
370300,2
370301,1
370302,1
370303,1
370304,2
370305,1
370306,2
370307,2
370308,1
370309,4
370310,2
370311,1
370312,1
370313,2
370314,1
370315,1
370316,2
370317,1
370318,1
370319,2
370320,1
370321,1
370322,1
370323,3
370326,2
370327,2
370328,1
370329,1
370330,1
370331,2
370332,1
370333,1
370334,2
370335,1
370336,1
370337,2
370338,1
370339,1
370340,2
370341,1
370342,2
370343,1
370344,1
370345,2
370346,1
370347,2
370348,1
370349,2
370350,1
370351,1
370352,2
370353,2
370354,2
370355,1
370356,2
370357,2
370358,1
370359,2
370360,2
370361,1
370362,1
370363,1
370364,1
370365,3
370366,1
370367,1
370368,2
370369,1
370370,1
370371,2
370372,1
370373,1
370374,1
370375,1
370376,4
370377,1
370378,1
370379,1
370380,1
370381,1
370382,2
370383,2
370384,2
370385,2
370386,1
370387,1
370388,2
370389,1
370390,2
370391,1
370394,1
370395,2
370396,2
370397,2
370398,2
370399,2
370400,3
370401,2
370402,1
370403,1
370404,2
370405,1
370406,2
370407,1
370408,2
370409,1
370410,1
370411,1
370412,2
370413,1
370414,2
370415,2
370416,1
370417,1
370418,2
370419,1
370420,2
370421,1
370422,1
370423,1
370424,1
370425,1
370426,2
370427,1
370428,1
370429,1
370430,1
370431,2
370432,1
370433,2
370434,2
370435,2
370436,1
370437,2
370438,2
370439,3
370440,2
370441,2
370442,1
370443,1
370444,1
370445,2
370446,1
370447,1
370448,2
370449,2
370450,1
370451,1
370452,2
370453,2
370454,2
370455,1
370456,1
370457,2
370458,1
370460,2
370461,1
370462,1
370463,1
370464,1
370465,2
370466,1
370467,2
370468,1
370469,1
370470,2
370471,2
370472,2
370473,1
370474,1
370475,1
370476,1
370477,1
370478,2
370479,3
370480,2
370481,1
370482,2
370483,2
370484,1
370485,3
370486,2
370487,2
370488,1
370489,2
370490,1
370491,1
370492,1
370493,2
370494,2
370495,1
370496,1
370497,1
370498,1
370499,1
370500,2
370501,2
370502,2
370503,1
370504,1
370505,1
370506,1
370507,2
370508,1
370509,2
370510,1
370511,1
370512,2
370513,2
370514,1
370515,2
370516,2
370517,1
370518,2
370519,2
370520,1
370521,2
370522,2
370523,2
370524,1
370525,2
370526,2
370527,2
370528,1
370529,1
370530,1
370531,2
370532,2
370533,2
370534,2
370535,1
370536,1
370537,1
370538,2
370539,2
370540,2
370541,1
370542,2
370543,1
370544,1
370545,2
370546,2
370547,2
370548,2
370549,2
370550,2
370551,2
370552,1
370553,1
370554,1
370555,1
370557,1
370558,1
370559,2
370560,1
370561,1
370563,3
370564,1
370565,1
370566,2
370567,1
370568,2
370569,1
370570,1
370571,2
370572,3
370573,2
370574,1
370575,2
370576,2
370577,1
370578,1
370579,1
370580,1
370581,1
370582,1
370583,2
370584,2
370585,1
370586,1
370587,2
370588,1
370589,1
370590,2
370591,1
370592,2
370593,1
370594,2
370595,1
370596,1
370597,2
370599,2
370600,1
370601,1
370602,2
370603,1
370604,1
370605,1
370606,2
370607,2
370608,2
370609,2
370610,2
370611,2
370612,3
370613,1
370614,1
370615,2
370616,2
370617,1
370618,1
370619,1
370620,3
370621,1
370622,2
370623,2
370624,2
370625,2
370626,2
370627,1
370628,2
370629,2
370630,1
370631,1
370632,2
370633,1
370634,1
370635,2
370636,2
370637,1
370638,1
370639,1
370640,1
370641,1
370642,2
370643,1
370644,1
370645,2
370646,1
370647,2
370648,2
370649,2
370650,1
370651,1
370652,1
370653,1
370654,1
370655,1
370656,2
370657,2
370658,2
370659,1
370660,1
370661,1
370662,1
370663,1
370664,5
370665,2
370666,1
370667,1
370668,1
370669,1
370670,1
370671,2
370672,1
370673,2
370674,1
370675,2
370676,1
370677,1
370678,2
370679,1
370680,2
370681,2
370682,1
370683,1
370684,1
370685,1
370686,2
370687,1
370688,2
370689,2
370690,1
370691,1
370692,1
370693,2
370694,1
370695,1
370696,4
370697,1
370698,1
370699,1
370700,1
370701,1
370702,2
370703,1
370704,2
370705,1
370706,1
370707,1
370708,1
370709,1
370710,1
370711,1
370712,1
370713,2
370714,1
370715,1
370716,1
370717,1
370718,1
370719,1
370720,1
370721,2
370722,1
370723,3
370724,1
370725,6
370726,1
370727,2
370728,1
370729,2
370730,2
370731,2
370732,2
370733,1
370734,1
370735,2
370736,1
370737,1
370738,1
370739,1
370740,1
370741,1
370742,1
370743,3
370744,2
370745,1
370746,3
370747,2
370748,3
370749,1
370750,1
370751,2
370752,1
370753,1
370754,1
370755,1
370756,2
370757,2
370758,2
370759,1
370760,1
370761,2
370762,1
370763,2
370764,2
370765,1
370766,3
370767,1
370768,2
370769,1
370770,2
370771,1
370772,2
370773,1
370774,1
370775,2
370776,2
370777,2
370778,1
370779,1
370780,2
370781,1
370782,2
370785,3
370786,2
370787,1
370788,1
370789,2
370790,1
370791,1
370792,1
370793,2
370794,1
370795,2
370796,2
370797,2
370798,1
370799,2
370800,2
370801,1
370802,2
370803,3
370804,3
370805,2
370806,2
370807,2
370808,2
370810,1
370811,1
370812,2
370813,1
370815,1
370816,2
370817,1
370818,2
370819,2
370821,2
370823,2
370824,1
370825,2
370826,1
370827,2
370828,1
370829,2
370830,1
370831,1
370832,1
370833,3
370834,1
370835,2
370836,2
370837,1
370838,4
370839,2
370840,2
370841,1
370842,1
370844,1
370845,1
370846,1
370847,1
370848,1
370849,2
370850,2
370851,1
370852,2
370853,1
370854,2
370855,1
370856,1
370857,1
370858,2
370859,1
370860,2
370861,1
370862,1
370863,2
370864,3
370866,1
370867,1
370868,1
370869,2
370870,2
370871,1
370872,2
370873,1
370874,1
370875,2
370876,2
370877,2
370878,2
370879,1
370880,2
370881,1
370882,1
370883,1
370884,1
370885,2
370886,1
370887,1
370888,2
370889,2
370890,2
370891,1
370892,2
370893,1
370894,1
370895,1
370896,1
370897,1
370898,2
370899,1
370900,2
370901,2
370902,1
370903,2
370904,2
370905,1
370906,2
370907,2
370908,1
370909,1
370910,2
370911,1
370913,1
370914,1
370915,3
370916,1
370917,1
370918,2
370919,2
370920,2
370921,2
370922,1
370923,2
370924,1
370925,2
370926,2
370927,2
370928,1
370929,2
370930,1
370931,2
370932,3
370933,1
370934,2
370935,1
370936,1
370938,1
370939,3
370940,1
370941,3
370942,2
370943,2
370944,1
370945,1
370946,1
370947,1
370948,2
370949,1
370950,1
370951,1
370952,2
370953,1
370954,2
370955,1
370956,2
370957,1
370958,1
370959,2
370960,1
370961,1
370962,1
370963,2
370964,2
370965,1
370966,2
370967,1
370968,7
370969,2
370970,2
370971,2
370972,1
370973,2
370974,1
370975,2
370976,2
370977,2
370978,1
370979,1
370980,1
370981,1
370982,1
370983,2
370984,2
370985,1
370986,3
370987,2
370988,2
370989,1
370990,2
370991,2
370992,1
370993,1
370994,1
370996,1
370997,2
370998,2
370999,2
371000,2
371001,2
371002,2
371003,2
371004,1
371005,1
371006,2
371007,3
371008,2
371009,1
371010,3
371011,2
371012,2
371013,1
371014,2
371015,1
371016,2
371017,2
371018,2
371019,1
371020,1
371021,2
371022,2
371023,2
371024,1
371025,1
371026,1
371027,1
371028,2
371029,2
371030,2
371031,1
371032,4
371033,1
371034,2
371035,1
371036,2
371037,2
371038,1
371039,1
371040,1
371042,2
371043,1
371044,2
371045,1
371046,2
371047,1
371048,1
371049,1
371050,1
371051,2
371052,1
371053,2
371054,1
371055,3
371056,3
371057,3
371058,2
371059,2
371061,1
371062,2
371063,1
371064,1
371065,1
371066,1
371067,4
371068,1
371069,2
371070,2
371071,1
371072,1
371073,1
371074,2
371075,1
371076,1
371077,2
371078,1
371079,1
371080,1
371081,1
371082,2
371083,1
371084,1
371085,1
371086,1
371087,2
371088,2
371089,1
371090,1
371091,3
371092,2
371093,1
371094,2
371095,1
371096,3
371097,2
371098,2
371099,1
371100,1
371101,1
371102,1
371103,1
371104,1
371105,2
371106,1
371107,1
371108,1
371109,4
371110,2
371111,1
371112,1
371113,4
371114,2
371115,2
371116,1
371117,2
371118,2
371119,4
371120,1
371121,1
371122,1
371123,1
371124,1
371125,1
371126,1
371127,1
371128,1
371129,1
371130,1
371131,1
371132,2
371133,1
371135,3
371136,1
371137,2
371138,2
371139,1
371140,2
371141,2
371142,2
371143,1
371144,2
371145,2
371146,1
371147,1
371148,1
371149,2
371150,1
371151,1
371152,2
371153,1
371154,3
371155,1
371156,1
371157,2
371158,1
371159,1
371160,2
371161,1
371162,1
371163,3
371164,1
371165,2
371166,1
371167,1
371168,1
371169,1
371170,2
371171,1
371172,1
371173,1
371174,2
371175,2
371176,1
371177,2
371178,2
371179,1
371180,2
371181,2
371182,2
371183,1
371184,1
371185,2
371186,2
371187,2
371188,2
371189,1
371190,2
371191,1
371192,1
371193,1
371194,1
371195,2
371196,1
371197,1
371198,1
371199,1
371200,1
371201,2
371202,3
371203,3
371204,2
371205,2
371206,1
371207,1
371208,2
371209,3
371210,1
371211,2
371212,1
371213,2
371214,1
371215,1
371216,1
371217,1
371218,2
371219,1
371220,2
371221,2
371222,1
371223,1
371226,1
371227,1
371228,3
371229,2
371230,1
371231,1
371232,2
371233,3
371234,1
371235,1
371236,2
371238,2
371239,2
371240,1
371241,1
371242,2
371243,2
371244,1
371245,1
371246,1
371247,4
371249,1
371250,1
371251,2
371252,2
371253,2
371254,1
371255,2
371256,1
371257,3
371258,2
371259,2
371260,1
371261,1
371262,1
371263,1
371264,3
371265,1
371267,1
371268,1
371269,2
371270,1
371271,2
371272,1
371273,1
371274,1
371275,2
371276,1
371277,1
371278,1
371279,1
371280,1
371281,2
371282,3
371283,1
371284,2
371285,1
371286,2
371287,1
371288,1
371289,1
371290,2
371291,2
371292,2
371293,1
371294,1
371295,4
371296,2
371297,1
371298,2
371299,1
371300,1
371301,1
371302,1
371303,1
371304,1
371305,1
371306,2
371307,2
371308,1
371309,2
371310,2
371311,2
371312,1
371313,1
371314,1
371315,1
371316,1
371317,3
371318,1
371319,2
371320,1
371321,1
371322,1
371323,2
371324,1
371325,3
371326,2
371327,1
371328,1
371329,2
371330,2
371331,2
371332,1
371333,1
371334,1
371335,2
371336,1
371337,1
371338,1
371339,2
371340,2
371341,1
371342,1
371343,1
371344,1
371345,1
371346,2
371347,1
371348,1
371349,1
371350,2
371351,1
371352,1
371353,1
371355,3
371356,1
371357,1
371358,1
371359,1
371360,1
371361,2
371362,2
371363,2
371364,2
371365,1
371366,2
371367,2
371368,2
371369,1
371370,2
371372,1
371373,2
371374,2
371375,1
371376,1
371377,1
371378,2
371379,1
371380,2
371381,1
371382,3
371383,2
371384,1
371385,2
371386,2
371387,1
371388,1
371389,1
371390,3
371391,2
371392,1
371393,2
371394,1
371395,1
371396,2
371397,1
371398,1
371399,1
371400,1
371401,1
371402,2
371403,1
371404,1
371405,1
371406,1
371407,1
371408,2
371410,2
371411,2
371412,4
371413,1
371414,1
371415,2
371416,1
371417,1
371418,5
371419,1
371420,1
371421,1
371422,1
371423,2
371424,1
371425,4
371426,2
371427,2
371428,1
371429,2
371430,1
371431,2
371432,2
371433,1
371434,1
371435,1
371436,1
371437,1
371438,1
371439,1
371440,2
371441,2
371442,1
371443,1
371444,1
371445,1
371446,1
371447,1
371448,1
371449,1
371450,2
371451,2
371452,1
371453,1
371454,3
371455,1
371456,1
371457,1
371458,2
371459,3
371460,2
371461,1
371462,2
371463,2
371464,1
371465,5
371466,1
371467,2
371468,1
371469,1
371470,1
371471,1
371472,1
371473,1
371474,1
371475,2
371476,2
371477,2
371479,1
371480,1
371481,1
371482,2
371484,2
371486,2
371487,1
371488,2
371489,2
371490,1
371491,1
371492,1
371493,1
371494,1
371495,1
371496,1
371497,1
371498,1
371499,3
371500,1
371501,2
371502,1
371503,1
380001,1
380002,2
380003,2
380004,1
380005,2
380006,2
380007,2
380008,1
380009,1
380010,2
380011,4
380012,2
380013,2
380014,2
380015,1
380016,2
380017,3
380018,1
380019,1
380020,1
380021,1
380022,2
380023,2
380024,2
380025,2
380026,2
380027,1
380028,2
380029,2
380030,1
380031,2
380032,1
380033,2
380034,1
380035,2
380036,2
380037,2
380038,2
380039,1
380040,2
380041,1
380042,2
380043,1
380044,2
380045,1
380046,1
380047,1
380048,2
380049,1
380050,1
380051,1
380052,2
380053,1
380054,1
380055,1
380056,1
380057,2
380058,1
380059,2
380060,2
380061,1
380062,1
380063,1
380064,2
380065,2
380066,2
380067,1
380068,1
380069,1
380070,2
380071,1
380072,1
380073,1
380074,2
380075,1
380076,2
380077,2
380078,2
380079,1
380080,1
380081,1
380082,1
380083,2
380084,1
380085,2
380086,2
380087,1
380088,1
380089,2
380090,2
380091,1
380092,2
380093,2
380094,1
380095,1
380096,1
390001,3
390002,2
390003,1
390004,1
390006,2
390007,1
390008,2
390009,1
390010,2
390012,1
390013,2
390014,2
390015,2
390016,2
390017,1
390018,2
390019,1
390021,1
390022,1
390024,1
390025,2
390026,1
390027,1
390028,2
390029,2
390030,1
390031,2
390032,1
390033,1
390034,1
390035,1
390036,2
390037,1
390038,2
390039,1
390040,2
390041,1
390043,2
390044,2
390045,1
390046,1
390047,1
390048,1
390049,1
390050,2
390051,1
390052,2
390053,1
390054,2
390055,1
390056,2
390057,1
390058,1
390060,2
390061,4
390062,2
390063,2
390064,1
390067,2
390068,4
390069,2
390070,2
390071,1
390072,2
390073,2
390074,2
390075,2
390076,1
390078,1
390079,1
390080,1
390081,1
390082,1
390083,1
390084,2
390085,1
390086,1
390087,2
390088,2
390089,1
390090,2
390091,2
390092,2
390093,2
390094,2
390095,2
390096,3
390097,2
390098,3
390099,1
390100,1
390101,1
390102,1
390103,1
390104,2
390105,3
390106,3
390108,1
390109,2
390110,3
390111,1
390112,1
390113,2
390114,2
390115,2
390116,1
390117,1
390118,1
390119,1
390120,1
390121,2
390122,2
390123,2
390124,2
390125,2
390126,2
390127,1
390128,1
390130,2
390131,2
390132,1
390133,2
390134,1
390135,2
390136,1
390137,1
390138,2
390139,1
390140,2
390141,1
390142,1
390143,1
390144,1
390146,2
390147,1
390148,1
390149,1
390150,2
390151,1
390152,1
390153,2
390154,1
390155,1
390156,1
390157,2
390158,1
390159,1
390160,1
390161,1
390162,2
390163,2
390164,2
390165,2
390166,1
390167,2
390168,1
390169,2
390170,1
390171,1
390172,1
390173,1
390174,1
390175,2
390176,1
390177,1
390178,2
390179,3
390180,2
390181,2
390182,1
390183,1
390184,1
390185,3
390186,3
390187,3
390188,3
390189,2
390190,2
390191,2
390192,1
390193,1
390194,1
390195,2
390196,3
390197,2
390198,1
390199,1
390200,2
390201,1
390202,1
390203,2
390204,1
390205,3
390206,1
390207,2
390208,1
390209,1
390210,2
390211,2
390212,1
390213,1
390214,1
390215,2
390216,1
390218,2
390219,1
390220,1
390221,1
390222,1
390223,1
390224,2
390226,2
390227,1
390228,2
390229,2
390230,1
390231,1
390232,1
390233,2
390234,2
390235,1
390236,1
390237,2
390238,1
390239,2
390240,2
390241,2
390242,1
390244,3
390245,2
390246,2
390247,1
390248,2
390249,2
390250,1
390251,2
390252,2
390253,3
390254,1
390255,3
390256,1
390257,2
390258,2
390259,2
390260,1
390261,2
390262,1
390263,1
390264,2
390265,1
390266,2
390267,1
390268,1
390269,2
390270,3
390271,1
390272,1
390273,1
390274,2
390275,1
390276,1
390277,2
390278,2
390279,3
390280,2
390281,1
390282,1
390283,1
390284,2
390285,1
390286,1
390288,2
390289,1
390290,2
390291,1
390292,2
390293,2
390294,1
390295,2
390296,2
390297,2
390298,2
390299,1
390300,1
390301,2
390302,2
390303,3
390304,1
390305,2
390306,1
390307,2
390308,2
390309,1
390310,3
390311,1
390313,1
390314,2
390315,1
390316,2
390317,1
390318,2
390319,2
390320,1
390321,3
390322,1
390323,2
390324,1
390325,1
390326,1
390327,1
390328,4
390329,1
390330,2
390331,2
390332,1
390333,3
390334,1
390335,1
390336,2
390337,2
390338,1
390339,2
390340,2
390341,1
390342,1
390343,1
390344,2
390345,1
390346,1
390347,3
390348,2
390349,1
390350,2
390351,2
390352,1
390354,2
390355,1
390356,1
390357,1
390358,2
390359,1
390360,2
390361,2
390362,1
390363,2
390364,1
390365,2
390366,2
390367,2
390368,1
390369,1
390370,1
390371,1
390372,1
390373,1
390374,2
390375,1
390376,2
390377,1
390378,1
390379,2
390380,2
390381,2
390382,2
390383,3
390384,2
390385,2
390386,1
390387,1
390388,1
390389,1
390391,1
390392,1
390393,2
390394,2
390395,2
390396,1
390397,2
390398,2
390400,2
390401,2
390402,1
390403,1
390404,1
390405,2
390406,1
390407,1
390408,1
390409,1
390410,1
390411,1
390412,1
390413,1
390414,1
390415,1
390416,1
390418,1
390419,1
390420,2
390421,2
390422,1
390423,1
390424,1
390425,2
390426,2
390427,3
390429,1
390430,2
390431,1
390432,2
390433,1
390434,2
390435,2
390436,2
390438,1
390439,1
390440,1
390441,1
390442,3
390444,2
390445,1
390446,2
390447,1
390448,2
390449,1
390450,2
390451,1
390452,1
390453,2
390455,1
390456,1
390457,3
390458,2
390459,1
390460,1
390461,1
390462,2
390463,1
390464,1
390466,2
390467,1
390468,1
390469,1
390470,2
390471,2
390472,2
390473,2
390474,2
390475,3
390476,2
390477,1
390478,1
390479,1
390480,2
390481,1
390482,2
390483,2
390484,1
390486,2
390487,2
390488,1
390489,2
390490,3
390491,2
390492,1
390493,1
390494,1
390495,1
390496,1
390497,2
390498,1
390500,1
390501,1
390502,2
390503,1
390504,2
390505,2
390506,1
390507,1
390508,2
390509,1
390511,1
390512,3
390513,2
390515,2
390516,2
390517,1
390518,2
390519,1
390520,1
390521,4
390522,1
390523,1
390524,1
390525,1
390526,1
390527,2
390528,1
390529,2
390530,1
390531,2
390532,2
390533,1
390534,1
390535,1
390536,1
390537,1
390538,1
390539,1
390540,2
390541,2
390542,1
390543,1
390544,2
390545,3
390546,2
390547,1
390548,1
390549,2
390550,1
390551,1
390552,1
390553,1
390554,2
390555,2
390556,1
390557,1
390558,1
390559,1
390560,1
390561,2
390562,2
390563,1
390564,2
390565,1
390566,2
390567,1
390568,1
390569,2
390570,3
390571,2
390572,2
390573,1
390574,2
390575,1
390576,1
390577,1
390578,2
390579,3
390580,2
390581,2
390582,2
390583,2
390584,3
390585,3
390586,2
390588,2
390589,3
390590,2
390591,1
390592,1
390593,1
390594,3
390595,1
390596,2
390597,1
390598,1
390599,2
390600,2
390601,1
390602,2
390603,1
390604,2
390605,2
390606,3
390607,1
390608,4
390609,2
390610,2
390611,1
390612,2
390613,2
390614,2
390615,1
390616,1
390617,1
390618,1
390619,5
390621,2
390622,2
390623,2
390624,1
390625,1
390626,1
390627,1
390628,2
390629,1
390630,2
390631,1
390632,2
390633,1
390634,1
390635,3
390636,1
390637,1
390638,2
390639,3
390640,2
390641,1
390642,2
390643,1
390644,1
390645,1
390646,3
390647,2
390648,1
390649,1
390650,2
390651,2
390652,1
390653,2
390654,2
390655,1
390656,3
390657,2
390659,1
390660,1
390661,2
390662,1
390663,1
390664,3
390665,2
390666,3
390667,2
390668,2
390669,3
390670,2
390671,2
390672,2
390673,1
390674,1
390675,1
390676,2
390677,2
390678,2
390679,2
390680,1
390681,1
390682,1
390684,1
390685,1
390686,1
390687,4
390688,2
390689,2
390690,2
390691,4
390692,1
390693,2
390694,2
390695,1
390696,2
390697,2
390698,1
390699,2
390700,2
390701,1
390702,1
390703,1
390704,1
390705,2
390706,1
390707,1
390708,3
390709,2
390710,2
390711,1
390712,1
390713,2
390714,1
390715,1
390717,2
390719,2
390720,2
390721,1
390722,1
390723,2
390724,1
390725,1
390726,1
390727,2
390728,1
390729,1
390730,3
390731,2
390732,1
390733,1
390734,1
390735,1
390737,2
390738,1
390739,1
390740,1
390741,2
390742,1
390743,1
390744,1
390746,2
390747,1
390748,2
390749,1
390750,1
390751,3
390752,1
390753,2
390754,1
390755,2
390756,1
390757,1
390758,2
390759,2
390760,1
390761,2
390762,1
390763,2
390764,1
390765,2
390766,2
390767,1
390768,1
390769,2
390770,1
390771,2
390772,2
390773,1
390774,2
390775,3
390776,2
390777,2
390778,1
390779,2
390780,1
390781,1
390782,1
390783,2
390784,1
390785,1
390786,2
390787,1
390788,2
390789,1
390790,1
390791,1
390792,2
390793,1
390794,3
390795,2
390796,2
390797,1
390798,6
390799,2
390800,1
390801,1
390802,2
390803,2
390804,3
390805,3
390806,2
390807,2
390808,1
390809,1
390810,2
390811,2
390812,1
390813,1
390814,1
390815,1
390816,1
390818,1
390819,2
390820,2
390821,2
390822,2
390823,2
390824,2
390825,1
390826,2
390827,2
390828,2
390829,2
390830,2
390831,1
390832,2
390833,1
390834,1
390835,1
390836,3
390837,2
390838,2
390839,2
390840,1
390841,2
390842,1
390843,2
390844,2
390845,1
390846,2
390847,2
390848,1
390849,2
390850,1
390851,1
390852,1
390853,2
390854,1
390855,1
390856,2
390857,3
390858,4
390859,1
390860,2
390861,1
390862,1
390863,2
390864,2
390865,1
390866,2
390867,1
390868,1
390869,2
390870,1
390871,1
390872,2
390873,1
390874,1
390875,3
390876,1
390877,2
390878,3
390879,1
390880,2
390881,1
390882,1
390883,1
390884,2
390885,1
390886,1
390887,1
390888,2
390889,2
390890,2
390891,2
390892,2
390893,2
390894,1
390897,1
390899,2
390901,1
390902,3
390903,1
390904,1
390905,1
390906,2
390908,1
390909,1
390910,1
390911,1
390913,3
390914,1
390916,1
390917,1
390918,1
390919,2
390920,1
390921,3
390922,2
390923,2
390924,1
390925,2
390926,1
390927,4
390928,1
390930,1
390931,1
390933,2
390934,2
390935,3
390936,2
390937,1
390939,1
390940,2
390941,1
390942,2
390943,2
390944,1
390945,2
390946,2
390947,1
390948,1
390949,1
390950,1
390951,1
390952,2
390953,2
390954,2
390955,1
390956,2
390957,1
390958,1
390959,2
390960,1
390961,2
390962,2
390963,1
390964,1
390965,2
390966,1
390967,1
390968,2
390969,1
390970,1
390971,2
390972,1
390973,1
390974,2
390975,1
390976,2
390977,1
390978,1
390979,1
390980,1
390981,3
390982,1
390983,1
390984,2
390985,1
390986,1
390987,2
390988,1
390989,1
390990,2
390991,1
390992,2
390993,2
390994,1
390995,1
390996,2
390997,2
391001,1
391002,2
391003,3
391004,1
391005,2
391006,1
391007,1
391008,1
391009,3
391010,2
391011,1
391012,1
391013,2
391014,1
391015,1
391016,2
391017,1
391018,1
391019,2
391020,1
391021,2
391022,2
391023,2
391024,1
391025,1
391026,1
391028,1
391029,1
391030,1
391031,2
391032,1
391033,2
391034,3
391035,1
391036,1
391037,2
391038,1
391040,2
391041,1
391042,2
391043,1
391044,5
391045,1
391046,2
391047,1
391048,2
391049,2
391051,1
391052,1
391053,1
391054,1
391055,1
391056,1
391057,1
391059,1
391060,2
391062,2
391063,2
391064,1
391065,7
391066,2
391067,2
391068,1
391069,1
391070,1
391071,1
391072,3
391073,1
391074,1
391075,2
391076,2
391077,2
391078,1
391079,1
391080,2
391081,1
391082,3
391083,2
391084,2
391085,2
391086,2
391087,1
391088,2
391089,1
391091,5
391092,1
391093,1
391094,1
391095,3
391096,1
391097,1
391098,1
391099,1
391100,1
391101,1
391102,2
391103,2
391104,2
391105,2
391106,1
391107,1
391108,3
391109,2
391110,2
391111,1
391113,2
391114,2
391115,2
391116,3
391117,2
391118,1
391119,2
391120,1
391121,2
391122,1
391123,1
391124,2
391125,1
391126,1
391127,2
391128,2
391129,1
391130,3
391131,2
391132,2
391133,2
391134,3
391135,2
391136,2
391137,2
391138,1
391139,1
391140,1
391141,1
391142,1
391143,1
391144,2
391145,1
391146,1
391147,1
391148,2
391149,1
391150,1
391151,1
391152,2
391153,2
391154,2
391156,1
391157,1
391159,2
391160,2
391161,1
391162,1
391163,1
391164,1
391165,1
391166,2
391168,2
391169,2
391170,1
391171,1
391172,1
391173,2
391174,1
391175,1
391176,1
391177,2
391178,4
391179,1
391180,2
391181,1
391182,2
391183,1
391184,1
391185,2
391186,1
391187,1
391188,5
391189,2
391190,2
391191,1
391192,2
391193,2
391194,1
391195,1
391196,2
391197,2
391198,3
391199,2
391200,2
391201,2
391202,1
391203,2
391204,1
391205,1
391206,2
391207,1
391208,1
391209,1
391210,1
391211,1
391212,1
400001,1
400002,1
400003,1
400004,2
400005,1
400006,1
400007,2
400008,2
400009,2
400010,1
400011,1
400012,2
400013,1
400014,1
400015,2
400016,2
400017,1
400018,1
400019,1
400020,1
400021,1
400022,1
400023,1
400024,6
400026,1
400027,1
400028,1
400029,1
400030,2
400031,1
400032,1
400033,1
400034,2
400035,3
400036,2
400037,1
400038,2
400039,3
400040,2
400041,1
400042,2
400043,1
400045,1
400046,2
400047,3
400048,1
400049,2
400050,1
400051,2
400052,2
400053,2
400054,3
400055,2
400056,2
400058,1
400059,2
400060,2
400061,1
400062,4
400063,2
400064,2
400065,2
400066,1
400067,1
400068,1
400069,2
400070,2
400071,1
400072,1
400073,2
400074,2
400075,2
400076,1
400077,2
400078,1
400079,2
400080,1
400081,2
400082,2
400083,1
400084,2
400085,1
400086,1
400087,2
400088,2
400089,1
400090,2
400091,1
400092,2
400093,1
400094,1
400095,2
400096,1
400097,1
400098,2
400099,2
400100,1
400101,1
400102,2
400103,2
400104,2
400105,3
400106,2
400107,3
400108,1
400109,1
400110,2
400111,1
400112,1
400113,1
400114,1
400115,1
400116,2
400117,1
400118,1
400119,2
400120,1
400121,1
400122,2
400123,1
400124,1
400125,3
400126,1
400127,1
400128,1
400129,1
400130,1
400131,2
400132,1
400133,2
400135,1
400136,1
400137,2
400138,1
400139,1
400140,1
400141,1
400142,1
400143,1
400144,7
400145,3
400146,2
400147,1
400148,2
400149,2
400150,1
400151,2
400152,7
400153,3
400154,2
400155,2
400156,2
400157,2
400158,2
400159,1
400161,1
400162,1
400163,1
400164,1
400165,2
400166,2
400167,2
400168,4
400169,2
400170,2
400171,2
400172,3
400173,2
400174,2
400175,2
400176,1
400177,2
400178,2
400179,1
400180,1
400181,2
400182,1
400183,2
400184,1
400185,2
400186,2
400187,2
400188,1
400189,1
400190,1
400191,5
400192,3
400193,2
400194,2
400195,1
400196,1
400198,1
400199,3
400200,1
400201,1
400202,1
400203,1
400204,2
400205,2
400206,2
400207,1
400208,2
400209,2
400210,1
400211,2
400212,1
400213,1
400214,1
400215,1
400216,2
400217,3
400218,1
400219,1
400220,2
400221,2
400222,1
400223,1
400224,3
400225,2
400226,1
400227,1
400228,1
400229,3
400230,1
400231,2
400232,2
400233,1
400234,1
400235,1
400236,2
400237,2
400238,1
400239,1
400240,4
400241,2
400242,1
400243,2
400244,2
400245,1
400246,1
400247,1
400248,1
400249,2
400250,1
400251,1
400252,1
400253,1
400255,1
400256,1
400257,2
400258,1
400259,1
400260,2
400261,1
400262,1
400263,2
400264,1
400265,1
400266,1
400267,2
400268,2
400269,1
400270,2
400271,1
400272,3
400273,1
400274,2
400275,1
400276,1
400277,1
400278,1
400279,1
400280,1
400281,1
400282,2
400283,2
400284,3
400285,1
400286,2
400287,3
400288,2
400289,2
400290,2
400291,2
400292,2
400293,2
400294,2
400295,1
400296,1
400297,2
400298,2
400299,1
400300,2
400302,2
400303,1
400304,2
400305,1
400306,1
400307,2
400308,1
400309,4
400310,1
400311,1
400312,1
400313,1
400314,1
400315,1
400316,1
400317,1
400318,2
400319,2
400320,1
400322,1
400323,1
400324,1
400325,1
400326,3
400327,1
400328,1
400329,1
400330,6
400331,1
400332,2
400333,1
400334,2
400335,7
400336,5
400337,2
400338,2
400339,1
400340,1
400341,2
400342,2
400343,1
400344,1
400345,2
400346,2
400347,1
400348,1
400349,2
400350,1
400351,1
400352,5
400353,1
400354,2
400355,2
400356,1
400357,4
400359,2
400360,2
400361,1
400362,1
400363,2
400364,1
400365,3
400366,1
400367,1
400368,1
400369,1
400370,1
400371,1
400372,1
400373,2
400374,1
400375,1
400376,1
400377,2
400378,3
400379,1
400380,1
400381,3
400382,2
400383,2
400384,1
400385,1
400386,2
400387,1
400388,3
400389,2
400390,2
400391,2
400392,1
400393,1
400394,1
400395,1
400396,1
400397,3
400398,3
400399,3
400400,1
400401,2
400402,1
400403,1
400404,1
400405,2
400406,1
400407,3
400408,1
400409,1
400410,2
400411,1
400412,1
400413,1
400414,2
400415,2
400416,1
400417,2
400418,3
400420,2
400421,2
400422,2
400423,2
400424,2
400425,2
400426,1
400427,1
400428,1
400429,2
400430,3
400431,1
400432,2
400433,2
400434,2
400435,2
400436,2
400437,1
400438,2
400439,1
400440,2
400441,2
400442,1
400443,2
400444,1
400445,3
400446,1
400447,1
400448,2
400449,1
400450,1
400451,1
400452,2
400453,2
400454,3
400455,1
400456,1
400457,1
400458,2
400459,1
400460,1
400461,1
400462,1
400463,3
400464,2
400465,3
400466,2
400467,1
400468,2
400469,2
400470,2
400472,1
400473,2
400474,3
400475,2
400476,1
400477,2
400478,2
400479,2
400480,1
400481,3
400482,1
400483,1
400484,1
400485,1
400486,1
400487,2
400488,2
400489,1
400490,2
400491,1
400492,1
400493,1
400494,1
400495,1
400496,2
400497,1
400499,2
400500,2
400501,2
400502,2
400503,2
400504,2
400505,2
400506,2
400507,3
400508,2
400509,1
400510,1
400511,2
400512,1
400513,1
400514,1
400515,1
400516,1
400517,1
400518,1
400519,2
400520,2
400521,2
400522,1
400523,1
400524,2
400525,2
400526,10
400527,1
400528,2
400529,1
400530,1
400531,1
400532,1
400533,1
400534,1
400535,1
400536,1
400537,2
400538,1
400539,2
400540,1
400541,1
400542,2
400543,2
400544,2
400545,1
400546,2
400547,1
400548,1
400549,1
400550,1
400551,2
400552,1
400553,3
400554,2
400556,2
400557,2
400558,2
400559,1
400560,2
400561,1
400562,2
400564,3
400565,1
400566,2
400567,2
400568,2
400569,1
400570,1
400571,2
400572,3
400573,1
400574,1
400575,1
400576,2
400577,2
400578,2
400579,1
400580,1
400581,1
400582,2
400583,1
400584,2
400585,3
400586,2
400587,2
400588,1
400589,1
400590,1
400591,2
400592,1
400593,2
400595,2
400596,2
400597,1
400598,2
400599,2
400600,1
400601,1
400602,1
400603,1
400604,1
400605,2
400606,3
400607,3
400608,1
400609,1
400610,1
400611,2
400612,1
400613,2
400614,1
400615,1
400616,1
400617,1
400618,2
400619,1
400620,5
400621,3
400622,1
400623,2
400624,4
400625,1
400626,1
400627,1
400628,2
400629,1
400630,2
400631,2
400632,2
400633,1
400634,1
400635,1
400636,2
400637,1
400638,1
400639,1
400640,2
400641,3
400642,1
400643,2
400645,1
400646,1
400647,1
400648,2
400649,2
400650,2
400651,1
400652,1
400653,1
410001,1
410002,2
410003,3
410004,1
410005,1
410006,2
410007,1
410008,2
410009,1
410010,1
410011,1
410012,2
410013,1
410014,3
410015,3
410016,2
410018,2
410019,2
410020,1
410021,2
410022,1
410023,2
410024,1
410025,1
410026,4
410028,1
410029,1
410030,1
410031,2
410032,2
410033,2
410035,2
410036,2
410038,1
410039,1
410040,2
410041,1
410042,1
410043,1
410044,1
410045,1
410046,1
410047,1
410048,2
410049,2
410050,2
410051,2
410052,1
410053,1
410054,2
410055,1
410056,1
410057,1
410058,2
410059,2
410060,2
410061,1
410062,1
410063,1
410064,2
410065,1
410066,1
410067,1
410068,1
410069,1
410071,2
410072,2
410075,1
410076,3
410077,1
410078,1
410079,1
410080,1
410081,2
410082,2
410084,1
410085,1
410086,2
410087,1
410090,3
410091,2
410092,1
410095,1
410097,2
410098,1
410099,2
410100,1
410101,1
410102,1
410103,1
410104,1
410105,1
410106,2
410108,1
410109,1
410110,2
410111,1
410112,1
410113,2
410114,4
410115,1
410116,1
410117,1
410118,1
410119,2
410120,1
410121,1
410123,2
410124,1
410126,2
410127,2
410128,2
410129,1
410131,2
410132,1
410133,2
410134,3
410135,1
410136,4
410137,1
410138,1
410139,1
410142,1
410143,1
410144,1
410145,1
410146,2
410147,1
410148,1
410149,1
410150,2
410151,2
410152,1
410153,1
410154,1
410155,1
410156,2
410157,3
410158,1
410159,1
410160,5
410162,2
410164,1
410165,2
410166,1
410167,1
410168,1
410169,1
410170,3
410171,2
410172,1
410174,3
410176,1
410177,1
410179,2
410180,2
410181,1
410182,1
410183,1
410184,1
410185,1
410186,3
410187,2
410188,1
410189,1
410190,1
410191,1
410192,1
410193,2
410194,2
410195,2
410196,1
410197,1
410198,1
410200,1
410201,2
410202,2
410203,1
410204,1
410205,1
410206,2
410207,2
410208,2
410209,1
410210,1
410211,3
410212,3
410214,2
410215,2
410216,2
410217,1
410218,2
410219,2
410220,1
410221,1
410222,2
410223,2
410224,1
410226,2
410227,1
410228,2
410229,1
410230,1
410231,1
410232,4
410233,2
410234,2
410235,2
410236,1
410237,2
410238,1
410239,2
410240,1
410241,1
410242,1
410243,2
410244,2
410245,1
410246,2
410247,3
410248,2
410249,1
410250,2
410251,2
410252,1
410253,3
410254,1
410255,1
410256,2
410257,2
410258,1
410259,2
410260,2
410261,2
410262,1
410263,2
410264,1
410265,1
410267,2
410268,2
410269,1
410270,2
410271,2
410272,1
410273,1
410274,2
410275,1
410276,1
410277,2
410278,2
410279,1
410281,1
410282,2
410283,2
410284,1
410286,2
410287,3
410288,1
410289,2
410290,2
410291,1
410292,2
410293,2
410294,1
410295,1
410296,1
410297,1
410298,1
410299,1
410301,1
410302,3
410303,1
410304,2
410305,2
410306,2
410307,1
410308,1
410309,1
410310,3
410311,1
410312,1
410313,2
410314,1
410315,1
410316,1
410317,1
410318,1
410319,1
410320,2
410321,1
410322,1
410323,1
410324,2
410325,1
410326,1
410327,2
410329,1
410330,1
410331,1
410332,1
410333,2
410334,1
410335,1
410336,1
410337,2
410338,2
410339,1
410340,1
410341,3
410342,1
410343,4
410344,2
410346,1
410347,1
410348,1
410349,1
410350,1
410351,2
410352,2
410353,1
410354,1
410355,2
410356,2
410357,2
410358,1
410359,1
410360,1
410361,3
410362,1
410363,2
410364,1
410365,1
410366,1
410367,1
410368,2
410369,2
410370,2
410371,2
410372,1
410373,2
410374,2
410375,2
410376,1
410377,3
410378,2
410379,1
410381,2
410382,2
410383,1
410384,1
410385,1
410386,1
410387,3
410388,1
410389,1
410390,2
410391,1
410392,2
410393,1
410394,1
410395,1
410396,2
410397,3
410398,1
410400,1
410401,1
410402,1
410403,1
410404,2
410405,1
410406,1
410407,2
410409,1
410410,2
410411,1
410412,1
410413,1
410414,1
410415,1
410416,2
410417,2
410418,2
410419,1
410420,2
410421,1
410422,1
410423,1
410424,2
410425,2
410426,2
410427,3
410428,1
410429,1
410431,1
410432,1
410433,1
410434,2
410435,2
410436,2
410437,2
410438,1
410439,2
410440,2
410441,1
410442,1
410443,1
410444,1
410445,2
410447,1
410448,1
410449,1
410450,5
410451,2
410452,2
410453,2
410454,2
410455,1
410456,2
410457,2
410458,2
410459,1
410460,2
410461,1
410462,2
410463,1
410464,1
410465,2
410466,1
410467,2
410468,1
410469,1
410470,1
410471,2
410472,1
410473,1
410474,1
410475,1
410476,1
410477,1
410478,1
410479,1
410480,1
410481,1
410482,1
410483,2
410484,2
410485,1
410486,2
410488,1
410489,2
410490,1
410491,2
410492,1
410493,2
410494,2
410496,1
410497,2
410498,3
410499,1
410500,2
410501,1
410502,1
410503,1
410504,1
410505,1
410506,2
410507,1
410508,1
410509,1
410511,1
410513,1
410515,1
410516,2
410517,1
410518,1
410519,1
410520,1
410521,1
410522,2
410523,1
410524,1
410525,1
410526,1
410527,2
410528,1
410529,2
410530,1
410531,2
410532,1
410533,1
410534,1
410535,1
410536,1
410537,1
410538,1
410539,2
410540,1
410541,1
410542,1
410543,1
410544,1
410545,2
410546,2
410547,1
410548,1
410549,3
410550,2
410551,1
410552,1
410553,2
410554,1
410555,1
410556,1
410557,1
410558,2
410559,3
410560,2
410561,2
410562,2
410564,1
410565,1
410566,1
410568,1
410569,1
410570,1
410571,1
410572,1
410573,2
410575,2
410576,1
410578,1
410580,1
410581,1
410582,1
420001,3
420002,1
420003,3
420004,1
420005,2
420006,1
420007,1
420008,1
420009,1
420010,1
420011,1
420012,1
420013,2
420014,2
420015,2
420016,1
420017,2
420018,1
420019,1
420020,3
420021,3
420022,1
420023,1
420024,2
420025,1
420026,2
420027,2
420028,1
420029,2
420030,2
420031,1
420032,1
420033,1
420034,1
420035,1
420036,1
420037,2
420038,1
420039,3
420040,1
420041,2
420042,1
420043,1
420044,2
420045,1
420046,1
420047,4
420048,3
420049,3
420050,2
420051,1
420052,2
420053,1
420054,1
420055,1
420056,1
420057,2
420058,2
420059,1
420060,1
420061,2
420062,1
420063,1
420064,1
420065,1
420066,1
420067,1
420068,3
420069,1
420070,1
420071,2
420072,2
420073,2
420074,2
420075,1
420076,1
420077,3
420078,2
420079,2
420080,1
420081,2
420082,1
420083,1
420084,1
420085,2
420086,2
420087,1
420088,1
420089,3
420090,1
420091,2
420092,1
420093,1
420094,1
420095,2
420096,1
420097,1
420098,1
420099,1
420100,2
420101,2
420102,1
420103,1
420104,1
420105,1
420106,1
420107,1
420108,2
420109,2
420110,3
420111,3
420112,2
420113,1
420114,1
420115,1
420116,2
420117,2
420118,1
420119,1
420120,2
420121,1
420122,2
420123,2
420124,2
420125,1
420126,1
420127,1
420128,1
420129,1
420130,1
420131,1
420132,1
420133,1
420134,1
420135,2
420136,1
420137,1
420138,1
420139,2
420140,2
420141,2
420142,2
420143,1
420144,2
420145,1
420146,2
420147,1
420148,2
420149,2
420150,1
420151,2
420152,1
420153,1
420154,1
420155,2
420156,2
420157,2
420158,2
420159,1
420160,2
420161,2
420162,2
420163,2
420164,2
420165,1
420166,1
420167,2
420168,2
420169,1
420170,1
420171,1
420172,1
420173,2
420174,2
420175,1
420176,1
420177,1
420178,1
420179,1
420180,1
420181,2
420182,1
420183,1
420184,1
420185,1
420186,2
420187,1
420188,1
420189,1
420190,1
420191,1
420192,1
420193,1
420194,1
420195,2
420196,2
420197,2
420198,1
420199,2
420200,2
420201,1
420202,2
420203,1
420204,2
420205,1
420206,2
420207,2
420208,1
420209,2
420210,2
420211,2
420212,1
420213,1
420214,1
420215,2
420216,2
420217,2
420218,1
420219,1
420220,1
420221,1
420222,1
420223,2
420224,1
420225,2
420226,1
420227,1
420228,1
420229,3
420230,1
420231,1
420232,2
420233,1
420234,2
420235,1
420236,1
420237,1
420238,1
420239,1
420240,2
420241,1
420242,2
420243,2
420244,1
420245,2
420246,1
420247,1
420248,1
420249,2
420250,2
420251,1
420252,1
420253,1
420254,1
420255,1
420256,1
420257,1
420258,2
420259,1
420260,1
420261,1
420262,1
420263,2
420264,6
420265,1
420266,2
420267,1
420268,2
420269,1
420270,1
420271,1
420272,2
420273,1
420274,1
420275,1
420276,2
420277,1
420278,1
420279,1
420280,1
420281,1
420282,2
420283,3
420284,1
420285,1
420286,1
420287,1
420288,2
420289,2
420290,2
420291,2
420292,2
420293,2
420294,1
420295,1
420296,1
420297,5
420298,4
420299,1
420300,2
420301,2
420302,2
420303,1
420304,2
420305,1
420306,2
420307,1
420308,1
420309,2
420310,2
420311,2
420312,1
420313,1
420314,2
420315,1
420316,3
420317,1
420318,3
420319,2
420320,1
420321,1
420322,2
420323,1
420324,2
420325,1
420326,2
420327,2
420328,2
420329,2
420330,1
420331,2
420332,2
420333,1
420334,1
420335,3
420336,1
420337,3
420338,1
420339,2
420340,2
420341,1
420342,1
420343,1
420344,1
420345,1
420346,2
420347,2
420348,2
420349,1
420350,1
420351,1
420352,1
420353,1
420354,1
420355,2
420356,3
420357,4
420358,4
420359,2
420360,1
420361,2
420362,2
420363,2
420364,1
420365,2
420366,1
420367,2
420368,2
420369,2
420370,2
420371,1
420372,1
420373,1
420374,1
420375,2
420376,1
420377,2
420378,1
420379,1
420380,2
420381,2
420382,1
420383,1
420384,2
420385,2
420386,3
420387,2
420388,2
420389,1
420390,1
420391,1
420392,2
420393,1
420394,1
420395,1
420396,1
420397,2
420398,2
420399,2
420400,1
420401,2
420402,2
420403,2
420404,2
420405,1
420406,4
420407,2
420408,1
420409,1
420410,2
420411,2
420412,2
420413,2
420414,1
420415,2
420416,2
420417,2
420418,2
420419,3
420420,1
420421,2
420422,2
420423,2
420424,2
420425,2
420426,2
420427,2
420428,1
420429,2
420430,4
420431,2
420432,2
420433,2
420434,2
420435,2
420436,2
420437,1
420438,2
420439,2
420440,2
420441,2
420442,2
420443,2
420444,2
420445,1
420446,2
420447,1
420448,1
420449,2
420450,2
420451,2
420452,2
420453,1
420454,2
420455,1
420456,2
420457,1
420458,1
420459,2
420460,2
420461,1
420462,1
420463,1
420464,1
420465,1
420466,1
420467,1
420468,1
420469,2
420470,2
420471,2
420472,1
420473,1
420474,1
420475,1
420476,3
420477,3
420478,2
420479,2
420480,2
420481,2
420482,2
420483,2
420484,2
420485,2
420486,2
420487,2
420488,1
420489,1
420490,2
420491,2
420492,2
420493,2
420494,2
420495,1
420496,2
420497,1
420498,1
420499,2
420500,2
420501,1
420502,1
420503,2
420504,2
420505,2
420506,2
420507,2
420508,2
420509,1
420510,2
420511,2
420512,2
420513,1
420514,1
420515,2
420516,2
420517,2
420518,2
420519,1
420520,2
420521,2
420522,4
420523,3
420524,3
420525,3
420526,3
420527,3
420528,3
420529,1
420530,3
420531,3
420532,1
420533,1
420534,3
420535,1
420536,3
420537,1
420538,1
420539,1
420540,1
420541,1
420542,3
420543,1
420544,3
420545,1
420546,1
420547,1
420548,1
420549,1
420550,1
420551,1
420552,1
420553,1
420554,1
420555,1
420556,1
420557,1
420558,3
420559,1
420560,1
420561,1
420562,1
420563,1
420564,1
420565,1
420566,2
420567,3
420568,2
420569,1
420570,1
420571,1
420572,1
420573,1
420574,3
420575,1
420576,2
420577,1
420578,3
420579,1
420580,1
420581,1
420582,1
420583,1
420584,1
420585,1
420586,3
420587,1
420588,3
420589,3
420590,1
420591,1
420592,4
420593,1
420594,1
420595,1
420596,1
420597,1
420598,1
420599,3
420600,2
420601,1
420602,1
420603,1
420604,1
420605,2
420606,2
420607,2
420608,2
420609,1
420610,2
420611,1
420612,1
420613,1
420614,2
420615,1
420616,2
420617,1
420618,2
420619,1
420620,1
420621,1
420622,2
420623,2
420624,2
420625,2
420626,1
420627,1
420628,1
420629,1
420630,2
420631,3
420632,1
420633,1
420634,1
420635,1
420636,1
420637,1
420638,1
420639,1
420640,1
420641,1
420642,1
420643,1
420644,1
420645,2
420646,1
420647,2
420648,1
420649,1
420650,1
420651,1
420652,1
420653,2
420654,1
420655,1
420656,1
420657,1
420658,3
420659,2
420660,1
420661,2
420662,2
420663,1
420664,1
420665,1
420666,1
420667,2
420668,2
420669,2
420670,2
420671,1
420672,2
420673,1
420674,1
420675,1
420676,1
420677,1
420678,1
420679,2
420680,1
420681,2
420682,1
420683,1
420684,1
420685,2
420686,2
420687,2
420688,1
420689,2
420690,2
420691,1
420692,2
420693,1
420694,2
420695,1
420696,1
420697,1
420698,1
420699,1
420700,1
420701,1
420702,1
420703,1
420704,2
420705,1
420706,1
420707,1
420708,1
420710,1
420711,2
420712,2
420713,3
420714,2
420715,1
420716,1
420717,1
420718,1
420719,1
420720,2
420721,2
420722,2
420723,1
420724,1
420725,1
420726,1
420727,2
420728,2
420729,1
420730,1
420731,2
420732,1
420733,1
420734,1
420735,1
420736,2
420737,2
420738,1
420739,1
420740,1
420741,2
420742,2
420743,1
420744,1
420745,1
420746,1
420747,1
420748,5
420749,3
420750,1
420751,1
420752,1
420753,1
420754,1
420755,1
420756,1
420757,2
420758,2
420759,1
420760,1
420761,1
420762,1
420763,1
420764,1
420765,1
420766,1
420767,2
420768,1
420769,1
420770,5
420771,2
420772,1
420773,1
420774,1
420775,2
420776,1
420777,1
420778,2
420779,1
420780,2
420781,1
420782,1
420783,1
420784,2
420785,1
420786,1
420787,1
420788,1
420789,1
420790,2
420791,1
420792,2
420793,2
420794,2
420795,1
420796,1
420797,1
420798,1
420799,2
420800,1
420801,1
420802,2
420803,1
420804,1
420805,2
420806,1
420807,1
420808,1
420809,1
420810,2
420811,2
420812,2
420813,1
420814,1
420815,2
420816,2
420817,1
420818,1
420819,2
420820,2
420821,1
420822,2
420823,2
420824,1
420825,2
420826,1
420827,1
420828,1
420829,1
420830,1
420831,1
420832,2
420833,2
420834,2
420835,1
420836,1
420837,1
420838,1
420839,1
420840,3
420841,3
420842,1
420843,1
420844,1
420845,1
420846,1
420847,2
420848,4
420849,1
420850,2
420851,3
420852,2
420853,3
420854,2
420855,1
420856,1
420857,1
420858,2
420859,2
420860,1
420861,2
420862,2
420863,3
420864,2
420865,2
420866,2
420867,1
420868,2
420869,2
420870,1
420871,1
420872,2
420873,2
420874,1
420875,2
420876,2
420877,2
420878,2
420879,1
420880,1
420881,3
420882,1
420883,2
420884,2
420885,1
420886,1
420887,2
420888,2
420889,1
420890,2
420891,1
420892,1
420893,3
420894,1
420895,4
420896,1
420897,1
420898,3
420899,1
420900,1
420901,3
420902,1
420903,1
420904,1
420905,1
420906,3
420907,3
420908,2
420909,1
420910,1
420911,1
420912,1
420913,3
420914,1
420915,1
420916,3
420917,1
420918,1
420919,1
420920,1
420921,2
420922,1
420923,1
420924,1
420925,2
420926,1
420927,1
420928,1
420929,2
420930,2
420931,1
420932,1
420933,1
420934,1
420935,1
420936,2
420937,2
420938,2
420939,1
420940,1
420941,1
420942,1
420943,1
420944,2
420945,1
420946,2
420947,2
420948,1
420949,2
420950,2
420951,1
420952,1
420954,1
420955,2
420956,1
420957,2
420958,1
420959,1
420960,1
420961,1
420962,1
420963,1
420964,2
420965,2
420966,1
420967,1
420968,2
420969,2
420970,3
420971,2
420972,2
420973,2
420974,2
420975,2
420976,2
420977,2
420978,1
420979,1
420980,2
420981,1
420982,2
420983,1
420984,1
420985,2
420986,1
420987,1
420988,1
420989,2
420990,2
420991,1
420992,1
420993,1
420994,1
420995,1
420996,2
420997,1
420998,8
420999,1
421000,1
421001,1
421002,2
421003,2
421004,1
421005,1
421007,1
421008,2
421009,2
421010,1
421011,1
421012,2
421013,1
421014,2
421015,2
421016,1
421017,1
421018,2
421019,1
421020,1
421021,2
421022,2
421023,1
421024,1
421025,1
421026,1
421027,1
421028,1
421029,2
421030,1
421031,1
421032,2
421033,2
421034,2
421035,2
421036,1
421037,1
421038,1
421039,1
421040,2
421041,2
421042,1
421043,1
421044,2
421045,1
421046,2
421047,1
421048,1
421049,1
421050,2
421051,1
421052,2
421053,2
421054,1
421055,2
421056,1
421057,1
421058,1
421059,1
421060,2
421061,2
421062,1
421063,2
421064,2
421065,1
421066,2
421067,1
421068,1
421069,2
421070,2
421071,2
421072,2
421073,1
421074,1
421075,1
421076,1
421077,1
421078,2
421079,1
421080,1
421081,2
421082,1
421083,2
421084,1
421085,2
421086,2
421087,2
421088,1
421089,1
421090,2
421091,1
421092,1
421093,2
421094,1
421095,1
421096,1
421097,2
421098,1
421099,1
421100,1
421101,2
421102,2
421103,2
421104,2
421105,2
421106,2
421107,1
421108,1
421109,1
421110,1
421111,2
421112,1
421113,1
421114,1
421115,1
421116,1
421117,2
421118,2
421119,2
421120,1
421121,1
421122,1
421123,1
421124,1
421125,1
421126,2
421127,1
421128,2
421129,1
421130,2
421131,2
421132,2
421133,2
421134,1
421135,2
421136,2
440001,2
440002,2
440003,1
440004,1
440005,2
440006,1
440007,1
440008,2
440009,1
440010,1
440011,1
440012,2
440013,1
440014,1
440015,1
440016,2
440017,2
440018,1
440019,2
440020,2
440021,1
440022,1
440023,1
440024,2
440025,2
440026,1
440027,1
440029,1
440030,2
440031,1
440032,1
440033,2
440034,2
440035,1
440036,1
440037,2
440038,1
440039,1
440040,1
440041,2
440042,2
440043,1
440044,1
440045,2
440046,2
440048,1
440049,1
440050,1
440051,1
440052,1
440053,1
440054,1
440055,3
440056,1
440058,1
440059,1
440060,1
440061,1
440062,1
440063,1
440064,1
440065,1
440066,2
440067,1
440068,1
440069,1
440070,1
450001,1
450002,1
450003,1
450004,2
450005,2
450006,1
450007,1
450008,2
450009,2
450010,1
450011,1
450012,1
450013,2
450014,1
450015,1
450016,2
450017,2
450018,1
450019,2
450020,1
450021,1
450022,2
450023,1
450024,2
450025,1
450026,1
450027,1
450028,2
450029,2
450030,1
450031,1
450032,1
450033,1
450034,1
450035,1
450036,1
450037,2
450038,1
450039,2
450040,2
450041,1
450042,1
450043,1
450044,1
450045,2
450046,1
450047,1
450048,2
450049,1
450050,1
450051,1
450052,2
450053,1
450054,2
450055,2
450057,1
450058,2
450059,2
450060,2
450061,2
450062,2
450063,1
450064,1
450065,1
450066,2
450067,1
450068,1
450069,1
450070,1
450071,1
450072,1
450073,1
450074,1
450075,1
450076,2
450077,1
450078,2
450079,2
450080,1
450081,1
450082,1
450083,1
450084,1
450085,2
450086,2
450087,2
450088,1
450089,2
450090,1
450091,1
450092,1
450093,2
450094,1
450095,1
450096,1
450097,1
450098,1
450099,2
450100,2
450101,1
450102,1
450103,2
450104,1
450105,3
450106,2
450107,4
450108,1
450109,1
450110,2
450111,3
450112,2
450113,1
450114,1
450115,1
450116,2
450117,1
450118,2
450119,1
450120,1
450121,1
450122,1
450123,2
450124,2
450125,2
450126,1
450127,1
450128,1
450129,1
450130,2
450131,1
450132,2
450133,2
450134,1
450135,1
450136,1
450137,1
450138,3
450139,1
450140,1
450141,3
450142,2
450143,1
450144,1
450145,1
450146,2
450147,2
450148,2
450149,1
450150,4
450151,1
450152,1
450153,1
450154,1
450155,1
450156,1
450157,2
450158,2
450159,1
450160,1
450161,1
450162,2
450163,2
450164,2
450165,2
450166,1
450167,2
450168,1
450169,2
450170,2
450171,2
450172,2
450173,1
450174,1
450175,2
450176,2
450177,5
450178,2
450179,1
450180,2
450181,5
450182,2
450183,1
450184,2
450185,1
450186,1
450188,2
450189,1
450190,2
450191,2
450192,1
450193,2
450194,1
450195,2
450197,4
450198,2
450199,2
450200,1
450201,2
450202,1
450203,2
450204,1
450205,2
450206,1
450207,1
450208,1
450209,1
450210,2
450211,2
450212,3
450213,1
450214,1
450215,1
450216,1
450217,1
450218,1
450219,3
450220,1
450221,1
450222,2
450223,2
450224,2
450225,1
450226,1
450227,2
450228,2
450229,1
450230,2
450231,2
450232,1
450233,2
450234,1
450235,2
450236,2
450237,1
450238,2
450239,1
450240,2
450241,1
450242,3
450243,2
450244,1
450245,2
450246,1
450247,1
450248,1
450249,1
450250,2
450251,1
450252,1
450253,2
450254,2
450255,1
450256,2
450257,1
450258,1
450259,1
450260,2
450261,1
450262,2
450263,1
450264,2
450265,2
450266,1
450267,1
450268,2
450269,1
450270,2
450271,2
450272,1
450273,1
450274,2
450275,2
450276,1
450277,1
450278,1
450279,1
450280,2
450281,2
450282,2
450283,2
450284,1
450285,2
450286,1
450287,2
450288,1
450289,2
450290,1
450291,2
450292,1
450293,1
450294,1
450295,3
450296,1
450297,1
450298,2
450299,3
450300,2
450301,2
450302,1
450303,2
450304,1
450305,2
450306,1
450307,1
450308,4
450309,2
450310,1
450311,2
450312,1
450313,2
450314,1
450315,2
450316,4
450317,2
450318,1
450319,2
450320,2
450321,2
450322,1
450323,2
450324,1
450325,2
450326,2
450327,2
450328,4
450329,2
450330,1
450331,1
450332,2
450333,2
450334,2
450335,1
450336,1
450337,2
450338,1
450339,1
450340,2
450341,2
450342,2
450343,1
450344,2
450345,1
450346,2
450347,1
450348,3
450349,2
450350,1
450351,1
450352,1
450353,1
450354,1
450355,2
450356,2
450357,3
450358,1
450359,1
450360,2
450361,2
450362,3
450363,1
450364,2
450365,1
450366,1
450367,2
450368,2
450369,1
450370,1
450371,1
450372,1
450373,2
450374,1
450375,1
450376,1
450377,2
450378,1
450379,1
450380,2
450381,2
450382,1
450383,1
450384,2
450385,2
450386,2
450387,2
450388,1
450389,1
450390,1
450391,1
450392,1
450393,2
450394,2
450395,1
450396,1
450397,2
450398,2
450399,2
450400,2
450401,2
450402,2
450403,3
450404,2
450405,2
450406,2
450407,1
450408,2
450409,1
450410,1
450411,1
450412,1
450413,1
450414,2
450415,2
450416,2
450417,1
450418,1
450419,2
450420,1
450421,1
450422,1
450423,1
450424,1
450425,2
450427,2
450428,1
450429,3
450430,1
450431,3
450432,1
450433,1
450434,1
450435,1
450436,1
450437,1
450438,1
450439,1
450440,2
450441,2
450442,1
450443,1
450444,2
450445,1
450446,2
450447,1
450448,2
450449,1
450450,2
450451,1
450452,1
450453,1
450454,2
450455,2
450456,2
450457,1
450458,2
450459,2
450460,1
450461,1
450462,1
450463,4
450464,1
450465,1
450466,2
450467,1
450468,3
450469,2
450470,2
450471,1
450472,1
450473,2
450474,1
450475,2
450476,2
450477,2
450478,1
450479,2
450480,1
450481,1
450482,2
450483,1
450484,1
450485,3
450486,2
450488,1
450489,1
450490,1
450491,2
450492,1
450493,2
450494,3
450495,2
450496,1
450497,1
450498,1
450499,1
450500,1
450501,2
450502,2
450503,2
450504,1
450505,2
450506,1
450507,1
450508,1
450509,2
450510,1
450511,2
450512,1
450513,1
450514,1
450515,1
450516,1
450517,2
450518,2
450519,2
450520,1
450521,1
450522,3
450523,1
450524,2
450525,1
450526,1
450527,2
450528,2
450529,1
450530,1
450531,1
450532,1
450534,2
450535,1
450536,1
450537,2
450538,1
450539,2
450540,1
450541,1
450542,1
450543,2
450544,2
450545,1
450546,2
450547,2
450548,2
450549,1
450550,1
450551,1
450552,1
450553,2
450554,1
450555,1
450556,1
450557,1
450558,1
450559,1
450560,1
450561,1
450562,2
450563,2
450564,2
450565,1
450566,1
450567,3
450568,1
450569,1
450570,1
450571,1
450572,1
450573,2
450574,1
450575,1
450576,2
450577,1
450578,1
450579,1
450580,1
450581,2
450582,2
450583,1
450584,2
450585,1
450586,1
450587,2
450588,1
450589,2
450590,1
450591,2
450592,1
450593,1
450594,1
450595,3
450596,2
450597,1
450598,1
450599,2
450600,1
450601,1
450602,2
450603,1
450604,1
450605,1
450606,1
450607,2
450608,1
450609,1
450610,1
450611,2
450612,1
450613,1
450614,2
450615,1
450616,3
450617,1
450618,2
450619,2
450620,1
450621,1
450622,2
450623,2
450624,1
450625,2
450626,1
450627,1
450628,1
450629,1
450630,1
450631,1
450632,1
450633,2
450634,1
450635,2
450636,2
450637,1
450638,1
450639,1
450640,2
450641,1
450642,1
450643,1
450644,1
450645,4
450646,2
450647,1
450648,1
450649,1
450650,1
450651,1
450652,1
450653,2
450654,2
450655,2
450656,1
450657,2
450658,2
450659,2
450660,2
450661,1
450662,1
450663,1
450664,2
450665,2
450666,2
450667,1
450668,2
450669,2
450670,2
450671,1
450672,1
450673,2
450674,2
450675,2
450676,2
450677,2
450678,2
450679,1
450680,2
450681,2
450682,3
450683,1
450684,2
450685,1
450686,1
450687,1
450689,1
450690,1
450691,1
450692,1
450693,1
450694,2
450695,1
450696,2
450697,1
450698,2
450699,1
450700,2
450701,2
450702,1
450703,1
450704,1
450706,1
450707,2
450708,1
450709,3
450710,1
450711,1
450712,3
450713,1
450714,1
450715,2
450716,1
450717,1
450718,2
450719,2
450720,1
450721,2
450722,1
450723,2
450724,1
450725,2
450726,1
450727,1
450728,1
450729,1
450730,1
450731,1
450732,2
450733,1
450734,3
450735,2
450736,1
450737,1
450738,2
450739,1
450740,2
450741,1
450742,1
450743,1
450744,1
450745,1
450746,3
450747,1
450748,2
450749,2
450750,1
450751,1
450752,1
450753,2
450754,3
450755,3
450756,1
450757,3
450758,1
450759,2
450760,1
450761,1
450762,1
450763,2
450764,1
450765,1
450766,2
450767,1
450768,2
450769,1
450770,1
450771,1
450772,1
450773,2
450774,2
450775,1
450776,2
450777,1
450778,2
450779,1
450780,1
450781,1
450782,1
450783,1
450784,1
450785,1
450786,2
450787,1
450788,1
450789,1
450790,1
450791,3
450792,2
450793,2
450794,1
450795,1
450796,2
450797,2
450798,2
450799,2
450800,2
450801,1
450802,1
450803,1
450804,1
450805,1
450806,2
450807,1
450808,1
450809,1
450810,1
450811,2
450812,1
450813,2
450814,1
450815,2
450816,1
450817,1
450818,1
450819,2
450820,1
450821,1
450822,1
450823,1
450824,1
450825,2
450826,2
450827,1
450828,2
450829,2
450830,2
450831,2
450832,2
450833,1
450834,1
450835,1
450836,1
450837,1
450838,1
450839,1
450840,1
450841,1
450842,1
450843,3
450844,2
450845,1
450846,3
450847,1
450848,2
450849,1
450850,3
450851,1
450852,1
450853,2
450854,1
450855,1
450856,1
450857,1
450858,1
450859,3
450860,1
450861,2
450862,1
450863,2
450864,2
450865,2
450866,2
450867,1
450868,2
450869,1
450870,1
450871,1
450872,2
450873,3
450874,1
450875,3
450876,1
450877,1
450878,2
450879,2
450881,1
450882,1
450883,1
450884,2
450885,1
450886,2
450887,1
450888,2
450889,1
450890,2
450891,1
450892,2
450893,1
450894,1
450895,1
450896,1
450897,1
450898,1
450899,3
450900,1
450901,2
450902,2
450903,1
450904,1
450905,2
450906,1
450907,2
450908,1
450909,1
450910,1
450911,1
450912,2
450913,1
450914,2
450915,1
450916,1
450917,2
450918,1
450919,1
450920,1
450921,2
450922,1
450923,2
450924,2
450925,2
450926,1
450927,1
450928,2
450929,1
450930,2
450931,1
450932,1
450933,1
450934,1
450935,1
450936,1
450937,2
450938,1
450939,1
450940,1
450941,1
450942,2
450943,1
450944,3
450945,1
450946,2
450947,1
450948,2
450949,2
450950,4
450951,1
450952,1
450953,4
450954,3
450955,3
450956,2
450957,1
450958,1
450959,2
450960,1
450961,1
450962,1
450963,1
450964,1
450966,1
450967,1
450968,1
450969,1
450970,1
450971,2
450972,2
450973,2
450974,4
450975,2
450976,2
450977,1
450978,1
450979,2
450980,2
450981,1
450982,6
450983,3
450984,2
450985,2
450986,1
460001,1
460002,2
460003,1
460004,1
460005,1
460006,3
460007,2
460008,1
460009,1
460010,2
460011,1
460012,1
460013,1
460014,2
460015,2
460016,2
460017,1
460018,1
460019,2
460020,1
460021,1
460022,1
460023,1
460024,1
460025,1
460026,2
460027,2
460028,1
460029,2
460030,2
460031,2
460032,2
460033,1
460034,1
460035,3
460036,1
460037,2
460038,1
460039,3
460040,1
460041,2
460042,1
460043,2
460044,1
460045,2
460046,2
460047,2
460048,2
460049,1
460050,2
460051,2
460052,1
460053,2
460054,1
460055,2
460056,2
460057,1
460058,1
460060,1
460061,4
460062,1
460063,2
460064,2
460065,2
460066,1
460067,1
460068,1
460069,1
460070,5
460071,2
460072,1
460073,1
460074,1
460075,2
460076,2
460077,2
460078,1
460079,2
460080,1
460081,2
460082,1
460083,2
460084,2
460085,1
460086,2
460087,2
460088,2
460089,1
460090,1
460091,1
460092,1
460093,1
460094,1
460095,2
460096,1
460097,1
460098,1
460099,1
460100,2
460101,1
460102,2
460103,1
460104,2
460105,1
460106,2
460107,2
460108,2
460109,1
460110,1
460111,1
460112,2
460113,1
460114,1
460115,2
460116,1
460117,1
460118,1
460119,2
460120,2
460121,1
460122,1
460123,1
460124,2
460125,1
460126,2
460127,1
460128,1
460129,2
470001,1
470002,1
470003,2
470004,1
470005,1
470006,1
470007,1
470008,1
470009,2
470010,2
470011,1
470013,2
470015,1
470016,1
470017,2
470018,2
470019,1
470020,1
470021,2
470022,2
470023,1
470024,2
470025,1
470026,2
470027,2
470028,2
470029,1
470030,1
470031,1
470032,1
470033,1
470034,1
470035,2
470036,3
470037,1
470038,1
470039,1
470040,1
470041,1
470042,1
470043,2
470044,2
470045,1
470046,1
470047,2
470048,1
470049,3
470050,2
470051,3
470052,4
470053,1
470054,1
470055,1
470056,2
470057,1
470058,1
470059,2
470060,2
470061,2
470062,2
470063,1
470065,1
470066,2
470067,3
470068,1
470069,1
470070,1
470071,2
470072,1
470073,2
470074,1
470075,2
470076,1
470077,2
470078,1
470079,1
470080,1
470081,2
470082,2
470083,1
470084,2
470085,4
470086,2
470087,2
470088,1
470089,2
470090,2
470091,2
470092,2
470093,2
470094,1
470095,2
470096,1
470098,1
470099,1
470100,1
470101,1
470102,1
470103,2
470104,2
470105,1
470107,2
470108,1
470109,1
470110,2
470111,2
470112,2
470113,1
470114,2
470115,1
470116,2
470117,1
470118,2
470119,2
470120,2
470121,3
470122,1
470123,3
470124,2
470125,3
470126,2
470127,2
470128,1
470129,1
470130,1
470131,1
470132,4
470133,2
470134,1
470135,1
470136,2
470137,1
470138,1
470139,1
470140,1
470141,1
470142,2
470143,1
470144,1
470145,2
470146,2
470147,3
470148,1
470149,1
470150,1
470151,1
470152,1
470153,1
470154,2
470155,1
470156,1
470157,2
470158,3
470159,1
470160,1
470161,1
470162,1
470163,1
470164,1
470166,1
470167,2
470168,1
470169,1
470170,1
470171,1
470172,2
470175,4
470176,2
470177,3
470178,1
470179,1
470180,1
470181,1
470182,2
470183,2
470184,1
470185,1
470186,1
470187,1
470188,1
470189,1
470190,2
470191,1
470192,2
470193,1
470194,1
470195,2
470197,1
470198,1
470199,1
470200,1
470201,1
470202,1
470203,1
470204,2
470205,3
470206,1
470207,1
470210,1
470211,2
470212,1
470213,1
470214,1
470215,2
470216,2
470218,1
470219,1
470220,1
470221,2
470222,2
470223,3
470224,1
470225,1
470226,2
470227,1
470228,1
470229,2
470230,1
470231,1
470233,2
470234,1
470235,1
470236,1
470238,1
470239,2
470240,2
470241,2
470242,2
470243,1
470244,1
470245,2
470246,1
470247,1
470248,1
470249,2
470250,1
470251,1
470252,1
470253,1
470254,1
470255,2
470256,2
470257,6
470258,1
470259,1
470260,2
470261,2
470262,1
470263,1
470264,3
470265,2
470266,1
470267,1
470268,3
470269,1
470270,1
470271,1
470272,1
470273,2
470274,1
470275,2
470276,2
470277,1
470278,2
470279,2
470280,1
470282,2
470283,3
470284,2
470285,2
470286,2
470287,2
470288,2
470289,2
470290,1
470291,2
470292,2
470293,1
470294,3
470295,2
470296,1
470297,1
470298,1
470299,2
470302,1
470303,3
470304,2
470305,1
470307,1
470308,2
470309,1
470310,2
470311,2
470312,2
470313,2
470314,2
470315,2
470317,2
470318,2
470319,2
470320,3
470321,1
470322,1
470323,1
470324,2
470325,1
470326,2
470327,2
470328,2
470329,5
470330,2
470331,2
470332,2
470333,2
470334,1
470335,1
470336,3
470337,2
470338,1
470339,2
470340,2
470341,1
470342,1
470343,1
470344,1
470345,3
470346,1
470347,1
470348,1
470349,1
470350,1
470351,2
470352,1
470353,3
470354,1
470355,1
470356,1
470357,2
470358,1
470359,2
470360,2
470361,3
470362,1
470364,1
470365,1
470366,2
470367,2
470368,1
470369,1
470370,1
470371,1
470372,1
470373,2
470374,2
470375,1
470376,1
470377,1
470378,1
470379,1
470380,1
470381,2
470382,1
470383,2
470384,2
470385,1
470386,2
470387,1
470388,1
470389,2
470390,2
470391,1
470392,2
470393,2
470394,1
470395,1
470396,2
470397,2
470398,1
470399,1
470400,1
470401,2
470402,2
470403,1
470404,1
470405,1
470406,2
470407,1
470408,2
470409,1
470410,2
470411,1
470412,3
470413,2
470415,2
470416,1
470417,1
470418,3
470419,2
470420,2
470421,2
470422,1
470423,2
470424,3
470425,1
470426,1
470427,2
470428,1
470430,1
470431,3
470432,2
470433,1
470434,1
470435,1
470436,2
470437,3
470438,1
470441,1
470442,2
470443,1
470444,2
470445,1
470446,2
470447,1
470448,2
470449,1
470450,1
470451,1
470452,1
470453,1
470454,1
470455,2
470456,2
470457,2
470458,2
470459,1
470460,1
470461,2
470463,2
470464,2
470465,1
470466,2
470467,1
470468,2
470469,1
470470,1
470471,1
470472,2
470473,1
470474,2
470475,1
470476,2
470477,1
470478,3
470479,3
470480,2
470481,1
470482,2
470483,1
470484,1
470485,1
470486,3
470487,1
470488,2
470489,2
470490,1
470491,1
470492,1
470493,1
470494,1
470495,5
470496,2
470497,3
470498,1
470499,1
470500,1
470501,1
470502,2
470503,2
470504,1
470505,1
470506,3
470507,2
470509,1
470510,2
470511,2
470512,5
470513,1
470514,2
470515,2
470516,1
470517,1
470518,1
470519,1
470520,1
470521,2
470522,2
470523,1
470524,1
470525,2
470526,1
470527,1
470528,1
470529,2
470530,3
470531,2
470532,1
470533,1
470534,2
470535,2
470536,1
470537,1
470538,2
470539,1
470540,1
470541,1
470543,1
470544,2
470545,1
470546,1
470547,2
470548,2
470549,2
470550,1
470551,3
470552,2
470553,1
470554,2
470555,1
470556,1
470557,1
470558,2
470559,2
470560,2
470561,3
470562,1
470563,1
470564,3
470565,3
470566,1
470567,1
470568,2
470569,1
470571,2
470572,2
470573,2
470574,1
470575,2
470576,1
470577,2
470578,1
470579,2
470580,1
470581,1
470582,2
470583,2
470584,2
470585,1
470586,1
470587,1
470588,2
470589,2
470590,2
470591,2
470592,2
470593,1
470594,2
470595,1
470596,1
470597,3
470598,2
470599,1
470600,2
470601,2
470602,2
470603,2
470604,1
470605,1
470606,1
470607,2
470608,2
470609,1
470610,2
470611,2
470612,1
470613,1
470614,1
470615,2
470616,2
470617,2
470618,1
470619,3
470620,1
470621,1
470622,2
470623,1
470624,1
470626,1
470627,2
470628,3
470629,1
470630,1
470631,2
470632,1
470633,3
470634,1
470635,1
470636,1
470637,1
470638,2
470639,3
470640,2
470641,1
470642,2
470643,1
470644,1
470645,1
470646,3
470647,1
470648,2
470649,1
470650,1
470651,1
470652,1
470653,2
470654,2
470655,1
470656,1
470657,2
470658,2
470659,2
470660,1
470661,2
470662,2
470663,1
470664,2
470665,1
470666,2
470667,2
470669,1
470670,2
470671,4
470672,1
470673,3
470674,2
470676,1
470677,1
470678,1
470679,1
470680,2
470681,2
470682,1
470683,1
470684,1
470685,1
470686,1
470687,1
470688,2
470689,1
470690,3
470691,2
470692,3
470693,1
470694,1
470695,2
470696,1
470697,2
470698,1
470699,1
470700,4
470701,1
470702,1
470703,2
470704,1
470705,2
470706,1
470707,2
470708,1
470709,1
470710,1
470712,1
470713,1
470714,3
470715,2
470716,2
470718,1
470719,1
470720,3
470721,2
470722,2
470724,2
470725,1
470726,2
470727,1
470728,3
470729,1
470730,2
470732,2
470733,2
470734,1
470735,2
470736,3
470737,1
470739,2
470740,1
470741,1
470742,2
470744,1
470745,2
470746,1
470747,2
470748,2
470749,1
470750,2
470751,2
470752,1
470753,2
470754,6
470755,2
470756,1
470757,2
470758,2
470759,2
470760,1
470761,2
470762,1
470763,2
470764,2
470765,1
470766,2
470767,1
470768,2
470769,2
470770,1
470771,1
470772,1
470773,2
470774,1
470775,1
470776,1
470777,1
470778,2
470779,1
470780,1
470781,1
470782,8
470783,2
470784,2
470785,3
470786,1
470787,1
470789,2
470790,2
470791,1
470792,1
470793,1
470794,3
470795,3
470796,1
470797,1
470799,2
470800,1
470801,1
470802,2
470803,2
470804,1
470805,1
470806,1
470807,1
470808,1
470809,3
470810,2
470811,2
470812,1
470813,2
470814,1
470815,2
470816,1
470817,2
470818,3
470819,1
470820,1
470821,1
470822,1
470823,2
470826,2
470827,1
470828,2
470829,2
470830,1
470831,2
470832,2
470833,1
470834,1
470835,1
470837,2
470838,2
470839,2
470840,1
470841,1
470843,2
470844,2
470845,3
470846,2
470847,3
470848,1
470850,1
470851,1
470852,1
470853,2
470855,3
470856,1
470857,1
470858,2
470859,1
470860,1
470861,1
470862,2
470863,3
470864,1
470865,2
470867,1
470868,1
470869,3
470870,1
470871,1
470872,5
470873,2
470874,1
470875,1
470876,1
470877,1
470878,1
470879,1
470881,1
470882,2
470883,1
470884,1
470885,1
470886,2
470887,1
470888,2
470889,2
470890,1
470891,2
470892,2
470893,1
470894,1
470895,1
470896,2
470897,2
470898,1
470900,1
470901,1
470902,1
470903,2
470904,2
470905,1
470906,1
470907,1
470908,1
470909,2
470910,4
470911,1
470912,2
470913,2
470914,1
470916,1
470917,2
470918,1
470919,1
470920,2
470921,1
470922,1
470923,2
470924,2
470926,1
470927,1
470928,3
470930,1
470931,1
470932,1
470934,1
470935,2
470936,1
470937,1
470938,2
470939,1
470940,1
470941,1
470942,2
470943,2
470944,2
470945,1
470946,2
470947,1
470948,2
470949,1
470950,2
470951,2
470952,1
470953,1
470954,2
470955,1
470956,2
470957,3
470960,1
470961,1
470963,3
470964,1
470966,2
470967,1
470968,1
470969,1
470970,1
470971,2
470972,1
470973,2
470974,1
470975,1
470976,2
470977,2
470978,3
470979,3
470981,1
470982,2
470983,1
470985,1
470986,1
470987,2
470988,2
470989,1
470990,2
470991,2
470992,1
470993,2
470994,1
470995,1
470996,1
470997,1
470998,1
470999,1
471000,1
471001,1
471002,1
471003,2
471004,2
471005,2
471006,1
471007,1
471008,3
471009,2
471010,1
471011,2
471012,1
471013,2
471014,1
471015,1
471016,4
471017,2
471018,2
471019,2
471020,1
471021,2
471023,1
471024,2
471025,2
471026,2
471027,2
471028,1
471029,1
471030,3
471031,1
471032,2
471033,2
471034,2
471035,2
471036,1
471037,3
471038,2
471039,1
471040,2
471041,1
471042,1
471043,2
471044,2
471045,2
471046,1
471047,2
471048,2
471050,1
471051,2
471052,1
471053,1
471054,2
471055,1
471056,1
471057,3
471058,2
471059,2
471060,2
471061,1
471062,2
471063,1
471064,1
471065,2
471066,2
471068,1
471069,1
471070,1
471071,1
471072,1
471073,2
471075,2
471077,1
471078,4
471079,1
471080,2
471081,2
471082,3
471083,1
471084,1
471086,1
471087,1
471088,1
471089,2
471090,1
471091,4
471092,1
471093,1
471094,2
471095,1
471096,3
471097,1
471098,2
471099,2
471100,1
471101,1
471102,1
471103,1
471105,1
471106,1
471107,1
471108,2
471109,1
471110,2
471111,1
471112,2
471113,2
471114,2
471115,1
471116,2
471117,2
471118,3
471119,2
471120,6
471121,1
471122,2
471123,2
471124,2
471125,2
471126,1
471127,2
471128,1
471129,1
471130,2
471131,1
471132,1
471133,2
471135,1
471136,2
471137,1
471138,1
471139,2
471140,2
471141,1
471142,2
471143,2
471144,2
471145,1
471146,2
471147,1
471148,1
471149,1
471150,2
471151,2
471152,1
471153,2
471154,1
471155,1
471156,1
471157,1
471158,2
471159,1
471160,1
471161,1
471162,1
471163,1
471164,1
471165,2
471166,1
471167,1
471168,3
471169,2
471170,1
471171,1
471172,1
471173,2
471174,1
471175,2
471176,1
471177,1
471178,1
471179,1
471180,1
471181,1
471182,2
471183,1
471184,1
471185,2
471186,1
471188,2
471189,2
471190,1
471191,1
471192,3
471193,2
471194,1
471195,1
471196,2
471197,1
471198,2
471199,1
471200,3
471201,2
471202,2
471203,2
471204,1
471205,1
471206,1
471207,2
471208,2
471209,2
471210,1
471211,2
471212,1
471213,2
471214,2
471215,1
471216,2
471218,1
471219,1
471220,2
471221,1
471222,1
471223,2
471224,1
471225,1
471226,2
471227,3
471228,2
471229,2
471230,1
471231,1
471232,1
471233,1
471234,1
471235,1
471236,1
471237,3
471238,1
471239,3
471241,2
471242,1
471243,1
471244,2
471245,2
471246,2
471247,2
471248,2
471249,2
471250,1
471251,1
471252,1
471253,1
471254,1
471255,3
471256,2
471257,1
471258,3
471259,1
471260,1
471261,3
471262,1
471263,1
471264,2
471265,1
471266,2
471267,1
471268,1
471269,2
471270,2
471271,1
471272,1
471273,2
471274,2
471275,1
471276,1
471277,1
471278,2
471279,3
471280,1
471281,1
471282,2
471283,1
471284,1
471285,1
471286,1
471287,2
471288,1
480001,1
480002,1
480003,2
480004,5
480005,1
480006,1
480007,2
480008,1
480009,2
480010,1
480012,3
480013,1
480014,2
480016,1
480017,1
480018,2
480019,1
480020,2
480021,2
480022,1
480023,1
480024,1
480025,1
480026,1
480027,1
480028,2
480030,2
480031,1
480032,3
480033,1
480034,2
480035,1
480036,1
480037,1
480038,2
480039,2
480040,1
480041,4
480042,2
480043,2
480044,3
480045,3
480046,1
480047,1
480048,2
480049,1
480050,2
480051,1
480052,1
480053,2
480054,1
480055,1
480056,2
480057,2
480058,5
480059,2
480060,2
480062,1
480063,2
480064,1
480065,1
480066,2
480067,1
480068,2
480069,1
480070,2
480071,1
480072,1
480073,3
480074,2
480075,5
480076,4
480077,1
480078,1
480079,2
480080,1
480082,5
480083,1
480084,2
480085,2
480086,2
480087,1
480088,3
480089,2
480090,1
480091,2
480092,3
480093,1
480094,1
480095,1
480096,1
480097,1
480098,1
480099,2
480100,2
480101,1
480102,1
480103,3
480104,3
480105,2
480106,2
480107,3
480108,1
480109,1
480110,1
480111,2
480112,1
480113,1
480114,1
480115,2
480116,1
480117,2
480118,2
480119,4
480120,1
480121,2
480122,1
480123,1
480124,2
480125,1
480126,1
480127,1
480128,1
480129,1
480130,3
480131,1
480132,1
480133,1
480134,2
480135,1
480136,1
480137,2
480138,1
480139,2
480140,1
480141,1
480142,1
480143,1
480144,2
480145,2
480146,1
480147,1
480148,1
480149,1
480150,2
480151,3
480152,1
480153,3
480154,1
480155,1
480156,2
480157,1
480158,2
480159,1
480160,1
480161,1
480162,1
480163,5
480164,1
480165,2
480166,2
480167,1
480168,2
480169,1
480171,2
480172,2
480173,1
480174,2
480176,1
480177,2
480178,2
480179,1
480180,2
480181,2
480182,1
480183,1
480184,3
480185,2
480186,1
480187,2
480188,4
480189,2
480190,2
480191,2
480192,2
480193,2
480194,1
480195,1
480196,2
480197,2
480198,1
480199,1
480200,1
480201,2
480202,2
480203,1
480204,1
480205,2
480206,1
480207,1
480208,1
480209,1
480210,1
480211,1
480212,1
480213,3
480214,2
480215,1
480216,2
480217,2
480218,3
480219,3
480221,1
480222,2
480223,1
480224,1
480225,1
480226,2
480227,2
480228,2
480229,4
480230,2
480231,1
480232,1
480233,1
480234,1
480236,2
480237,1
480238,2
480239,1
480240,1
480242,1
480244,1
480245,1
480246,1
480247,1
480248,1
480249,1
480250,2
480251,2
480252,2
480253,1
480254,1
480255,2
480256,2
480257,2
480258,1
480259,2
480260,4
480261,1
480262,1
480263,2
480264,1
480265,1
480266,2
480267,1
480268,2
480269,1
480270,1
480271,10
480272,1
480273,1
480274,2
480275,1
480276,1
480277,1
480278,1
480279,2
480280,3
480281,5
480282,1
480283,2
480284,1
480285,1
480286,2
480287,2
480288,2
480289,1
480290,1
480291,1
480292,1
480293,3
480294,1
480295,3
480296,1
480297,2
480298,4
480299,2
480300,1
480301,2
480302,2
480303,2
480304,4
480305,2
480306,2
480308,2
480309,1
480310,1
480311,3
480312,1
480313,4
480314,1
480315,2
480316,2
480317,2
480319,1
480320,2
480321,1
480322,2
480323,1
480324,1
480325,2
480326,1
480327,1
480328,2
480329,2
480330,2
480331,2
480332,2
480333,1
480334,1
480335,1
480336,1
480337,1
480338,2
480339,2
480340,1
480341,4
480342,2
480343,1
480344,2
480345,2
480346,2
480347,2
480348,1
480349,1
480350,2
480351,1
480353,1
480354,1
480356,2
480357,2
480358,1
480359,2
480360,1
480361,1
480362,1
480363,1
480364,2
480365,1
480366,2
480367,1
480368,1
480369,1
480370,1
480371,1
480372,1
480373,1
480374,1
480376,2
480377,2
480378,1
480379,1
480380,1
480381,1
480382,2
480383,2
480384,2
480385,1
480386,2
480387,1
480388,1
480389,2
480390,2
480391,2
480392,2
480393,4
480394,2
480395,1
480396,3
480397,3
480398,1
480399,1
480400,1
480401,2
480402,1
480403,1
480404,1
480405,1
480406,2
480407,1
480408,2
480409,1
480410,1
480411,1
480412,2
480413,2
480414,2
480415,3
480416,1
480417,2
480418,1
480419,1
480420,1
480421,2
480422,2
480423,3
480424,1
480425,2
480426,1
480427,1
480428,2
480429,1
480430,1
480431,1
480432,2
480433,1
480434,1
480435,1
480436,1
480437,2
480438,1
480439,3
480440,1
480441,2
480443,2
480444,2
480445,1
480446,1
480447,3
480448,2
480449,2
480450,2
480451,1
480452,2
480453,1
480454,4
480455,2
480456,2
480457,1
480458,2
480459,1
480460,3
480461,2
480462,1
480463,2
480464,1
480465,1
480466,2
480467,2
480468,3
480469,1
480470,1
480471,2
480472,1
480473,2
480474,1
480475,1
480476,2
480477,1
480478,2
480479,2
480480,4
480481,1
480482,3
480483,1
480484,1
480485,1
480486,1
480487,2
480488,3
480489,3
480490,2
480491,2
480492,2
480493,1
480494,2
480495,2
480496,2
480497,2
480499,1
480500,1
480501,1
480502,3
480503,2
480504,1
480505,2
480506,3
480507,1
480508,2
480509,3
480510,2
480511,1
480512,2
480513,2
480514,3
480515,1
480516,2
480517,1
480518,2
480519,1
480520,3
480521,1
480522,1
480523,1
480524,1
480525,2
480526,1
480527,1
480528,1
480529,2
480530,2
480531,1
480532,1
480533,1
480534,2
480535,1
480536,3
480537,2
480538,2
480539,3
480540,1
480541,1
480542,1
480543,2
480545,1
480546,1
480547,2
480548,1
480549,2
480550,1
480551,1
480552,2
480553,2
480554,1
480555,1
480556,1
480557,1
480558,1
480559,2
480560,1
480561,1
480562,1
480563,2
480564,1
480565,2
480566,1
480567,3
480568,3
480569,2
480570,2
480571,1
480572,1
480574,3
480575,2
480576,2
480577,3
480578,2
480579,2
480580,2
480581,2
480582,2
480583,1
480584,4
480585,1
480586,1
480587,1
480588,2
480589,2
480590,1
480591,1
480592,2
480593,1
480594,2
480595,2
480596,1
480597,1
480598,1
480599,1
480600,1
480601,1
480602,3
480603,1
480604,1
480605,4
480606,1
480607,3
480608,2
480609,1
480610,1
480611,1
480612,3
480613,2
480614,1
480615,1
480616,1
480617,1
480618,1
480619,2
480620,2
480621,1
480622,1
480623,1
480624,1
480625,3
480626,1
480627,1
480628,2
480629,1
480630,2
480631,1
480632,1
480633,2
480634,2
480635,2
480637,1
480638,1
480639,3
480640,2
480641,1
480642,2
480643,1
480644,2
480645,2
480646,1
480647,2
480648,1
480649,1
480650,2
480651,2
480652,1
480653,1
480654,3
480655,2
480656,1
480657,2
480658,2
480659,2
480660,1
480661,2
480662,1
480663,1
480664,1
480665,2
480666,4
480668,1
480669,3
480670,2
480671,3
480672,1
480673,2
480674,1
480675,1
480676,2
480677,1
480678,1
480679,2
480680,1
480681,1
480682,1
480683,2
480684,1
480685,1
480687,2
480688,1
480689,1
480690,2
480691,1
480692,1
480693,1
480694,3
480695,2
480696,2
480697,2
480698,2
480699,2
480700,2
480701,4
480702,2
480703,1
480704,2
480705,1
480706,2
480707,1
480708,2
480709,1
480710,1
480711,5
480712,3
480713,2
480714,1
480715,3
480716,1
480717,2
480718,1
480719,1
480720,1
480721,2
480722,2
480723,1
480724,2
480725,2
480726,2
480727,2
480728,2
480729,2
480730,1
480731,2
480732,2
480733,1
480734,5
480735,2
480736,1
480737,1
480738,2
480739,2
480740,3
480742,1
480743,1
480744,2
480745,1
480746,1
480747,2
480748,1
480749,2
480750,2
480751,2
480752,1
480753,1
480754,2
480755,2
480756,2
480757,2
480758,1
480759,1
480760,1
480761,1
480762,2
480763,1
480764,1
480765,2
480766,2
480767,2
480768,1
480769,1
480770,2
480771,2
480772,2
480773,1
480775,2
480776,3
480777,2
480778,2
480779,1
480780,1
480781,3
480782,1
480783,1
480784,1
480785,2
480786,1
480787,1
480788,1
480790,1
480791,1
480792,4
480793,1
480794,2
480795,3
480796,3
480797,2
480798,2
480799,1
480800,2
480801,2
480802,1
480803,2
480804,1
480805,1
480806,1
480807,2
480808,1
480809,1
480810,1
480811,2
480812,1
480813,2
480814,2
480815,1
480816,1
480817,2
480818,1
480819,1
480820,1
480821,2
480822,2
480823,1
480824,1
480825,1
480826,1
480827,2
480828,1
480829,2
480830,2
480831,1
480832,1
480833,2
480834,1
480835,1
480836,1
480837,2
480838,3
480839,1
480840,2
480841,2
480842,1
480843,2
480844,3
480845,2
480846,2
480847,2
480848,1
480849,1
480850,5
480851,1
480852,2
480853,2
480854,2
480855,1
480856,1
480857,4
480858,3
480859,1
480860,2
480861,2
480862,1
480863,1
480864,1
480865,3
480866,1
480867,1
480868,2
480869,2
480870,1
480871,2
480872,2
480873,2
480874,1
480875,1
480877,3
480878,1
480879,2
480880,1
480881,1
480882,1
480883,1
480884,2
480885,1
480886,2
480887,1
480888,2
480889,1
480890,1
480891,3
480892,1
480893,2
480894,2
480895,1
480896,1
480897,2
480898,1
480900,2
480901,2
480902,2
480903,2
480904,2
480905,1
480907,2
480908,1
480909,2
480910,1
480911,1
480912,2
480913,2
480914,1
480915,3
480916,2
480917,2
480918,3
480919,1
480920,2
480921,2
480922,1
480923,1
480924,2
480925,2
480926,2
480927,2
480929,2
480930,2
480931,2
480932,1
480933,1
480934,1
480935,4
480936,2
480937,2
480938,1
480939,3
480940,1
480941,1
480942,3
480943,2
480944,2
480945,2
480946,2
480947,2
480948,4
480949,2
480950,2
480952,1
480953,3
480954,1
480955,1
480956,1
480957,2
480958,2
480959,1
480960,2
480961,2
480962,1
480963,2
480964,1
480965,1
480966,1
480967,2
480968,2
480969,1
480970,2
480971,3
480972,2
480974,2
480975,1
480976,2
480977,1
480979,1
480981,1
480982,1
480983,2
480984,2
480985,1
480986,2
480988,2
480989,1
480990,1
480991,2
480992,1
480993,1
480994,1
480995,1
480996,2
480997,1
480998,1
480999,1
481000,1
481001,2
481002,2
481003,2
481004,1
481005,1
481006,2
481007,1
481008,2
481009,1
481010,1
481011,1
481012,1
481013,1
481014,1
481015,2
481016,2
481017,2
481018,3
481020,1
481021,2
481022,1
481023,2
481024,2
481025,4
481026,1
481027,2
481028,2
481029,1
481030,1
481031,3
481032,2
481033,2
481034,1
481035,1
481036,2
481037,1
481038,1
481039,1
481040,1
481041,1
481042,1
481043,1
481044,1
481045,2
481046,1
481047,2
481048,1
481049,1
481050,1
481051,1
481052,2
481053,1
481054,3
481055,1
481056,1
481057,1
481058,2
481059,2
481060,1
481061,1
481062,1
481063,1
481064,2
481065,2
481066,1
481067,1
481068,1
481069,1
481070,2
481071,3
481072,1
481073,2
481074,1
481075,1
481076,1
481077,1
481078,3
481079,1
481080,1
481081,1
481082,1
481083,3
481084,1
481085,1
481086,2
481087,4
481088,1
481089,4
481090,1
481091,1
481092,2
481093,1
481094,1
481095,1
481096,1
481097,3
481098,2
481099,1
481100,2
481101,4
481102,1
481103,2
481104,1
481105,2
481106,2
481108,1
481109,1
481110,2
481111,2
481112,2
481113,2
481114,1
481115,2
481116,1
481117,3
481118,2
481119,2
481120,2
481121,2
481122,2
481123,1
481124,2
481125,1
481126,1
481127,3
481128,2
481129,2
481130,1
481131,1
481132,1
481133,2
481134,1
481135,2
481136,2
481137,1
481138,1
481139,3
481140,2
481141,1
481142,1
481143,2
481144,1
481145,1
481146,1
481147,2
481148,2
481149,1
481150,1
481151,2
481152,1
481153,2
481154,1
481155,2
481156,1
481157,2
481158,1
481159,1
481160,2
481161,5
481162,2
481163,2
481164,2
481165,1
481166,4
481167,1
481168,1
481169,2
481170,1
481171,2
481172,3
481173,3
481174,2
481175,1
481176,1
481177,3
481178,2
481179,3
481180,1
481181,1
481182,1
481183,2
481184,3
481185,3
481186,2
481187,2
481188,1
481189,1
481190,1
481191,3
481192,1
481193,2
481194,2
481195,2
481196,1
481197,1
481198,2
481199,2
481200,9
481201,2
481202,1
481203,1
481204,1
481205,2
481206,2
481207,1
481209,2
481210,4
481211,1
481212,1
481213,2
481214,3
481216,1
481217,1
481218,1
481219,2
481220,1
481221,2
481223,4
481224,2
481225,2
481226,2
481227,2
481228,2
481229,2
481230,1
481231,2
481232,1
481233,1
481234,1
481235,2
481236,2
481237,2
481238,2
481239,1
481240,1
481241,1
481242,2
481244,2
481245,1
481246,1
481247,1
481249,2
481250,2
481251,3
481252,2
481253,1
481254,2
481255,2
481256,2
481257,1
481258,3
481259,2
481260,3
481261,1
481262,1
481263,2
481264,3
481265,2
481266,1
481267,1
481268,2
481269,2
481270,1
481271,1
481272,2
481273,3
481274,1
481275,1
481277,1
481278,1
481279,2
481280,2
481281,2
481282,1
481283,2
481284,1
481285,1
481286,1
481287,1
481288,2
481289,1
481290,1
481291,1
481292,2
481293,1
481294,2
481295,2
481296,2
481297,1
481298,2
481299,2
481300,2
481301,1
481303,2
481304,1
481305,3
481306,1
481307,1
481308,2
481309,1
481310,1
481311,1
481312,1
481313,1
481314,1
481315,1
481316,2
481317,2
481319,1
481320,1
481321,1
481323,1
481324,1
481325,2
481326,1
481327,2
481328,2
481329,1
481330,2
481331,2
481332,1
481333,2
481334,2
481335,1
481336,1
481337,2
481338,2
481339,1
481340,1
481341,1
481342,3
481343,1
481344,2
481345,1
481346,1
481347,2
481348,1
481349,3
481350,1
481351,1
481352,2
481353,1
481354,1
481355,2
481356,3
481357,4
481358,1
481359,1
481360,3
481361,1
481362,2
481363,2
481364,1
481365,3
481366,3
481367,2
481368,1
481369,1
481370,1
481371,2
481372,2
481373,1
481374,1
481375,2
481376,2
481377,2
481378,1
481379,1
481380,1
481381,1
481382,2
481383,2
481384,1
481385,1
481386,1
481387,2
481388,2
481389,1
481390,1
481391,2
481392,1
481393,1
481394,1
481395,1
481396,1
481397,2
481398,2
481399,1
481400,2
481402,2
481403,2
481404,2
481405,5
481406,3
481407,1
481408,1
481409,2
481410,1
481411,2
481412,1
481413,2
481414,1
481415,1
481416,1
481417,2
481418,1
481419,2
481420,1
481421,1
481422,1
481423,2
481424,2
481425,1
481426,1
481427,2
481428,1
481429,1
481430,2
481431,2
481432,1
481433,1
481434,2
481435,1
481436,1
481437,1
481439,1
481440,1
481441,4
481442,2
481443,1
481444,1
481445,2
481446,2
481447,1
481448,2
481449,1
481450,2
481451,2
481452,1
481453,2
481454,2
481455,1
481456,1
481457,1
481458,1
481459,1
481460,1
481461,3
481462,2
481463,1
481464,3
481465,1
481466,2
481467,1
481468,2
481469,2
481470,2
481471,1
481472,2
481473,1
481474,1
481475,1
481476,3
481477,1
481478,1
481479,1
481480,2
481481,1
481482,1
481483,1
481484,1
481485,1
481486,2
481487,2
481488,2
481489,2
481490,1
481491,3
481492,2
481493,2
481494,1
481495,1
481496,2
481497,2
481498,1
481499,1
481500,3
481501,2
481502,1
481503,3
481504,5
481505,3
481506,1
481507,2
481508,1
481509,1
481510,1
481511,2
481512,2
481513,1
481514,1
481515,2
481516,1
481517,2
481518,2
481519,1
481520,1
481521,1
481522,1
481523,2
481524,1
481525,2
481526,2
481527,2
481529,1
481530,1
481531,1
481532,2
481533,1
481534,1
481535,1
481536,2
481537,2
481538,1
481539,1
481540,1
481541,2
481542,2
481543,2
481544,2
481545,1
481546,2
481547,1
481548,2
481549,3
481551,1
481552,2
481553,2
481554,1
481555,2
481556,1
481558,4
481559,2
481560,1
481561,1
481562,2
481563,2
481564,1
481565,2
481566,3
481567,2
481568,2
481569,2
481570,2
481571,1
481573,1
481574,2
481575,2
481576,2
481577,1
481578,1
481580,2
481581,1
481582,1
481583,1
481584,3
481585,3
481586,1
481587,1
481588,2
481589,1
481590,2
481591,1
481592,1
481593,1
481595,1
481596,1
481597,1
481598,1
481599,1
481600,1
481601,1
481602,1
481603,1
481604,2
481605,1
481606,2
481607,2
481608,2
481609,2
481610,2
481611,2
481612,1
481613,2
481614,2
481615,2
481616,2
481617,1
481618,1
481619,1
481620,3
481621,1
481622,1
481623,1
481624,1
481625,2
481626,1
481627,2
481628,3
481629,2
481630,4
481631,1
481632,1
481633,2
481634,2
481635,2
481636,1
481638,2
481639,2
481640,1
481641,2
481642,1
481643,1
481644,1
481645,2
481646,1
481647,1
481648,2
481649,1
481650,1
481651,2
481652,1
481653,2
481654,1
481655,2
481656,1
481657,2
481658,5
481659,2
481660,2
481661,1
481662,1
481663,2
481664,1
481665,3
481666,2
481667,2
481668,2
481670,4
481671,1
481672,1
481673,3
481674,1
481675,1
481676,1
481677,1
481678,2
481679,1
481680,2
481681,2
481682,2
481683,1
481684,1
481685,2
481686,1
481687,2
481688,2
481689,1
481690,2
481691,1
481692,1
481693,1
481694,1
481695,1
481696,2
481697,1
481698,2
481699,1
481700,1
481701,1
481702,1
481703,1
481704,1
481705,3
481706,1
481707,3
481708,4
481709,1
481710,1
481711,2
481712,1
481713,1
481714,1
481715,1
481716,2
481717,2
481718,1
481719,3
481720,1
481721,1
481722,1
481723,2
481724,1
481725,2
481726,2
481727,1
481728,2
481729,1
481730,1
481732,1
481733,2
481734,2
481735,1
481736,1
481737,1
481738,3
481739,2
481740,1
481741,2
481742,1
481743,1
481744,1
481745,5
481746,2
481747,1
481748,1
481749,2
481750,2
481751,1
481752,2
481753,2
481754,2
481755,1
481756,1
481757,2
481758,1
481759,1
481760,1
481761,1
481762,2
481763,3
481764,1
481765,2
481766,1
481767,1
481768,1
481769,1
481770,2
481771,1
481772,1
481773,2
481774,1
481775,1
481776,1
481777,2
481778,2
481779,2
481780,1
481781,2
481782,1
481783,1
481784,2
481785,2
481786,1
481787,1
481788,1
481789,2
481790,1
481791,1
481792,1
481793,1
481794,2
481795,1
481796,2
481797,1
481798,2
481799,2
481800,2
481801,1
481802,3
481803,1
481804,2
481805,1
481806,1
481807,1
481808,1
481809,1
481810,3
481811,4
481813,1
481814,1
481815,2
481816,1
481817,2
481818,2
481819,1
481820,3
481821,2
481822,1
481823,2
481824,2
481825,2
481826,2
481827,1
481828,2
481829,2
481830,2
481831,1
481832,1
481833,1
481834,1
481835,2
481836,1
481837,1
481838,2
481839,3
481840,1
481841,1
481842,2
481843,1
481844,2
481845,1
481846,3
481847,1
481848,2
481849,2
481850,2
481851,1
481852,1
481853,1
481854,2
481855,2
481856,4
481857,1
481858,1
481859,2
481861,2
481862,3
481863,1
481864,1
481865,2
481866,2
481867,1
481868,1
481869,3
481871,2
481872,2
481873,2
481875,2
481876,1
481877,1
481878,2
481879,1
481880,2
481881,1
481882,2
481883,1
481884,1
481885,2
481886,2
481887,3
481888,1
481889,2
481890,2
481891,3
481892,2
481893,1
481894,2
481895,1
481897,2
481898,1
481899,2
481900,2
481901,1
481902,1
481903,1
481904,1
481905,4
481906,2
481907,2
481908,2
481909,2
481911,1
481912,1
481913,1
481914,1
481915,2
481916,1
481917,2
481918,1
481919,1
481920,2
481921,1
481922,2
481923,2
481924,2
481925,1
481926,2
481927,1
481928,1
481929,1
481930,2
481931,3
481932,2
481933,3
481934,2
481935,1
481936,1
481937,1
481938,2
481939,1
481940,1
481941,3
481942,2
481943,2
481944,2
481945,2
481946,1
481947,2
481948,1
481949,2
481950,1
481951,2
481952,2
481953,1
481954,1
481955,1
481956,2
481957,1
481958,1
481959,1
481960,2
481961,1
481962,1
481963,2
481964,2
481965,2
481966,3
481967,3
481968,2
481969,1
481970,2
481971,2
481972,2
481973,1
481974,1
481975,2
481976,1
481977,1
481978,2
481979,1
481980,2
481982,2
481983,3
481984,1
481985,2
481986,1
481987,2
481988,1
481989,1
481990,1
481991,3
481992,2
481993,1
481995,1
481996,1
481997,2
481998,2
481999,2
482000,1
482001,1
482002,2
482003,2
482004,2
482005,1
482006,4
482007,2
482008,1
482009,1
482010,1
482011,2
482012,1
482013,1
482014,1
482015,1
482016,2
482017,1
482018,1
482019,1
482020,2
482021,3
482022,2
482023,2
482024,2
482025,2
482026,1
482027,2
482028,2
482029,1
482030,2
482031,2
482032,1
482033,2
482034,1
482035,1
482036,1
482037,1
482038,2
482039,2
482040,2
482041,1
482042,1
482043,1
482044,1
482045,3
482046,1
482047,1
482048,3
482049,3
482050,1
482051,1
482052,1
482054,1
482055,2
482056,1
482057,1
482058,1
482059,2
482060,1
482061,2
482062,1
482063,1
482064,1
482065,1
482066,1
482067,1
482068,1
482069,2
482070,1
482071,1
482072,1
482073,1
482074,1
482075,1
482076,1
482077,2
482078,1
482079,1
482080,1
482081,2
482084,2
482085,2
482086,1
482087,2
482088,2
482089,2
482090,3
482091,1
482092,2
482093,1
482094,3
482095,1
482096,1
482097,2
482098,1
482099,1
482100,1
482101,1
482102,2
482103,2
482104,1
482105,2
482106,1
482107,1
482108,1
482109,1
482110,1
482111,1
482112,1
482113,1
482114,1
482115,1
482116,1
482117,2
482118,1
482119,2
482120,1
482121,1
482122,1
482123,2
482124,1
482126,3
482127,1
482128,4
482129,1
482130,1
482131,2
482132,1
482133,2
482134,2
482135,2
482136,1
482137,1
482138,1
482139,1
482140,1
482141,2
482142,1
482143,1
482144,2
482145,1
482146,2
482147,1
482148,1
482149,1
482150,1
482151,1
482152,2
482153,1
482154,2
482155,1
482156,2
482157,2
482158,2
482159,2
482160,3
482161,2
482162,2
482163,1
482164,1
482165,2
482166,2
482167,1
482168,1
482169,2
482170,1
482171,1
482172,1
482173,2
482174,2
482175,1
482176,1
482177,2
482178,2
482179,1
482180,1
482181,1
482182,2
482183,1
482184,1
482185,1
482186,1
482187,2
482188,1
482189,1
482190,1
482191,3
482192,2
482193,1
482194,1
482195,2
482196,2
482197,4
482198,2
482199,2
482200,3
482201,1
482202,2
482203,1
482204,2
482205,1
482206,1
482207,2
482208,1
482209,1
482210,1
482211,1
482212,1
482213,1
482214,1
482215,1
482216,1
482217,2
482218,2
482219,1
482220,1
482221,2
482222,1
482223,2
482224,2
482225,2
482226,2
482227,1
482228,1
482229,2
482230,2
482231,2
482232,4
482233,2
482234,2
482235,1
482236,2
482237,3
482238,1
482239,1
482240,2
482241,1
482242,1
482243,1
482244,2
482245,1
482246,1
482247,1
482248,2
482249,1
482250,2
482252,3
482253,2
482254,2
482255,1
482256,1
482257,5
482258,1
482259,1
482260,2
482261,1
482262,1
482263,1
482264,2
482265,1
482266,1
482267,1
482268,2
482270,1
482271,2
482272,2
482273,2
482274,2
482275,2
482276,2
482277,2
482278,1
482279,2
482280,2
482281,2
482282,1
482283,1
482284,1
482285,2
482286,3
482287,1
482288,3
482289,2
482290,2
482291,2
482292,1
482293,2
482294,2
482295,2
482296,2
482297,3
482298,2
482299,1
482300,2
482301,1
482302,2
482303,1
482304,2
482305,1
482306,2
482307,1
482308,1
482309,1
482310,1
482311,2
482312,1
482313,2
482314,2
482315,1
482316,1
482317,1
482318,2
482319,1
482320,2
482321,1
482322,1
482323,2
482324,1
482325,1
482326,2
482328,4
482330,1
482331,1
482332,1
482333,1
482334,2
482335,1
482336,1
482337,3
482338,1
482339,1
482340,1
482341,1
482342,1
482343,1
482344,1
482345,1
482346,2
482347,2
482348,2
482349,2
482350,2
482351,2
482352,3
482353,1
482354,2
482355,2
482356,1
482357,2
482358,1
482359,1
482360,2
482361,1
482362,2
482363,2
482364,1
482365,4
482366,2
482367,2
482368,1
482369,1
482370,1
482371,2
482372,1
482373,1
482374,1
482375,2
482377,2
482378,2
482379,1
482380,1
482381,2
482382,1
482383,2
482384,1
482385,2
482386,1
482387,1
482388,1
482389,1
482390,1
482391,1
482392,1
482393,2
482394,1
482395,2
482396,2
482397,2
482398,1
482399,2
482400,2
482401,2
482402,1
482403,2
482404,1
482405,1
482406,1
482407,2
482408,1
482409,2
482410,2
482411,1
482412,2
482413,1
482414,1
482415,1
482416,1
482417,1
482418,3
482419,1
482420,1
482421,1
482422,1
482423,1
482424,3
482425,1
482426,2
482427,1
482428,2
482429,1
482430,2
482431,2
482432,1
482433,3
482434,1
482435,1
482436,1
482437,1
482438,1
482439,2
482440,2
482441,2
482442,2
482443,1
482444,2
482445,1
482446,1
482447,2
482448,2
482450,2
482451,2
482452,2
482453,1
482454,1
482455,1
482456,1
482457,2
482458,2
482459,1
482460,2
482461,1
482462,2
482463,2
482464,1
482465,1
482466,2
482467,4
482468,1
482469,2
482470,1
482471,1
482472,1
482473,1
482474,2
482475,2
482476,1
482477,1
482478,2
482479,1
482480,2
482481,2
482482,2
482483,1
482484,1
482485,1
482486,1
482487,1
482488,2
482489,3
482490,1
482491,2
482492,2
482493,1
482494,2
482495,2
482496,1
482497,1
482498,1
482499,1
482500,2
482501,2
482502,1
482503,2
482504,1
482505,2
482506,2
482507,1
482508,2
482509,2
482510,1
482511,1
482512,1
482513,1
482514,1
482515,1
482516,2
482517,1
482518,1
482519,1
482520,1
482521,2
482522,2
482523,1
482524,2
482525,1
482526,1
482527,1
482528,1
482529,2
482530,1
482531,1
482532,2
482533,2
482534,2
482535,2
482536,2
482537,2
482538,5
482539,2
482540,1
482541,1
482542,1
482543,2
482544,2
482545,2
482546,1
482547,3
482548,2
482549,1
482550,2
482551,1
482552,1
482553,2
482554,1
482555,1
482556,2
482557,1
482558,1
482559,1
482560,2
482561,2
482562,1
482563,1
482564,2
482565,1
482566,1
482567,1
482569,1
482570,2
482571,1
482572,1
482573,1
482574,1
482575,1
482576,1
482577,1
482578,1
482579,1
482580,2
482581,2
482582,2
482583,2
482584,1
482585,1
482586,2
482587,1
482588,1
482589,1
482590,2
482591,2
482592,1
482593,1
482594,1
482595,2
482596,1
482597,1
482598,1
482599,1
482600,1
482601,2
482602,1
482603,1
482604,1
482605,1
482606,3
482607,2
482608,2
482609,1
482610,1
482611,1
482612,1
482613,2
482614,2
482615,3
482616,1
482617,1
482618,2
482619,1
482620,2
482621,2
482622,2
482623,1
482624,1
482625,1
482626,4
482627,2
482628,1
482629,1
482630,1
482631,1
482632,2
482634,2
482635,2
482636,2
482637,1
482638,2
482639,1
482640,1
482641,1
482642,1
482643,1
482644,1
482645,1
482646,1
482647,1
482648,2
482649,1
482650,1
482651,1
482654,2
482655,1
482656,1
482657,2
482658,2
482659,2
482660,1
482661,1
482662,1
482663,1
482664,2
482665,1
482666,1
482667,1
482668,1
482669,1
482670,1
482671,2
482672,7
482673,6
482674,1
482675,1
482676,1
482677,2
482678,2
482679,1
482680,1
482681,1
482682,1
482683,2
482684,2
482685,2
482686,4
482687,1
482688,1
482689,1
482690,1
482691,1
482692,1
482693,1
482694,1
482695,2
482696,1
482697,2
482698,1
482700,1
482701,2
482702,2
482703,1
482704,3
482705,1
482706,2
482707,2
482708,2
482709,2
482710,1
482711,1
482712,1
482713,1
482714,1
482715,1
482716,1
482717,2
482718,1
482719,2
482720,1
482721,2
482722,1
482723,3
482724,1
482725,1
482726,2
482727,2
482728,1
482729,2
482730,2
482731,2
482732,2
482733,1
482734,1
482735,1
482736,1
482737,2
482738,2
482739,1
482740,1
482741,2
482742,2
482743,2
482744,2
482745,2
482746,3
482747,2
482748,3
482749,1
482751,2
482752,1
482753,2
482754,2
482755,2
482756,2
482757,2
482758,1
482759,1
482760,1
482761,3
482763,1
482764,1
482765,1
482766,2
482768,2
482769,2
482770,3
482771,1
482772,2
482773,2
482774,2
482775,1
482776,3
482777,2
482778,2
482779,1
482780,1
482781,1
482782,1
482783,1
482784,1
482785,1
482786,1
482787,2
482788,2
482789,1
482790,1
482791,1
482792,2
482793,1
482795,3
482796,3
482797,1
482798,2
482799,1
482800,1
482801,1
482802,1
482803,2
482804,1
482806,1
482807,1
482808,1
482809,1
482810,2
482811,2
482812,1
482813,2
482814,2
482815,1
482816,1
482817,2
482818,1
482819,4
482820,1
482821,1
482822,1
482823,1
482824,2
482825,1
482826,1
482827,1
482828,1
482829,2
482830,2
482831,2
482832,2
482833,2
482834,3
482836,1
482837,1
482838,2
482839,4
482840,1
482841,5
482842,1
482843,1
482844,2
482845,1
482846,3
482848,2
482849,1
482850,2
482851,1
482852,1
482853,1
482854,1
482855,2
482856,1
482857,2
482858,1
482859,1
482860,1
482861,2
482862,2
482863,2
482864,3
482865,1
482866,3
482867,1
482868,1
482869,1
482870,1
482871,2
482872,2
482873,2
482874,2
482875,2
482876,1
482877,1
482878,1
482879,2
482880,1
482881,1
482882,2
482883,1
482884,1
482885,2
482886,1
482887,3
482889,1
482890,1
482891,2
482892,3
482893,1
482894,1
482895,2
482896,2
482897,1
482898,2
482899,1
482900,1
482901,2
482902,2
482903,1
482904,2
482905,1
482906,2
482907,3
482908,2
482909,1
482910,1
482911,2
482912,2
482913,2
482914,1
482915,1
482916,1
482917,1
482918,1
482919,1
482920,1
482921,2
482922,2
482923,2
482924,2
482925,1
482926,1
482927,2
482928,1
482929,2
482930,2
482931,1
482932,1
482933,2
482934,1
482935,1
482936,1
482937,1
482938,1
482939,1
482940,2
482941,1
482942,1
482943,1
482944,3
482945,1
482946,1
482947,1
482948,1
482949,1
482950,1
482951,1
482952,2
482953,1
482954,2
482955,2
482956,1
482957,1
482958,1
482959,1
482960,1
482962,1
482963,2
482964,1
482965,1
482966,2
482967,1
482968,4
482969,1
482970,3
482971,2
482972,1
482973,1
482974,2
482975,1
482976,1
482977,1
482978,2
482979,2
482980,2
482981,2
482982,2
482983,3
482984,1
482985,2
482986,3
482987,1
482988,2
482989,1
482990,1
482991,1
482992,1
482993,1
482994,2
482995,1
482996,2
482997,1
482998,2
482999,1
483000,1
483001,3
483002,1
483003,1
483004,1
483005,1
483006,3
483008,2
483009,1
483010,1
483011,3
483012,1
483013,2
483014,2
483015,2
483016,2
483017,2
483018,2
483019,1
483020,2
483021,2
483022,1
483023,1
483024,2
483025,1
483026,1
483027,3
483028,2
483029,2
483030,1
483031,3
483032,2
483033,1
483034,1
483035,3
483036,1
483037,3
483038,3
483039,2
483040,1
483041,1
483042,1
483043,2
483044,1
483045,2
483046,1
483047,1
483048,3
483049,1
483050,1
483051,1
483052,1
483053,1
483054,1
483055,1
483056,2
483057,2
483058,2
483059,2
483060,1
483062,2
483063,2
483064,1
483065,1
483066,1
483067,2
483068,1
483069,2
483070,1
483071,1
483072,1
483073,1
483074,1
483075,1
483076,1
483077,2
483078,2
483079,2
483080,2
483081,1
483082,1
483083,2
483084,2
483085,1
483086,3
483087,2
483088,2
483089,2
483090,2
483091,1
483092,1
483093,1
483094,1
483095,1
483096,2
483097,1
483098,2
483099,2
483100,1
483101,1
483102,1
483103,2
483104,1
483105,1
483106,3
483107,2
483108,1
483109,2
483110,1
483111,2
483112,2
483113,2
483114,1
483115,2
483116,2
483117,1
483118,2
483119,2
483120,2
483121,1
483122,1
483123,2
483124,4
483125,1
483126,2
483127,3
483128,1
483129,2
483130,1
483131,2
483132,1
483133,2
483134,2
483135,1
483136,2
483137,1
483138,1
483139,1
483140,1
483141,2
483142,2
483143,2
483144,1
483145,2
483146,1
483147,1
483148,1
483150,1
483151,1
483152,2
483153,1
483154,1
483155,1
483156,1
483157,1
483158,1
483159,1
483160,1
483161,1
483162,2
483163,1
483164,1
483165,2
483166,1
483167,2
483168,2
483169,2
483170,1
483171,2
483172,1
483173,1
483174,1
483175,2
483176,1
483177,2
483178,1
483179,1
483180,1
483181,2
483182,2
483183,2
483184,2
483185,3
483186,2
483187,2
483188,3
483189,2
483190,2
483191,1
483192,2
483193,1
483194,2
483195,2
483196,2
483197,3
483198,2
483199,1
483200,1
483201,1
483202,2
483204,1
483205,2
483206,2
483207,1
483208,1
483209,2
483210,3
483211,1
483212,2
483213,2
483214,4
483215,3
483216,2
483217,3
483218,1
483219,1
483220,2
483221,1
483222,1
483223,1
483224,1
483225,2
483226,2
483227,2
483229,1
483230,1
483231,2
483232,3
483233,1
483234,1
483235,1
483236,1
483237,1
483238,1
483239,2
483240,1
483241,1
483242,2
483243,1
483244,1
483245,1
483246,2
483247,1
483248,1
483249,2
483250,1
483251,1
483252,2
483253,2
483254,1
483255,2
483256,1
483257,1
483259,2
483260,1
483261,3
483263,1
483264,2
483265,1
483266,2
483267,1
483268,1
483269,2
483270,1
483271,3
483272,2
483273,2
483274,1
483275,1
483276,2
483277,2
483278,3
483279,2
483280,3
483281,1
483282,1
483283,1
483284,1
483285,1
483286,1
483287,1
483288,1
483289,1
483290,1
483291,1
483292,1
483293,1
483294,1
483295,1
483297,2
483298,1
483299,2
483300,2
483301,1
483302,1
483303,1
483304,1
483305,4
483306,2
483307,2
483308,1
483309,2
483310,1
483311,1
483312,2
483313,1
483314,1
483315,2
483316,1
483317,2
483318,1
483319,1
483320,2
483321,2
483322,1
483323,1
483324,2
483325,1
483326,1
483327,2
483328,2
483329,2
483330,2
483331,2
483332,3
483333,1
483334,2
483335,2
483336,2
483337,1
483338,2
483339,1
483340,2
483341,1
483342,2
483343,2
483344,1
483345,1
483346,1
483347,1
483348,1
483349,2
483350,2
483351,2
483352,2
483353,1
483354,1
483355,1
483356,1
483357,2
483358,1
483359,1
483360,2
483361,1
483362,9
483363,1
483364,1
483365,1
483366,1
483367,1
483368,1
483369,1
483370,2
483371,1
483372,2
483374,2
483375,2
483376,1
483377,2
483378,2
483379,2
483380,2
483381,2
483382,2
483383,2
483384,1
483385,1
483386,2
483387,1
483388,1
483389,2
483390,2
483391,1
483392,1
483393,7
483394,2
483395,4
483396,1
483397,1
483398,1
483400,3
483401,4
483402,1
483403,2
483404,1
483405,3
483406,1
483407,2
483408,2
483409,1
483410,3
483411,1
483412,1
483413,3
483414,1
483415,1
483416,2
483417,2
483418,2
483419,3
483420,2
483421,1
483422,1
483423,2
483424,2
483426,3
483427,3
483428,3
483429,3
483430,1
483431,2
483432,1
483433,1
483434,2
483435,1
483436,2
483437,2
483438,2
483439,1
483440,1
483441,1
483442,1
483443,1
483444,2
483445,1
483446,1
483447,3
483448,2
483449,1
483450,1
483451,1
483452,4
483453,1
483454,2
483455,2
483456,1
483457,1
483458,2
483459,2
483460,1
483461,1
483462,2
483463,2
483464,1
483465,1
483466,1
483467,1
483468,2
483469,1
483470,3
483471,2
483472,3
483473,2
483474,2
483475,1
483476,2
483477,2
483479,2
483480,2
483481,1
483482,2
483483,2
483484,1
483485,4
483486,1
483487,1
483488,1
483489,2
483490,1
483491,1
483492,1
483493,2
483494,1
483495,2
483496,1
483497,2
483498,1
483499,2
483500,2
483501,2
483502,1
483503,1
483504,1
483505,2
483506,2
483507,3
483508,1
483509,1
483510,2
483511,1
483512,1
483513,1
483514,1
483515,1
483516,1
483517,2
483518,3
483519,3
483520,1
483521,1
483522,2
483523,2
483524,2
483525,1
483526,1
483527,1
483528,1
483529,2
483531,1
483532,1
483533,2
483534,2
483535,1
483536,1
483537,1
483538,2
483539,1
483540,1
483541,1
483542,2
483543,3
483544,2
483545,2
483546,1
483547,1
483548,2
483549,1
483550,2
483551,1
483552,1
483553,3
483554,2
483555,2
483556,1
483557,2
483558,2
483559,2
483560,1
483561,2
483562,1
483563,2
483564,1
483565,1
483566,1
483567,1
483568,1
483569,2
483570,1
483571,1
483572,2
483573,2
483574,2
483576,1
483577,1
483578,2
483579,2
483580,1
483581,2
483582,2
483583,1
483584,1
483585,1
483586,2
483587,1
483588,3
483589,2
483590,2
483591,1
483592,1
483593,1
483594,2
483595,2
483596,2
483597,2
483598,2
483599,4
483600,2
483601,2
483602,1
483603,2
483604,1
483605,2
483606,1
483607,1
483608,1
483609,2
483610,2
483611,1
483612,2
483613,4
483614,1
483615,1
483616,1
483617,2
483618,1
483619,1
483620,2
483621,1
483622,1
483623,2
483624,2
483625,2
483626,3
483627,1
483628,1
483629,1
483630,1
483631,1
483632,1
483633,1
483634,1
483635,1
483636,1
483637,2
483638,2
483639,1
483640,1
483641,3
483642,1
483643,2
483644,2
483645,1
483646,2
483647,1
483648,1
483649,1
483650,1
483651,1
483653,1
483654,1
483655,2
483656,1
483657,1
483658,3
483659,1
483660,2
483661,2
483662,2
483663,2
483664,1
483665,1
483666,2
483667,2
483668,1
483669,2
483670,2
483671,2
483672,2
483673,1
483674,3
483675,1
483676,1
483677,2
483678,2
483680,2
483681,2
483682,2
483683,1
483684,1
483685,1
483686,2
483687,2
483688,2
483690,2
483691,1
483692,2
483693,2
483694,2
483695,1
483696,1
483697,2
483700,2
483701,2
483702,1
483703,3
483704,4
483705,1
483707,2
483708,2
483709,2
483710,1
483711,3
483712,1
483713,1
483714,2
483715,1
483717,1
483718,1
483719,2
483720,1
483721,4
483722,2
483723,2
483724,2
483725,3
483726,2
483727,1
483728,1
483729,1
483730,1
483731,2
483732,2
483733,1
483734,1
483735,1
483736,1
483737,1
483738,1
483739,2
483740,1
483741,3
483742,1
483743,1
483744,2
483745,1
483746,1
483747,2
483748,2
483749,1
483750,2
483751,1
483752,2
483753,2
483754,2
483755,1
483756,1
483757,1
483758,1
483759,2
483760,2
483761,2
483762,2
483763,1
483764,2
483765,1
483766,2
483767,1
483768,2
483769,2
483770,2
483771,1
483772,1
483773,2
483774,1
483775,2
483776,2
483777,2
483778,1
483779,1
483780,2
483781,1
483782,1
483783,3
483784,3
483785,2
483786,1
483787,1
483789,2
483791,2
483792,1
483793,5
483794,1
483795,2
483796,1
483797,1
483798,1
483799,4
483800,2
483801,2
483802,1
483803,1
483804,1
483805,2
483806,2
483807,2
483808,1
483809,1
483810,1
483811,1
483812,1
483813,1
483814,1
483815,2
483816,3
483817,2
483818,2
483819,2
483820,2
483821,1
483822,1
483823,2
483824,1
483825,2
483826,1
483827,1
483828,1
483829,1
483830,2
483831,1
483832,2
483833,3
483834,2
483835,2
483836,1
483837,1
483838,3
483839,2
483840,1
483841,1
483842,1
483844,1
483845,1
483846,4
483848,2
483849,1
483850,1
483851,1
483852,1
483853,1
483854,2
483855,1
483856,1
483857,1
483858,1
483859,2
483860,1
483861,2
483862,1
483863,2
483864,2
483865,2
483866,1
483867,1
483868,2
483869,3
483870,1
483871,1
483872,1
483873,1
483874,1
483875,3
483876,3
483877,1
483878,2
483879,1
483880,2
483881,1
483883,1
483884,2
483885,1
483886,1
483887,2
483888,1
483889,1
483890,1
483891,1
483892,2
483893,2
483894,1
483895,2
483896,2
483897,1
483898,2
483899,2
483900,2
483901,1
483902,1
483903,2
483904,2
483905,2
483906,2
483907,2
483908,2
483909,3
483910,2
483911,2
483912,2
483913,1
483914,1
483916,1
483917,1
483918,1
483919,1
483920,2
483921,2
483922,3
483923,1
483924,1
483925,1
483926,2
483927,5
483928,1
483929,1
483930,1
483931,1
483932,1
483933,1
483934,1
483935,1
483936,1
483937,1
483938,1
483939,1
483940,1
483941,2
483942,2
483943,2
483944,1
483945,1
483946,2
483948,2
483949,2
483950,3
483951,2
483952,1
483953,1
483954,1
483955,1
483956,3
483957,2
483958,2
483959,2
483961,1
483962,1
483963,1
483964,2
483965,1
483966,1
483967,2
483968,1
483969,2
483970,1
483971,2
483972,1
483973,1
483976,1
483977,2
483978,1
483979,2
483980,2
483981,3
483982,1
483983,2
483984,3
483985,2
483986,1
483987,1
483988,1
483989,1
483990,4
483991,1
483992,1
483993,3
483994,1
483995,2
483996,1
483997,2
490001,2
490002,1
490003,1
490004,2
490005,1
490006,2
490007,2
490008,1
490009,1
490010,1
490011,1
490012,2
490013,3
490014,1
490015,1
490016,3
490017,2
490018,1
490019,1
490020,2
490021,4
490022,2
490023,2
490024,2
490025,2
490026,2
490027,4
490028,2
490029,1
490030,2
490031,1
490032,1
490033,2
490035,2
490036,1
490037,1
490038,3
490039,2
490040,2
490041,1
490042,1
490044,1
490045,3
490046,2
490047,1
490048,1
490049,2
490051,2
490052,2
490053,1
490054,1
490055,4
490056,1
490057,1
490058,1
490059,2
490060,5
490061,2
490062,2
490063,4
490064,1
490065,2
490066,1
490067,2
490068,1
490069,1
490070,2
490071,2
490072,2
490073,1
490074,2
490075,3
490076,2
490077,2
490078,1
490079,1
490080,2
490081,1
490082,1
490083,2
490084,2
490085,2
490086,1
490087,2
490088,3
490089,2
490090,4
490091,1
490092,1
490093,2
490094,1
490095,2
490096,2
490097,1
490098,1
490099,1
490100,2
490101,1
490102,3
490103,1
490104,2
490105,1
490106,1
490107,3
490108,2
490109,1
490110,1
490111,1
490112,1
490113,1
490114,1
490115,1
490116,1
490117,2
490118,2
490119,4
490120,2
490121,1
490122,1
490123,4
490124,1
490125,3
490126,1
490128,2
490129,2
490130,3
490131,1
490132,2
490133,1
490134,1
490135,2
490136,1
490137,2
490138,2
490139,2
490140,2
490141,2
490142,1
490143,1
490144,1
490145,1
490147,2
490148,2
490149,2
490150,1
490151,2
490152,1
490153,1
490154,2
490155,1
490156,3
490157,1
490158,1
490159,1
490160,2
490161,2
490162,1
490163,2
490164,1
490165,1
490166,1
490167,2
490168,3
490169,1
490170,3
490171,1
490172,1
490173,2
490174,1
490175,1
490176,1
490177,3
490178,1
490179,2
490180,1
490181,2
490182,1
490183,1
490184,2
490185,2
490186,1
490187,1
490188,2
490189,2
490190,1
490191,1
490192,1
490193,2
490194,1
490195,1
490196,1
490197,1
490198,1
490199,2
490200,2
490201,2
490202,3
490203,2
490204,2
490205,2
490206,1
490207,1
490208,2
490209,1
490210,1
490211,1
490212,2
490213,1
490214,1
490215,1
490216,1
490218,1
490219,1
490220,1
490221,1
490222,1
490223,1
490224,3
490225,2
490226,2
490227,1
490228,1
490229,1
490230,1
490231,2
490232,2
490233,1
490234,1
490235,2
490236,1
490237,1
490238,1
490240,1
490241,2
490242,2
490243,1
490244,1
490245,2
490246,2
490247,1
490248,2
490249,1
490250,1
490251,1
490252,1
490253,2
490254,2
490255,1
490256,2
490257,2
490259,1
500001,1
500002,2
500003,2
500004,1
500005,1
500006,1
500007,2
500008,2
500009,1
500010,1
500011,1
500012,1
500013,2
500014,1
500015,2
500016,2
500017,1
500018,2
500020,1
500021,2
500022,2
500023,2
500024,2
500025,1
500026,1
500027,2
500028,1
500029,1
500031,1
500032,1
500033,1
500034,1
500035,2
500036,2
500037,1
500038,2
500039,1
500040,2
500041,1
500042,2
500043,1
500044,1
500045,1
500046,1
500047,2
500048,1
500049,2
500050,2
500051,1
500052,2
500053,1
500054,1
500055,2
500056,1
500057,1
500059,1
500060,2
500061,1
500062,1
500063,2
500064,1
500065,1
500066,2
510001,1
510002,2
510003,2
510004,1
510005,1
510006,1
510007,3
510008,1
510009,2
510010,2
510011,2
510012,1
510013,2
510014,1
510015,1
510016,1
510017,1
510018,3
510019,2
510020,1
510021,1
510022,1
510023,1
510024,1
510025,1
510026,2
510027,2
510028,2
510029,1
510030,2
510031,2
510032,2
510033,1
510034,1
510035,1
510036,1
510037,1
510038,1
510039,1
510040,1
510041,1
510042,2
510043,2
510044,1
510045,2
510046,1
510047,1
510048,1
510049,2
510050,1
510051,2
510052,2
510053,1
510054,1
510055,1
510056,1
510057,1
510058,2
510059,1
510060,2
510061,1
510062,1
510063,2
510064,2
510065,1
510066,1
510067,1
510068,3
510069,1
510070,2
510071,1
510072,1
510073,1
510074,1
510075,1
510076,2
510077,1
510078,1
510079,1
510080,1
510081,1
510082,1
510083,2
510084,2
510085,1
510086,1
510087,3
510088,1
510089,1
510090,2
510091,1
510092,1
510093,1
510094,1
510095,1
510096,2
510097,3
510098,1
510099,2
510100,1
510101,1
510102,1
510103,1
510104,1
510106,1
510107,1
510108,2
510109,2
510110,1
510111,3
510112,1
510113,1
510114,1
510115,3
510116,1
510117,1
510118,1
510119,1
510120,1
510121,2
510122,1
510123,1
510124,2
510126,1
510127,1
510128,1
510129,1
510130,2
510131,2
510132,1
510133,3
510134,1
510135,2
510136,1
510137,1
510138,1
510139,3
510140,1
510141,1
510142,1
510143,1
510144,1
510145,1
510146,2
510147,3
510148,1
510149,2
510150,2
510151,2
510152,1
510153,1
510154,2
510155,1
510156,1
510157,2
510158,1
510159,2
510160,2
510161,1
510162,2
510163,2
510164,2
510165,2
510166,2
510167,1
510168,1
510169,2
510170,2
510171,3
510172,1
510173,1
510174,2
510175,2
510176,1
510177,2
510178,1
510179,2
510180,1
510181,2
510182,1
510183,2
510184,1
510185,1
510187,1
510188,1
510189,2
510190,1
510191,2
510192,2
510193,1
510195,1
510196,2
510197,1
510198,2
510199,1
510200,2
510201,2
510202,2
510203,1
510204,1
510205,2
510206,1
510207,1
510208,1
510209,2
510210,1
510211,2
510212,2
510213,2
510214,1
510215,1
510216,2
510217,2
510218,1
510219,1
510220,2
510221,2
510222,1
510223,2
510224,1
510225,1
510226,2
510227,1
510228,1
510229,1
510230,2
510231,3
510232,2
510233,4
510234,2
510235,3
510236,1
510237,1
510238,4
510239,1
510240,3
510241,1
510242,1
510243,1
510244,1
510245,1
510246,1
510247,1
510248,1
510249,3
510250,1
510251,1
510252,1
510253,3
510254,2
510255,4
510256,1
510257,1
510258,1
510259,2
510260,1
510261,1
510262,1
510263,1
510264,2
510266,1
510267,2
510268,2
510269,1
510270,1
510271,1
510272,1
510273,2
510274,1
510275,1
510276,1
510277,1
510278,2
510279,1
510280,2
510281,1
510282,1
510283,1
510284,1
510285,1
510286,1
510287,2
510288,1
510289,1
510290,2
510291,1
510292,2
510293,1
510294,2
510295,2
510296,1
510297,3
510298,2
510299,2
510300,2
510301,2
510302,1
510303,2
510304,2
510305,1
510306,2
510307,1
510308,1
510309,1
510310,1
510311,1
510312,1
510313,1
510314,1
510315,3
510316,1
510317,2
510318,2
510319,3
510320,2
510321,2
510322,2
510323,4
510324,1
510325,1
510326,1
510327,1
510328,1
510329,1
510331,1
510332,2
510335,1
510336,2
510337,1
510338,1
510339,1
510340,1
510341,1
510342,1
510343,2
510344,1
510345,1
510346,1
510347,2
510348,2
510349,2
510350,3
510351,2
510352,2
510353,1
510354,1
510355,2
510356,2
510357,2
510358,1
510359,3
510360,2
510361,1
510362,2
510363,1
510364,2
510365,1
510366,2
510367,1
510368,1
510369,2
510370,2
510371,2
510372,1
510373,2
510374,1
510375,1
510376,1
510377,1
510378,2
510379,1
510380,1
510381,1
510382,1
510383,1
510384,2
510385,2
510386,2
510387,2
510388,1
510389,2
510390,1
510391,1
510392,2
510393,2
510394,1
510395,2
510396,1
510397,2
510398,1
510399,2
510400,1
510401,2
510403,1
510404,2
510405,3
510406,1
510407,1
510408,1
510409,1
510410,1
510411,1
510412,1
510413,1
510414,1
510415,2
510416,2
510417,1
510418,1
510419,2
510420,1
510421,2
510422,1
510423,1
510424,3
510425,2
510426,2
510427,1
510428,1
510429,1
510430,1
510431,1
510432,1
510433,1
510434,2
510435,2
510436,2
510437,1
510438,1
510439,1
510440,1
510441,2
510442,1
510443,1
510444,2
510445,2
510446,2
510447,2
510448,2
510449,2
510450,1
510451,2
510452,2
510453,1
510454,1
510455,2
510456,2
510457,1
510458,1
510459,2
510460,1
510461,2
510462,1
510463,1
510464,2
510465,1
510466,1
510467,2
510468,1
510469,2
510470,2
510471,1
510472,1
510473,1
510475,1
510477,1
510478,1
510479,1
510480,1
510482,2
510483,2
510484,1
510485,1
510486,2
510487,2
510488,1
510489,1
510490,1
510491,1
510492,2
510493,1
510494,1
510495,2
510496,1
510497,2
510498,1
510499,2
510500,1
510501,2
510502,2
510503,2
510504,2
510505,1
510506,2
510507,2
510508,2
510509,1
510510,1
510511,1
510512,2
510513,3
510514,1
510515,1
510516,1
510517,1
510518,2
510519,1
510520,1
510521,8
510522,2
510523,2
510524,1
510525,1
510526,2
510527,1
510528,1
510529,2
510530,2
510531,2
510532,2
510533,1
510534,1
510535,1
510536,1
510537,1
510538,1
510539,1
510540,3
510541,1
510542,1
510543,3
510544,2
510545,1
510546,1
510547,2
510548,2
510549,1
510550,2
510551,2
510552,1
510553,2
510554,1
510555,2
510556,2
510557,1
510558,1
510560,1
510561,1
510562,1
510563,1
510564,2
510565,1
510567,1
510568,1
510570,1
510571,1
510572,1
510573,1
510574,1
510575,1
510576,1
510577,1
510578,1
510579,1
510580,1
510582,1
510583,2
510584,1
510585,1
510586,1
510587,1
510588,1
510589,2
510590,2
510591,1
510592,1
510593,2
510594,2
510595,2
510596,3
510597,2
510598,1
510599,1
510600,1
510601,2
510602,1
510603,2
510604,1
510605,5
510606,1
510607,2
510608,2
510609,1
510610,1
510611,1
510612,1
510613,1
510614,1
510615,1
510616,1
510617,2
510618,1
510619,2
510620,2
510621,2
510622,2
510623,1
510624,1
510625,1
510626,1
510627,1
510628,3
510629,1
510630,1
510631,2
510632,1
510633,1
510634,1
510635,2
510636,3
510637,1
510638,4
510639,1
510640,1
510641,3
510642,2
510643,2
510644,2
510645,3
510646,2
510647,1
510648,2
510649,1
510650,3
510651,3
510652,1
510653,2
510654,1
510655,1
510656,1
510657,1
510658,1
510659,1
510660,1
510661,2
510662,1
510664,1
510665,1
510666,1
510667,1
510669,2
510670,1
510671,1
510672,2
510673,2
510674,2
510675,2
510676,1
510677,2
510678,1
510679,5
510680,1
510681,1
510682,3
510683,1
510684,2
510685,2
510686,1
510687,1
510688,1
510689,2
510690,1
510691,2
510692,1
510693,1
510694,1
510695,1
510696,1
510697,2
510698,1
510699,2
510700,1
510701,1
510702,1
510703,1
510704,1
510705,1
510706,1
510707,2
510708,2
510709,1
510710,1
510711,1
510712,1
510713,1
510714,1
510715,1
510716,1
510717,1
510718,1
510719,2
510720,1
510721,3
510722,2
510723,2
510724,2
510725,2
510726,1
510727,1
510728,2
510729,1
510730,1
510731,2
510732,1
510733,1
510734,1
510735,2
510738,1
510739,1
510740,2
510742,1
510743,1
510744,1
510745,1
510746,1
510747,1
510748,3
510749,1
510750,2
510751,1
510752,1
510753,2
510754,1
510755,1
510756,1
510757,2
510758,1
510759,1
510760,2
510761,2
510763,1
510764,1
510765,1
510766,1
510767,1
510768,1
510769,2
510770,1
510771,2
510772,2
510773,3
510774,1
510775,2
510776,1
510777,2
510778,1
510779,2
510780,2
510781,1
510782,1
510783,2
510784,2
510785,1
510786,2
510787,1
510788,1
510789,1
510790,1
510791,1
510792,1
510793,1
510795,4
510796,1
510797,2
510798,1
510799,1
510800,2
510801,2
510802,2
510803,4
510804,2
510805,2
510806,1
510807,2
510808,1
510809,1
510810,1
510811,1
510812,2
510813,1
510814,2
510815,1
510816,1
510817,2
510818,1
510819,3
510820,1
510821,1
510823,2
510824,2
510825,1
510826,1
510827,1
510828,1
510829,1
510830,1
510831,1
510832,1
510833,2
510834,3
510835,1
510836,2
510837,2
510838,1
510839,1
510840,5
510841,1
510842,1
510843,1
510844,2
510845,3
510846,1
510847,2
510848,1
510849,2
510850,1
510851,1
510852,2
510853,1
510854,1
510855,1
510856,1
510857,1
510858,1
510859,1
510860,2
510861,3
510862,1
510863,2
510864,1
510865,1
510866,1
510867,1
510868,1
510869,1
510870,1
510871,1
510872,2
510873,1
510874,1
510875,2
510876,2
510877,2
510878,1
510879,2
510880,1
530001,1
530002,2
530005,1
530006,1
530007,1
530008,2
530009,2
530010,3
530011,1
530012,1
530013,1
530014,6
530015,2
530016,1
530017,1
530019,2
530020,1
530021,2
530022,1
530023,1
530024,1
530025,1
530026,1
530027,1
530028,1
530029,4
530030,2
530031,2
530032,2
530033,1
530034,1
530036,2
530037,1
530038,2
530039,1
530042,1
530043,2
530044,1
530045,2
530046,1
530047,2
530048,1
530049,2
530050,1
530051,1
530052,2
530053,1
530055,1
530056,1
530057,2
530058,1
530059,1
530060,1
530061,2
530062,1
530063,1
530064,1
530066,1
530067,2
530068,2
530069,2
530070,2
530071,2
530072,1
530073,1
530074,2
530075,1
530076,2
530077,2
530078,3
530079,2
530080,2
530081,2
530082,2
530083,2
530084,2
530085,1
530087,1
530088,2
530089,1
530090,2
530091,2
530093,1
530095,2
530096,2
530098,1
530099,1
530100,1
530101,2
530103,1
530104,2
530105,1
530106,1
530107,1
530108,2
530109,1
530110,1
530111,2
530112,2
530114,1
530115,1
530116,1
530117,1
530118,1
530119,1
530121,2
530122,2
530123,4
530124,1
530125,1
530126,1
530127,1
530128,1
530129,1
530130,2
530131,1
530132,2
530133,3
530134,1
530135,1
530136,2
530137,2
530138,2
530139,1
530140,1
530141,2
530142,1
530143,1
530144,1
530145,1
530146,1
530147,1
530148,2
530149,1
530150,1
530151,2
530152,1
530155,3
530158,1
530159,1
530160,1
530161,1
530162,2
530163,2
530165,1
530166,1
530167,1
530168,2
530169,1
530170,2
530174,1
530175,2
530176,1
530177,1
530178,1
530179,2
530180,2
530181,1
530182,2
530183,1
530185,1
530186,1
530187,2
530188,1
530189,1
530190,1
530191,1
530192,2
530193,1
530194,1
530195,2
530196,1
530198,2
530199,1
530200,3
530201,2
530202,1
530203,1
530204,1
530205,1
530206,2
530207,1
530208,2
530209,2
530210,2
530211,1
530212,1
530213,1
530214,1
530215,3
530216,2
530217,2
530218,2
530219,2
530220,3
530221,2
530222,1
530223,3
530224,1
530226,1
530227,3
530229,2
530230,1
530231,3
530232,2
530233,2
530234,1
530235,1
530236,1
530237,1
530238,2
530240,1
530241,1
530242,1
530243,2
530244,2
530245,1
530246,1
530247,2
530248,2
530249,1
530250,1
530251,1
530252,2
530253,1
530254,1
530255,1
530256,1
530257,1
530258,1
530259,2
530260,2
530261,2
530262,1
530263,2
530264,1
530265,1
530266,1
530267,1
530268,1
530269,4
530270,1
530271,2
530273,1
530274,2
530275,2
530276,1
530277,1
530278,2
530279,2
530280,2
530281,2
530282,1
530283,1
530284,2
530285,1
530286,2
530287,2
530288,1
530289,1
530290,2
530291,1
530292,2
530293,1
530294,1
530295,1
530296,1
530297,1
530298,1
530299,1
530302,1
530303,2
530304,1
530305,1
530306,2
530307,2
530308,2
530309,1
530310,2
530311,1
530312,1
530313,2
530314,2
530315,1
530316,2
530317,1
530318,2
530319,1
530320,1
530322,1
530323,4
530324,2
530325,2
530326,1
530327,2
530328,1
530329,1
530330,1
530332,3
530333,2
530335,1
530336,2
530337,2
530338,1
530339,4
530340,1
530341,1
530342,1
530343,1
530344,1
530345,2
530346,1
530347,2
530348,3
530349,2
530350,1
530351,2
530352,2
530353,2
530354,2
530356,1
530357,1
530358,1
530359,2
530360,2
530361,1
530362,1
530363,2
530364,1
530365,1
530366,2
530367,1
530368,2
530369,1
530370,1
530371,2
530372,1
530373,2
530374,2
530375,2
530376,1
530378,1
530379,1
530380,1
530381,1
530382,2
530383,1
530384,2
530385,1
530386,1
530387,2
530388,2
530389,2
530390,1
530391,1
530392,1
530393,3
530394,2
530395,2
530396,2
530397,3
530398,2
530399,1
530400,3
530401,1
530402,2
530403,1
530404,3
530405,2
530406,2
530408,1
530409,2
530410,1
530411,2
530412,1
530413,1
530414,5
530415,1
530416,1
530417,1
530418,1
530419,1
530420,2
530421,2
530422,2
530423,4
530424,1
530425,2
530426,1
530427,1
530428,2
530429,1
530430,1
530431,2
530432,4
530433,2
530434,2
530435,1
530436,1
530437,3
530438,1
530439,1
530440,1
530441,2
530442,1
530443,1
530444,3
530445,1
530446,1
530447,1
530448,2
530449,1
530450,2
530451,1
530452,2
530453,1
530456,2
530457,1
530458,2
530459,3
530460,2
530461,2
530462,1
530463,1
530464,1
530465,1
530466,1
530467,1
530468,1
530469,1
530470,2
530471,1
530472,2
530473,1
530474,2
530475,2
530476,2
530477,1
530478,1
530479,1
530480,1
530481,1
530482,1
530483,1
530484,2
530485,1
530486,1
530487,2
530489,1
530491,2
530492,1
530493,1
530494,2
530495,2
530496,1
530498,2
530499,2
530500,1
530501,1
530502,1
530503,2
530504,2
530505,1
530506,1
530507,1
530508,2
530509,1
530510,1
530511,1
530512,2
530514,3
530515,1
530516,2
530517,2
530518,1
530519,2
530520,1
530521,2
530522,2
530523,2
530524,1
530525,2
530526,1
530527,1
530529,3
530532,2
530533,2
530534,1
530535,3
530536,2
530537,1
530538,2
530539,1
530540,5
530541,1
530542,1
530543,1
530544,1
530546,3
530547,2
530548,2
530549,1
530550,1
530551,1
530552,1
530553,1
530554,1
530555,1
530556,1
530557,2
530558,2
530559,2
530562,1
530563,2
530564,2
530565,1
530566,2
530567,2
530568,1
530569,2
530570,1
530571,1
530572,1
530573,1
530574,2
530575,1
530576,1
530577,1
530578,1
530579,2
530580,1
530581,1
530582,1
530583,1
530584,1
530585,1
530586,1
530587,2
530588,1
530589,1
530590,1
530591,2
530592,1
530593,1
530594,1
530595,5
530596,2
530597,1
530598,1
530599,1
530600,3
530601,2
530602,1
530603,2
530604,2
530605,1
530606,1
530607,2
530608,1
530611,3
530612,1
530613,1
530614,1
530615,1
530616,1
530617,2
530618,2
530619,1
530620,2
530621,1
530622,1
530623,1
530624,1
530625,1
530626,2
530627,2
530628,1
530629,4
530630,1
530631,3
530632,2
530633,1
530634,1
530635,1
530636,2
530637,1
530638,1
530639,2
530640,1
530641,1
530642,1
530643,1
530644,2
530646,2
530647,1
530648,2
530649,2
530650,1
530651,2
530652,1
530653,1
530654,1
530655,1
530656,1
530657,1
530658,2
530659,2
530660,2
530661,1
530662,2
530663,1
530664,2
530665,2
530666,1
530667,1
530668,1
530669,1
530670,1
530671,1
530672,2
530673,1
530674,1
530675,1
530676,2
530677,1
530678,1
530679,2
530680,2
530681,3
530682,1
530683,2
530684,1
530686,1
530687,1
530688,1
530689,1
530690,2
530691,1
530692,2
530693,2
530694,4
530695,1
530696,1
530697,2
530699,1
530700,2
530701,2
530702,2
530703,1
530704,2
530705,1
530706,1
530707,1
530708,1
530709,2
530710,4
530712,1
530713,1
530714,2
530715,1
530716,1
530717,1
530718,1
530719,2
530720,3
530721,1
530722,1
530723,1
530724,1
530725,1
530726,1
530727,2
530728,1
530730,2
530731,1
530732,2
530734,2
530735,2
530736,2
530737,1
530738,3
530739,1
530740,1
530741,1
530742,1
530743,1
530744,1
530746,1
530747,1
530748,2
530750,1
530751,3
530752,2
530753,1
530754,1
530755,1
530756,1
530757,1
530758,2
530759,1
530760,1
530761,1
530762,2
530763,2
530766,1
530767,1
530768,1
530769,1
530770,1
530771,2
530772,2
530773,4
530774,1
530775,1
530776,1
530777,1
530779,1
530780,1
530781,1
530782,1
530783,1
530784,1
530785,1
530786,1
530787,1
530788,1
530789,1
530790,1
530791,1
530793,1
530794,1
530797,1
540001,3
540002,2
540003,1
540004,2
540005,1
540006,1
540007,1
540008,1
540009,2
540010,1
540011,2
540012,1
540013,1
540014,1
540015,1
540016,2
540017,1
540018,2
540019,1
540020,1
540021,2
540022,1
540023,2
540024,1
540025,2
540026,1
540027,2
540028,1
540029,1
540030,1
540031,1
540032,2
540033,2
540034,1
540035,2
540036,1
540037,2
540038,1
540039,1
540040,1
540041,2
540042,3
540043,2
540044,4
540045,2
540046,2
540047,3
540048,1
540049,1
540050,1
540051,1
540052,3
540053,2
540054,2
540055,1
540056,1
540057,2
540058,1
540059,1
540060,3
540061,2
540062,1
540063,1
540064,1
540065,2
540066,4
540067,1
540069,1
540070,1
540071,1
540072,2
540073,2
540074,2
540075,2
540076,2
540077,1
540078,2
540079,2
540080,3
540081,1
540082,2
540083,1
540084,2
540085,1
540086,2
540087,1
540088,2
540089,1
540090,2
540091,1
540092,2
540093,1
540094,1
540095,1
540096,3
540097,1
540098,1
540099,2
540100,1
540101,1
540102,2
540103,2
540104,2
540105,1
540106,1
540107,2
540108,1
540109,1
540110,1
540111,3
540112,3
540113,1
540114,1
540115,1
540116,2
540117,1
540118,2
540119,1
540120,1
540121,3
540122,1
540123,1
540124,1
540125,2
540126,2
540127,2
540128,1
540129,1
540130,1
540131,1
540132,1
540133,1
540134,1
540135,2
540136,2
540137,2
540138,1
540139,1
540140,1
540141,2
540142,3
540143,1
540144,1
540145,1
540146,4
540147,2
540148,1
540149,2
540150,1
540151,1
540152,2
540153,2
540154,2
540155,1
540156,3
540157,1
540158,2
540159,2
540160,1
540161,2
540162,2
540163,2
540164,1
540165,2
540166,2
540167,3
540168,1
540169,2
540170,1
540171,2
540172,2
540173,1
540174,2
540175,1
540176,1
540177,1
540178,1
540179,2
540180,2
540181,2
540182,2
540183,1
540184,1
540185,2
540186,2
540187,1
540188,2
540189,1
540190,2
540191,1
540192,1
540193,2
540194,1
540195,1
540196,2
540197,2
540198,1
540199,2
540200,1
540201,3
540202,1
540203,2
540204,1
540205,1
540206,1
540207,1
540208,2
540209,1
540210,2
540211,2
540212,2
540213,1
540214,2
540215,1
540216,2
540217,3
540218,4
540219,1
540220,2
540221,1
540222,2
540223,1
540224,1
540225,1
540226,1
540227,1
540228,1
540229,2
540230,1
540231,1
540232,4
540233,2
540234,1
550001,1
550002,1
550003,2
550005,3
550006,1
550007,1
550008,1
550009,1
550010,2
550011,2
550012,2
550013,1
550014,1
550015,1
550016,3
550017,2
550018,1
550019,1
550020,2
550021,3
550022,2
550023,1
550024,1
550025,1
550026,1
550027,2
550028,3
550029,2
550030,2
550031,2
550032,2
550033,1
550034,1
550035,1
550036,2
550037,1
550038,3
550039,2
550040,2
550041,2
550042,2
550043,2
550044,1
550045,2
550046,2
550047,1
550048,2
550049,2
550050,3
550051,2
550052,2
550053,2
550054,1
550055,2
550056,1
550057,2
550058,1
550059,3
550060,1
550061,1
550062,2
550063,2
550064,1
550065,2
550066,1
550067,2
550068,1
550069,2
550070,2
550072,1
550073,1
550074,2
550075,1
550076,1
550077,2
550078,2
550079,1
550080,1
550081,1
550082,1
550083,1
550084,1
550085,3
550086,3
550087,1
550088,1
550089,1
550090,1
550091,2
550092,1
550093,1
550094,2
550095,2
550096,1
550097,1
550098,1
550099,2
550100,1
550101,1
550102,2
550103,1
550104,2
550105,2
550106,1
550107,1
550108,3
550109,2
550110,1
550111,2
550112,1
550113,1
550114,1
550115,2
550116,2
550117,1
550118,1
550119,2
550120,2
550121,1
550122,2
550123,1
550124,2
550125,1
550126,1
550127,2
550128,2
550129,1
550130,2
550131,2
550132,1
550134,1
550135,1
550136,2
550137,2
550138,1
550139,3
550140,1
550141,1
550142,2
550143,2
550144,2
550145,2
550146,2
550147,1
550148,1
550149,2
550150,1
550151,1
550152,1
550153,1
550154,1
550155,1
550156,2
550157,2
550158,2
550159,2
550160,1
550161,2
550162,2
550163,1
550164,1
550165,1
550167,1
550168,1
550169,1
550170,2
550171,1
550172,2
550173,1
550174,2
550175,2
550176,1
550177,1
550178,2
550179,1
550180,2
550181,1
550182,2
550183,1
550184,1
550185,1
550186,1
550187,2
550188,1
550189,2
550190,1
550191,1
550192,2
550193,2
550194,2
550195,2
550196,1
550197,1
550198,1
550199,1
550200,1
550201,1
550202,1
550203,1
550204,3
550205,2
550206,3
550207,1
550208,2
550209,1
550210,1
550211,2
550212,1
550213,1
550214,2
550215,2
550216,2
550217,2
550218,2
550219,2
550220,2
550221,1
550222,2
550223,1
550224,2
550225,1
550226,2
550228,2
550229,1
550230,1
550231,1
550232,1
550233,2
550234,1
550235,3
550236,1
550237,2
550238,1
550239,1
550240,2
550241,2
550242,1
550243,1
550244,2
550245,1
550246,1
550247,1
550248,1
550249,2
550250,1
550251,2
550253,1
550255,1
550256,1
550257,2
550258,2
550259,2
550260,2
550261,1
550262,2
550263,1
550264,1
550265,2
550266,2
550267,1
550268,2
550269,2
550270,2
550271,1
550272,2
550273,2
550274,1
550275,2
550276,1
550277,1
550278,1
550279,2
550280,1
550281,1
550282,1
550283,2
550284,1
550285,2
550286,3
550287,1
550288,1
550290,1
550291,1
550292,1
550293,3
550294,2
550295,1
550296,1
550297,2
550298,1
550299,1
550300,1
550301,2
550302,2
550303,1
550304,1
550305,3
550306,2
550307,2
550308,2
550309,2
550310,1
550311,2
550312,1
550313,2
550314,1
550315,2
550316,1
550317,1
550318,1
550319,2
550320,1
550321,1
550322,2
550323,2
550324,1
550325,1
550326,2
550327,1
550328,1
550329,1
550330,1
550331,1
550332,1
550333,3
550335,2
550337,1
550338,1
550339,2
550340,2
550341,3
550342,1
550343,2
550344,2
550345,1
550346,1
550347,1
550348,2
550349,2
550350,3
550351,1
550352,1
550353,1
550354,1
550355,1
550356,1
550357,1
550358,2
550359,1
550360,1
550361,3
550362,2
550363,2
550364,2
550365,2
550366,3
550367,1
550368,1
550369,1
550370,1
550371,2
550372,1
550373,1
550374,1
550375,2
550376,2
550377,1
550378,2
550379,1
550380,1
550381,2
550382,2
550384,2
550385,2
550386,2
550387,1
550388,2
550389,1
550390,1
550391,1
550392,1
550393,1
550394,2
550395,2
550396,3
550397,2
550398,2
550399,1
550400,1
550401,2
550402,2
550403,3
550404,2
550405,2
550407,1
550408,1
550409,1
550410,1
550411,1
550412,1
550413,7
550414,1
550416,1
550417,2
550418,1
550419,2
550422,1
550423,3
550424,1
550425,2
550426,2
550427,1
550428,2
550429,2
550430,2
550431,1
550432,2
550433,2
550434,5
550435,2
550436,1
550437,1
550438,2
550439,1
550440,1
550441,2
550442,2
550443,1
550444,1
550445,2
550446,1
550447,1
550448,1
550449,1
550450,1
550451,2
550452,2
550454,2
550455,4
550456,3
550457,1
550458,1
550459,1
550460,1
550461,1
550462,1
550463,2
550464,1
550465,1
550466,2
550467,2
550468,2
550469,1
550470,1
550471,1
550472,1
550473,1
550474,2
550476,2
550477,1
550478,1
550479,3
550480,1
550481,1
550482,3
550483,1
550484,2
550485,2
550486,2
550487,2
550488,1
550489,1
550490,2
550491,1
550492,1
550493,1
550494,1
550495,2
550496,1
550497,2
550498,2
550499,2
550500,1
550501,2
550502,2
550504,2
550505,1
550506,2
550507,1
550508,2
550509,1
550510,2
550511,2
550512,2
550513,2
550514,2
550515,3
550516,1
550517,1
550518,1
550519,3
550520,2
550521,1
550522,2
550523,1
550524,2
550525,1
550526,1
550527,1
550528,2
550529,1
550530,1
550531,1
550533,2
550534,1
550535,1
550536,1
550537,1
550538,1
550539,1
550540,1
550541,1
550542,1
550543,1
550545,1
550546,1
550547,1
550548,1
550549,1
550550,1
550551,1
550552,1
550553,1
560001,2
560002,2
560003,2
560004,2
560005,1
560006,1
560007,5
560008,4
560009,2
560010,1
560011,3
560012,1
560013,1
560014,2
560015,1
560016,2
560017,1
560018,2
560019,2
560020,2
560021,2
560022,2
560023,2
560024,2
560025,1
560026,1
560027,1
560028,3
560029,1
560030,1
560031,1
560032,1
560033,1
560034,2
560035,2
560036,2
560037,2
560038,1
560039,2
560040,1
560041,1
560042,3
560043,2
560044,1
560045,1
560046,1
560047,1
560048,1
560049,1
560050,3
560051,1
560052,1
560053,1
560054,2
560055,2
560056,1
560057,2
560058,1
560059,1
560060,2
560061,1
560062,2
560063,1
560064,2
560065,1
560066,1
560067,1
560068,2
560069,1
560070,1
560071,1
560072,2
560073,1
560074,1
560075,1
560076,1
560077,2
560078,1
560079,1
560080,1
560081,2
560082,2
560083,2
560084,1
560085,1
560086,1
560087,2
560088,1
560089,1
560090,1
560091,1
560092,1
560093,2
560094,1
560095,1
560096,1
560097,1
560098,1
560099,1
560100,1
560101,2
560102,1
560103,1
560104,1
560105,1
560106,1
560107,1
560108,1
560109,1
560110,2
560111,1
560112,1
560113,2
560114,1
560115,1
560116,1
560117,5
560118,1
560119,1
560120,2
560121,1
